kan_name,kou_name,moku_name,setsu_layer1_name,setsu_layer2_name,setsumei_layer1_name,setsumei_layer2_name,setsumei_layer3_name,amount_2025,amount_2026
議会費,,,,,,,,499446,488451
議会費,議会費,,,,,,,499446,488451
議会費,議会費,議会費,,,,,,499446,488451
議会費,議会費,議会費,報酬,,,,,205923,205920
議会費,議会費,議会費,給料,,,,,50061,49604
議会費,議会費,議会費,職員手当等当,,,,,127291,126760
議会費,議会費,議会費,職員手当等当,管理職手当,,,,1925,1925
議会費,議会費,議会費,職員手当等当,扶養手当,,,,2244,1318
議会費,議会費,議会費,職員手当等当,地域手当,,,,1627,2119
議会費,議会費,議会費,職員手当等当,住居手当,,,,336,291
議会費,議会費,議会費,職員手当等当,通勤手当,,,,1119,1319
議会費,議会費,議会費,職員手当等当,時間外勤務手,,,,3000,2000
議会費,議会費,議会費,職員手当等当,休日勤務手当,,,,50,50
議会費,議会費,議会費,職員手当等当,期末手当,,,,12321,12061
議会費,議会費,議会費,職員手当等当,勤勉手当,,,,9945,9924
議会費,議会費,議会費,職員手当等当,議員期末手当,,,,94724,95753
議会費,議会費,議会費,共済費,,,,,72581,66595
議会費,議会費,議会費,報償費,,,,,190,190
議会費,議会費,議会費,旅費,,,,,3429,3446
議会費,議会費,議会費,旅費,費用弁償,,,,2564,2607
議会費,議会費,議会費,旅費,普通旅費,,,,10,9
議会費,議会費,議会費,旅費,特別旅費,,,,855,830
議会費,議会費,議会費,交際費,,,,,180,180
議会費,議会費,議会費,需用費,,,,,6943,6264
議会費,議会費,議会費,需用費,消耗品費,,,,711,732
議会費,議会費,議会費,需用費,食糧費,,,,80,80
議会費,議会費,議会費,需用費,印刷製本費,,,,6152,5452
議会費,議会費,議会費,役務費,,,,,2009,2219
議会費,議会費,議会費,役務費,通信運搬費,,,,1671,1920
議会費,議会費,議会費,役務費,広告料,,,,264,264
議会費,議会費,議会費,役務費,手数料,,,,49,35
議会費,議会費,議会費,役務費,保険料,,,,25,0
議会費,議会費,議会費,委託料,,,,,7028,7610
議会費,議会費,議会費,使用料及び賃借料,,,,,5414,5407
議会費,議会費,議会費,備品購入費,,,,,4443,229
議会費,議会費,議会費,負担金、補助及び交付金,,,,,13924,14027
議会費,議会費,議会費,負担金、補助及び交付金,負担金,,,,1636,1739
議会費,議会費,議会費,負担金、補助及び交付金,交付金,,,,12288,12288
議会費,議会費,議会費,公課費,,,,,30,0
議会費,議会費,議会費,,,給与費,,,455856,448879
議会費,議会費,議会費,,,給与費,市議会議員　３２人,,355394,352146
議会費,議会費,議会費,,,給与費,一般職　１２人,,100462,0
議会費,議会費,議会費,,,議会活動費,,,43031,38853
議会費,議会費,議会費,,,議会活動費,議会人事管理事業費,,444,442
議会費,議会費,議会費,,,議会活動費,議会人事管理事業費,市議会議員共済会事務負担金,416,416
議会費,議会費,議会費,,,議会活動費,議事運営事業費,,17150,18183
議会費,議会費,議会費,,,議会活動費,議事運営事業費,本会議及び各委員会等運営,,
議会費,議会費,議会費,,,議会活動費,議事運営事業費,各委員会等行政視察,,
議会費,議会費,議会費,,,議会活動費,議事運営事業費,ペーパーレス会議等対応,,
議会費,議会費,議会費,,,議会活動費,議事運営事業費,議場音響・映像設備運用管理,,
議会費,議会費,議会費,,,議会活動費,議事運営事業費,全員協議会室及び委員会室,,
議会費,議会費,議会費,,,議会活動費,議会渉外事業費,,6193,1806
議会費,議会費,議会費,,,議会活動費,議会渉外事業費,議長車更新,,0
議会費,議会費,議会費,,,議会活動費,議会渉外事業費,全国市議会議長会負担金,925,925
議会費,議会費,議会費,,,議会活動費,議会渉外事業費,県市議会議長会負担金,53,107
議会費,議会費,議会費,,,議会活動費,議会渉外事業費,全国自治体病院経営都市議会協議会,18,18
議会費,議会費,議会費,,,議会活動費,議会渉外事業費,全国高速自動車道市議会協議会負担金,20,20
議会費,議会費,議会費,,,議会活動費,議会渉外事業費,会議、研修会出席者負担金,151,151
議会費,議会費,議会費,,,議会活動費,議員調査活動事業費,,13150,13140
議会費,議会費,議会費,,,議会活動費,議員調査活動事業費,政務活動費交付金,12288,12288
議会費,議会費,議会費,,,議会活動費,議会広報事業費,,6094,5282
議会費,議会費,議会費,,,議会活動費,議会広報事業費,議会だより発行,,
議会費,議会費,議会費,,,議会事務局運営費,,,559,719
議会費,議会費,議会費,,,議会事務局運営費,議会事務局運営費,,559,719
議会費,議会費,議会費,,,議会事務局運営費,議会事務局運営費,会議、研修会出席者負担金,53,58
総務費,,,,,,,,9851001,9616154
総務費,総務管理費,,,,,,,8032062,7848456
総務費,総務管理費,一般管理費,,,,,,2240363,2194678
総務費,総務管理費,一般管理費,給料,,,,,806031,829876
総務費,総務管理費,一般管理費,職員手当等当,,,,,752856,1074874
総務費,総務管理費,一般管理費,職員手当等当,管理職手当,,,,20920,19847
総務費,総務管理費,一般管理費,職員手当等当,扶養手当,,,,25232,25908
総務費,総務管理費,一般管理費,職員手当等当,地域手当,,,,25314,34512
総務費,総務管理費,一般管理費,職員手当等当,住居手当,,,,8666,9888
総務費,総務管理費,一般管理費,職員手当等当,通勤手当,,,,17034,16732
総務費,総務管理費,一般管理費,職員手当等当,時間外勤務手,,,,84078,83000
総務費,総務管理費,一般管理費,職員手当等当,休日勤務手当,,,,1800,1800
総務費,総務管理費,一般管理費,職員手当等当,期末手当,,,,200870,209847
総務費,総務管理費,一般管理費,職員手当等当,勤勉手当,,,,149784,159077
総務費,総務管理費,一般管理費,職員手当等当,退職手当,,,,76016,378293
総務費,総務管理費,一般管理費,職員手当等当,児童手当,,,,142710,135970
総務費,総務管理費,一般管理費,職員手当等当,単身赴任手当,,,,432,0
総務費,総務管理費,一般管理費,共済費,,,,,270090,276350
総務費,総務管理費,一般管理費,旅費,,,,,1257,1212
総務費,総務管理費,一般管理費,旅費,普通旅費,,,,292,221
総務費,総務管理費,一般管理費,旅費,特別旅費,,,,965,991
総務費,総務管理費,一般管理費,需用費,,,,,1329,1379
総務費,総務管理費,一般管理費,需用費,消耗品費,,,,1129,1139
総務費,総務管理費,一般管理費,需用費,食糧費,,,,5,5
総務費,総務管理費,一般管理費,需用費,印刷製本費,,,,195,235
総務費,総務管理費,一般管理費,役務費,,,,,2986,3289
総務費,総務管理費,一般管理費,役務費,手数料,,,,5,3
総務費,総務管理費,一般管理費,役務費,保険料,,,,2981,3286
総務費,総務管理費,一般管理費,使用料及び賃借料,,,,,100,100
総務費,総務管理費,一般管理費,備品購入費,,,,,220,0
総務費,総務管理費,一般管理費,負担金、補助及び交付金,,,,,2458,2542
総務費,総務管理費,一般管理費,負担金、補助及び交付金,負担金,,,,2458,2542
総務費,総務管理費,一般管理費,積立金,,,,,403036,5056
総務費,総務管理費,一般管理費,,,給与費,,,1828977,2181100
総務費,総務管理費,一般管理費,,,給与費,特別職　３人,,109128,51774
総務費,総務管理費,一般管理費,,,給与費,一般職　１７８人,,1719849,0
総務費,総務管理費,一般管理費,,,職員退職手当基金積立費,,,403036,5056
総務費,総務管理費,一般管理費,,,職員退職手当基金積立費,職員退職手当基金積立事業費,,403036,5056
総務費,総務管理費,一般管理費,,,職員退職手当基金積立費,職員退職手当基金積立事業費,職員退職手当基金積立金,,
総務費,総務管理費,一般管理費,,,一般管理費,,,2984,3289
総務費,総務管理費,一般管理費,,,一般管理費,市民総合賠償補償保険費,,2984,3289
総務費,総務管理費,一般管理費,,,一般管理費,市民総合賠償補償保険費,塡補限度額,,
総務費,総務管理費,一般管理費,,,1事故　1千万円　年間　3千万円,,,,
総務費,総務管理費,一般管理費,,,1事故　1千万円　年間　3千万円,サイバーリスクによる損害賠償　　 2億円,,,
総務費,総務管理費,一般管理費,,,1事故　1千万円　年間　3千万円,サイバーリスクによる対応費用,,,
総務費,総務管理費,一般管理費,,,1事故　年間　3千万円,,,,
総務費,総務管理費,一般管理費,,,秘書事務費,,,5366,5233
総務費,総務管理費,一般管理費,,,秘書事務費,秘書事務費,,5366,5233
総務費,総務管理費,一般管理費,,,秘書事務費,秘書事務費,一般秘書事務経費,,
総務費,総務管理費,一般管理費,,,秘書事務費,秘書事務費,全国市長会分担金,915,915
総務費,総務管理費,一般管理費,,,秘書事務費,秘書事務費,県市長会分担金,999,999
総務費,総務管理費,一般管理費,,,秘書事務費,秘書事務費,県市政事務研究会分担金,139,185
総務費,総務管理費,一般管理費,,,秘書事務費,秘書事務費,サンフロント２１懇話会負担金,10,10
総務費,総務管理費,一般管理費,,,秘書事務費,秘書事務費,第１４０回東海市長会通常総会負担金,10,0
総務費,総務管理費,一般管理費,,,秘書事務費,秘書事務費,第１４１回東海市長会通常総会負担金,10,0
総務費,総務管理費,一般管理費,,,秘書事務費,秘書事務費,９月県定例市長会議負担金,30,30
総務費,総務管理費,一般管理費,,,秘書事務費,秘書事務費,県市政事務研究会県外都市行政調査,40,60
総務費,総務管理費,一般管理費,,,秘書事務費,秘書事務費,県東部市長会議負担金,60,60
総務費,総務管理費,一般管理費,,,秘書事務費,秘書事務費,県東部副市長会議負担金,30,48
総務費,総務管理費,一般管理費,,,秘書事務費,秘書事務費,全国都市問題会議負担金,20,20
総務費,総務管理費,一般管理費,,,秘書事務費,秘書事務費,県防衛協会負担金,10,10
総務費,総務管理費,一般管理費,,,秘書事務費,秘書事務費,その他諸会議出席者等負担金,185,185
総務費,総務管理費,人事管理費,,,,,,201504,205720
総務費,総務管理費,人事管理費,報酬,,,,,51528,56783
総務費,総務管理費,人事管理費,職員手当等,,,,,11889,12992
総務費,総務管理費,人事管理費,職員手当等,期末手当,,,,10249,11120
総務費,総務管理費,人事管理費,職員手当等,勤勉手当,,,,1640,1872
総務費,総務管理費,人事管理費,共済費,,,,,50791,51832
総務費,総務管理費,人事管理費,災害補償費,,,,,50,50
総務費,総務管理費,人事管理費,報償費,,,,,8371,9540
総務費,総務管理費,人事管理費,旅費,,,,,4847,3906
総務費,総務管理費,人事管理費,旅費,費用弁償,,,,2388,2444
総務費,総務管理費,人事管理費,旅費,普通旅費,,,,1257,505
総務費,総務管理費,人事管理費,旅費,特別旅費,,,,1202,957
総務費,総務管理費,人事管理費,需用費,,,,,5821,6022
総務費,総務管理費,人事管理費,需用費,消耗品費,,,,4958,5134
総務費,総務管理費,人事管理費,需用費,燃料費,,,,5,0
総務費,総務管理費,人事管理費,需用費,食糧費,,,,90,42
総務費,総務管理費,人事管理費,需用費,印刷製本費,,,,728,813
総務費,総務管理費,人事管理費,需用費,医薬材料費,,,,40,33
総務費,総務管理費,人事管理費,役務費,,,,,740,556
総務費,総務管理費,人事管理費,役務費,広告料,,,,440,447
総務費,総務管理費,人事管理費,役務費,手数料,,,,227,31
総務費,総務管理費,人事管理費,役務費,筆耕翻訳料,,,,10,0
総務費,総務管理費,人事管理費,役務費,保険料,,,,63,78
総務費,総務管理費,人事管理費,委託料,,,,,53943,55694
総務費,総務管理費,人事管理費,使用料及び賃借料,,,,,5885,2110
総務費,総務管理費,人事管理費,負担金、補助及び交付金,,,,,7639,5846
総務費,総務管理費,人事管理費,負担金、補助及び交付金,負担金,,,,5209,3566
総務費,総務管理費,人事管理費,負担金、補助及び交付金,補助金,,,,2430,2280
総務費,総務管理費,人事管理費,,,給与費,,,116594,124049
総務費,総務管理費,人事管理費,,,給与費,公務災害補償等認定委員会委員　４人,,40,0
総務費,総務管理費,人事管理費,,,給与費,公務災害補償等審査会委員　２人,,20,20
総務費,総務管理費,人事管理費,,,給与費,パートタイム会計年度任用職員,,116534,123791
総務費,総務管理費,人事管理費,,,職員管理費,,,11613,7594
総務費,総務管理費,人事管理費,,,職員管理費,職員採用試験費,,3422,3553
総務費,総務管理費,人事管理費,,,職員管理費,職員採用試験費,受験予想人員　620人,,0
総務費,総務管理費,人事管理費,,,職員管理費,その他職員管理費,,8191,4041
総務費,総務管理費,人事管理費,,,職員管理費,その他職員管理費,会議、研修会出席者負担金,136,136
総務費,総務管理費,人事管理費,,,人材育成費,,,15091,14131
総務費,総務管理費,人事管理費,,,人材育成費,人材育成事業費,,15091,14131
総務費,総務管理費,人事管理費,,,人材育成費,人材育成事業費,基本研修、専門研修、派遣研修、自主研修,,
総務費,総務管理費,人事管理費,,,人材育成費,人材育成事業費,自己啓発活動助成金,400,400
総務費,総務管理費,人事管理費,,,人材育成費,人材育成事業費,自主研究グループ活動助成金,100,100
総務費,総務管理費,人事管理費,,,人材育成費,人材育成事業費,職員資格取得等助成金,200,200
総務費,総務管理費,人事管理費,,,人材育成費,人材育成事業費,日本経営協会負担金,50,50
総務費,総務管理費,人事管理費,,,人材育成費,人材育成事業費,県市職員研修協議会負担金,8,8
総務費,総務管理費,人事管理費,,,人材育成費,人材育成事業費,ｅラーニング事業者負担金,396,0
総務費,総務管理費,人事管理費,,,人材育成費,人材育成事業費,土木技術職員育成研修参加者負担金,3427,2520
総務費,総務管理費,人事管理費,,,人材育成費,人材育成事業費,会議、研修会出席者負担金,967,627
総務費,総務管理費,人事管理費,,,職員厚生費,,,58206,59946
総務費,総務管理費,人事管理費,,,職員厚生費,健康管理費,,52324,54034
総務費,総務管理費,人事管理費,,,職員厚生費,健康管理費,定期健康診断、健康相談,,
総務費,総務管理費,人事管理費,,,職員厚生費,健康管理費,人間ドック・脳ドック,,
総務費,総務管理費,人事管理費,,,職員厚生費,健康管理費,職員インフルエンザ予防接種補助金,1100,1000
総務費,総務管理費,人事管理費,,,職員厚生費,健康管理費,県保健師会負担金,3,3
総務費,総務管理費,人事管理費,,,職員厚生費,安全衛生管理費,,269,270
総務費,総務管理費,人事管理費,,,職員厚生費,安全衛生管理費,衛生管理者資格取得経費等,,
総務費,総務管理費,人事管理費,,,職員厚生費,安全衛生管理費,会議、研修会出席者負担金,37,37
総務費,総務管理費,人事管理費,,,職員厚生費,被服貸与費,,3600,3700
総務費,総務管理費,人事管理費,,,職員厚生費,職員福利厚生事業費,,2013,1942
総務費,総務管理費,人事管理費,,,職員厚生費,職員福利厚生事業費,公務災害等補償経費,,
総務費,総務管理費,人事管理費,,,職員厚生費,職員福利厚生事業費,スポーツ大会等経費,,
総務費,総務管理費,人事管理費,,,職員厚生費,職員福利厚生事業費,職員登録クラブ助成金,630,580
総務費,総務管理費,人事管理費,,,職員厚生費,職員福利厚生事業費,県都市職員福利厚生連絡会負担金,150,150
総務費,総務管理費,人事管理費,,,職員厚生費,職員福利厚生事業費,富士社会保険協会負担金,35,35
総務費,総務管理費,文書費,,,,,,67403,69625
総務費,総務管理費,文書費,報酬,,,,,6585,7038
総務費,総務管理費,文書費,職員手当等,,,,,1490,1682
総務費,総務管理費,文書費,職員手当等,期末手当,,,,1284,1439
総務費,総務管理費,文書費,職員手当等,勤勉手当,,,,206,243
総務費,総務管理費,文書費,共済費,,,,,1287,1395
総務費,総務管理費,文書費,旅費,,,,,268,251
総務費,総務管理費,文書費,旅費,費用弁償,,,,233,233
総務費,総務管理費,文書費,旅費,普通旅費,,,,35,18
総務費,総務管理費,文書費,需用費,,,,,11041,11341
総務費,総務管理費,文書費,需用費,消耗品費,,,,4960,5098
総務費,総務管理費,文書費,需用費,食糧費,,,,3,3
総務費,総務管理費,文書費,需用費,印刷製本費,,,,5951,6113
総務費,総務管理費,文書費,需用費,光熱水費,,,,17,17
総務費,総務管理費,文書費,需用費,修繕料,,,,110,110
総務費,総務管理費,文書費,役務費,,,,,32925,31208
総務費,総務管理費,文書費,役務費,通信運搬費,,,,28048,27062
総務費,総務管理費,文書費,役務費,保管料,,,,3017,3265
総務費,総務管理費,文書費,役務費,手数料,,,,1860,881
総務費,総務管理費,文書費,委託料,,,,,7406,8625
総務費,総務管理費,文書費,使用料及び賃借料,,,,,6194,7880
総務費,総務管理費,文書費,備品購入費,,,,,96,94
総務費,総務管理費,文書費,負担金、補助及び交付金,,,,,111,111
総務費,総務管理費,文書費,負担金、補助及び交付金,負担金,,,,111,111
総務費,総務管理費,文書費,,,給与費,,,9582,10335
総務費,総務管理費,文書費,,,給与費,情報公開審査会委員　５人,,50,50
総務費,総務管理費,文書費,,,給与費,個人情報保護審査会委員　５人,,50,50
総務費,総務管理費,文書費,,,給与費,行政不服審査会委員　５人,,50,50
総務費,総務管理費,文書費,,,給与費,パートタイム会計年度任用職員,,9432,10185
総務費,総務管理費,文書費,,,行政管理費,,,5479,5637
総務費,総務管理費,文書費,,,行政管理費,例規管理費,,5320,5478
総務費,総務管理費,文書費,,,行政管理費,例規管理費,例規集（電子データ）更新,,
総務費,総務管理費,文書費,,,行政管理費,例規管理費,顧問弁護士委託,,
総務費,総務管理費,文書費,,,行政管理費,例規管理費,会議、研修会出席者負担金,37,37
総務費,総務管理費,文書費,,,行政管理費,行政不服審査費,,159,159
総務費,総務管理費,文書費,,,行政管理費,行政不服審査費,行政不服審査に係る事務的経費,,
総務費,総務管理費,文書費,,,行政管理費,行政不服審査費,会議、研修会出席者負担金,37,37
総務費,総務管理費,文書費,,,文書管理費,,,52342,53653
総務費,総務管理費,文書費,,,文書管理費,庁内印刷費,,12690,14662
総務費,総務管理費,文書費,,,文書管理費,ファイリングシステム管理費,,4684,4767
総務費,総務管理費,文書費,,,文書管理費,ファイリングシステム管理費,各課用ファイリング物品管理,,
総務費,総務管理費,文書費,,,文書管理費,ファイリングシステム管理費,伝法書庫維持管理,,
総務費,総務管理費,文書費,,,文書管理費,ファイリングシステム管理費,保存文書保管,,
総務費,総務管理費,文書費,,,文書管理費,情報公開・個人情報保護費,,1118,1118
総務費,総務管理費,文書費,,,文書管理費,情報公開・個人情報保護費,設計書情報提供システム運用管理,,
総務費,総務管理費,文書費,,,文書管理費,情報公開・個人情報保護費,会議、研修会出席者負担金,37,37
総務費,総務管理費,文書費,,,文書管理費,その他文書管理費,,33850,33106
総務費,総務管理費,文書費,,,文書管理費,その他文書管理費,郵便物等取扱い,,
総務費,総務管理費,文書費,,,文書管理費,その他文書管理費,文書配布業務,,0
総務費,総務管理費,市史編さん,,,,,,4190,4484
総務費,総務管理費,市史編さん,報酬,,,,,2805,2988
総務費,総務管理費,市史編さん,職員手当等,,,,,658,733
総務費,総務管理費,市史編さん,職員手当等,期末手当,,,,567,627
総務費,総務管理費,市史編さん,職員手当等,勤勉手当,,,,91,106
総務費,総務管理費,市史編さん,共済費,,,,,507,550
総務費,総務管理費,市史編さん,旅費,,,,,93,80
総務費,総務管理費,市史編さん,旅費,費用弁償,,,,78,78
総務費,総務管理費,市史編さん,旅費,普通旅費,,,,15,2
総務費,総務管理費,市史編さん,需用費,,,,,127,133
総務費,総務管理費,市史編さん,需用費,消耗品費,,,,50,50
総務費,総務管理費,市史編さん,需用費,印刷製本費,,,,77,83
総務費,総務管理費,市史編さん,,,給与費,,,4048,4349
総務費,総務管理費,市史編さん,,,給与費,パートタイム会計年度任用職員,,4048,4349
総務費,総務管理費,市史編さん,,,市史編さん費,,,142,135
総務費,総務管理費,市史編さん,,,市史編さん費,市史編さん事業費,,142,135
総務費,総務管理費,市史編さん,,,市史編さん費,市史編さん事業費,資料収集等調査,,
総務費,総務管理費,市史編さん,,,市史編さん費,市史編さん事業費,「市史だより」発行,,
総務費,総務管理費,広報広聴費,,,,,,98016,94479
総務費,総務管理費,広報広聴費,報酬,,,,,3713,4021
総務費,総務管理費,広報広聴費,報償費,,,,,100,100
総務費,総務管理費,広報広聴費,旅費,,,,,333,314
総務費,総務管理費,広報広聴費,旅費,費用弁償,,,,220,220
総務費,総務管理費,広報広聴費,旅費,普通旅費,,,,10,8
総務費,総務管理費,広報広聴費,旅費,特別旅費,,,,103,86
総務費,総務管理費,広報広聴費,需用費,,,,,44318,42021
総務費,総務管理費,広報広聴費,需用費,消耗品費,,,,1001,701
総務費,総務管理費,広報広聴費,需用費,印刷製本費,,,,43217,41220
総務費,総務管理費,広報広聴費,需用費,修繕料,,,,100,100
総務費,総務管理費,広報広聴費,役務費険料,,,,,11917,0
総務費,総務管理費,広報広聴費,役務費険料,通信運搬費,,,,213,0
総務費,総務管理費,広報広聴費,役務費険料,広告料,,,,11676,0
総務費,総務管理費,広報広聴費,役務費険料,手数料,,,,9,0
総務費,総務管理費,広報広聴費,役務費険料,自動車損害保,,,,19,0
総務費,総務管理費,広報広聴費,委託料,,,,,23520,23853
総務費,総務管理費,広報広聴費,使用料及び賃借料,,,,,9613,10991
総務費,総務管理費,広報広聴費,備品購入費,,,,,3451,30
総務費,総務管理費,広報広聴費,負担金、補助及び交付金,,,,,1044,1070
総務費,総務管理費,広報広聴費,負担金、補助及び交付金,負担金,,,,344,370
総務費,総務管理費,広報広聴費,負担金、補助及び交付金,補助金,,,,700,700
総務費,総務管理費,広報広聴費,公課費,,,,,7,0
総務費,総務管理費,広報広聴費,,,給与費,,,3933,4241
総務費,総務管理費,広報広聴費,,,給与費,パートタイム会計年度任用職員,,3933,4241
総務費,総務管理費,広報広聴費,,,広報費,,,69471,66131
総務費,総務管理費,広報広聴費,,,広報費,広報ふじ作成費,,38833,37094
総務費,総務管理費,広報広聴費,,,広報費,広報ふじ作成費,広報ふじ　年12回（月1回）発行,,
総務費,総務管理費,広報広聴費,,,広報費,市政カレンダー作成費,,6752,6750
総務費,総務管理費,広報広聴費,,,広報費,コミュニティＦＭ事業費,,10476,10696
総務費,総務管理費,広報広聴費,,,広報費,コミュニティＦＭ事業費,コミュニティＦＭ番組等広告料,,
総務費,総務管理費,広報広聴費,,,広報費,その他広報費,,13410,11591
総務費,総務管理費,広報広聴費,,,広報費,その他広報費,報道関係協賛広告料,,
総務費,総務管理費,広報広聴費,,,広報費,その他広報費,市政記録写真データ管理・共有システム運用,,
総務費,総務管理費,広報広聴費,,,広報費,その他広報費,市ウェブサイト運営管理,,
総務費,総務管理費,広報広聴費,,,広報費,その他広報費,市ＬＩＮＥ公式アカウント運営管理,,
総務費,総務管理費,広報広聴費,,,広報費,その他広報費,日本広報協会負担金,42,42
総務費,総務管理費,広報広聴費,,,広報費,その他広報費,県広報協会負担金,156,156
総務費,総務管理費,広報広聴費,,,広報費,その他広報費,会議、研修会出席者負担金,86,112
総務費,総務管理費,広報広聴費,,,広聴費,,,2041,2100
総務費,総務管理費,広報広聴費,,,広聴費,広聴事業費,,2041,2100
総務費,総務管理費,広報広聴費,,,広聴費,広聴事業費,市政モニター、パブリック・コメント,,
総務費,総務管理費,広報広聴費,,,広聴費,広聴事業費,世論調査、市長への手紙,,
総務費,総務管理費,広報広聴費,,,総合案内費,,,19910,19914
総務費,総務管理費,広報広聴費,,,総合案内費,総合案内事業費,,19910,19914
総務費,総務管理費,広報広聴費,,,総合案内費,総合案内事業費,総合案内コンシェルジュ,,
総務費,総務管理費,広報広聴費,,,総合案内費,総合案内事業費,電話交換・コールセンター（ワンストップ情報サービス）,,
総務費,総務管理費,広報広聴費,,,平和都市推進費,,,2661,2093
総務費,総務管理費,広報広聴費,,,平和都市推進費,平和都市推進事業費,,2661,2093
総務費,総務管理費,広報広聴費,,,平和都市推進費,平和都市推進事業費,平和都市啓発,,
総務費,総務管理費,広報広聴費,,,平和都市推進費,平和都市推進事業費,平和学習事業（中学生広島市派遣）,,
総務費,総務管理費,広報広聴費,,,平和都市推進費,平和都市推進事業費,核兵器廃絶平和都市宣言40周年記念事業,,0
総務費,総務管理費,広報広聴費,,,平和都市推進費,平和都市推進事業費,平和都市推進活動補助金,700,700
総務費,総務管理費,広報広聴費,,,平和都市推進費,平和都市推進事業費,日本非核宣言自治体協議会負担金,60,60
総務費,総務管理費,シティプロ,,,,,,132911,129189
総務費,総務管理費,シティプロ,報酬,,,,,2244,4835
総務費,総務管理費,シティプロ,職員手当等,,,,,359,1180
総務費,総務管理費,シティプロ,職員手当等,期末手当,,,,309,1010
総務費,総務管理費,シティプロ,職員手当等,勤勉手当,,,,50,170
総務費,総務管理費,シティプロ,共済費,,,,,422,952
総務費,総務管理費,シティプロ,報償費,,,,,985,901
総務費,総務管理費,シティプロ,旅費,,,,,512,526
総務費,総務管理費,シティプロ,旅費,費用弁償,,,,180,241
総務費,総務管理費,シティプロ,旅費,普通旅費,,,,332,285
総務費,総務管理費,シティプロ,需用費,,,,,1699,2896
総務費,総務管理費,シティプロ,需用費,消耗品費,,,,648,1090
総務費,総務管理費,シティプロ,需用費,食糧費,,,,4,4
総務費,総務管理費,シティプロ,需用費,印刷製本費,,,,1047,1802
総務費,総務管理費,シティプロ,役務費,,,,,7066,6618
総務費,総務管理費,シティプロ,役務費,広告料,,,,7066,6618
総務費,総務管理費,シティプロ,委託料,,,,,16633,17524
総務費,総務管理費,シティプロ,使用料及び賃借料,,,,,594,17200
総務費,総務管理費,シティプロ,備品購入費,,,,,365,0
総務費,総務管理費,シティプロ,負担金、補助及び交付金,,,,,102032,76557
総務費,総務管理費,シティプロ,負担金、補助及び交付金,負担金,,,,272,437
総務費,総務管理費,シティプロ,負担金、補助及び交付金,補助金,,,,101760,76120
総務費,総務管理費,シティプロ,,,給与費,,,3167,7187
総務費,総務管理費,シティプロ,,,給与費,パートタイム会計年度任用職員,,3167,7187
総務費,総務管理費,シティプロ,,,シティプロモーション推進費,,,17337,36536
総務費,総務管理費,シティプロ,,,シティプロモーション推進費,魅力創造発信事業費,,14008,33384
総務費,総務管理費,シティプロ,,,シティプロモーション推進費,魅力創造発信事業費,プロモーション推進事業,,
総務費,総務管理費,シティプロ,,,シティプロモーション推進費,魅力創造発信事業費,子育てシティプロモーション事業,,
総務費,総務管理費,シティプロ,,,シティプロモーション推進費,魅力創造発信事業費,シティプロモーションキャラクター活用事業,,
総務費,総務管理費,シティプロ,,,シティプロモーション推進費,魅力創造発信事業費,トラックボディプリント,,
総務費,総務管理費,シティプロ,,,シティプロモーション推進費,魅力創造発信事業費,魅力発見バスツアー,,
総務費,総務管理費,シティプロ,,,シティプロモーション推進費,魅力創造発信事業費,吉野弘全国朗読コンクール開催,,
総務費,総務管理費,シティプロ,,,シティプロモーション推進費,魅力創造発信事業費,アートクラフトフェア開催,,
総務費,総務管理費,シティプロ,,,シティプロモーション推進費,魅力創造発信事業費,情報発信力向上研修,,
総務費,総務管理費,シティプロ,,,シティプロモーション推進費,魅力創造発信事業費,高校生議会開催,,
総務費,総務管理費,シティプロ,,,シティプロモーション推進費,魅力創造発信事業費,北斎ＰＲ看板設置,,0
総務費,総務管理費,シティプロ,,,シティプロモーション推進費,魅力創造発信事業費,大阪・関西万博でのシティプロモーション,,0
総務費,総務管理費,シティプロ,,,シティプロモーション推進費,魅力創造発信事業費,フィルムコミッション事業補助金,1700,2000
総務費,総務管理費,シティプロ,,,シティプロモーション推進費,魅力創造発信事業費,コロマガプロジェクトふじ事業補助金,500,400
総務費,総務管理費,シティプロ,,,シティプロモーション推進費,ブランドメッセージ推進事業費,,3329,3152
総務費,総務管理費,シティプロ,,,シティプロモーション推進費,ブランドメッセージ推進事業費,シティプロモーション懇話会,,
総務費,総務管理費,シティプロ,,,シティプロモーション推進費,ブランドメッセージ推進事業費,魅力と課題出張ワークショップ,,
総務費,総務管理費,シティプロ,,,シティプロモーション推進費,ブランドメッセージ推進事業費,メディア活用シティプロモーション,,
総務費,総務管理費,シティプロ,,,シティプロモーション推進費,ブランドメッセージ推進事業費,ふじ応援部活用,,
総務費,総務管理費,シティプロ,,,シティプロモーション推進費,ブランドメッセージ推進事業費,ブランドメッセージソング活用,,
総務費,総務管理費,シティプロ,,,シティプロモーション推進費,ブランドメッセージ推進事業費,横断幕・フラッグ制作,,
総務費,総務管理費,シティプロ,,,移住定住推進費,,,112407,85466
総務費,総務管理費,シティプロ,,,移住定住推進費,移住定住推進事業費,,112407,85466
総務費,総務管理費,シティプロ,,,移住定住推進費,移住定住推進事業費,移住定住者の受け皿づくり等支援,,
総務費,総務管理費,シティプロ,,,移住定住推進費,移住定住推進事業費,大学生等によるワークシェアの社会実装支援,,0
総務費,総務管理費,シティプロ,,,移住定住推進費,移住定住推進事業費,若者ビジネスプラン作成チャレンジ支援,,
総務費,総務管理費,シティプロ,,,移住定住推進費,移住定住推進事業費,移住交流体験イベント,,
総務費,総務管理費,シティプロ,,,移住定住推進費,移住定住推進事業費,移住プロモーション（ポータルサイト運用、ウェブ広告等）,,0
総務費,総務管理費,シティプロ,,,移住定住推進費,移住定住推進事業費,首都圏等での移住相談会,,
総務費,総務管理費,シティプロ,,,移住定住推進費,移住定住推進事業費,先導的テレワーク移住者支援補助金,5500,1500
総務費,総務管理費,シティプロ,,,移住定住推進費,移住定住推進事業費,移住就業支援補助金,57000,52000
総務費,総務管理費,シティプロ,,,移住定住推進費,移住定住推進事業費,子育て世帯Ｕターン支援補助金,2500,0
総務費,総務管理費,シティプロ,,,移住定住推進費,移住定住推進事業費,子育て・若者世帯Ｆ－ＵＪＩターン,34500,16500
総務費,総務管理費,シティプロ,,,移住定住推進費,移住定住推進事業費,地方就職学生支援補助金,60,720
総務費,総務管理費,シティプロ,,,移住定住推進費,移住定住推進事業費,移住イベント参加負担金,272,437
総務費,総務管理費,市民相談費,,,,,,16539,17291
総務費,総務管理費,市民相談費,報酬,,,,,9022,9476
総務費,総務管理費,市民相談費,職員手当等,,,,,2152,2321
総務費,総務管理費,市民相談費,職員手当等,期末手当,,,,1855,1986
総務費,総務管理費,市民相談費,職員手当等,勤勉手当,,,,297,335
総務費,総務管理費,市民相談費,共済費,,,,,447,490
総務費,総務管理費,市民相談費,報償費,,,,,1251,1261
総務費,総務管理費,市民相談費,旅費,,,,,337,335
総務費,総務管理費,市民相談費,旅費,費用弁償,,,,319,317
総務費,総務管理費,市民相談費,旅費,普通旅費,,,,13,13
総務費,総務管理費,市民相談費,旅費,特別旅費,,,,5,5
総務費,総務管理費,市民相談費,需用費,,,,,80,263
総務費,総務管理費,市民相談費,需用費,消耗品費,,,,80,263
総務費,総務管理費,市民相談費,委託料,,,,,2755,2650
総務費,総務管理費,市民相談費,負担金、補助及び交付金,,,,,95,95
総務費,総務管理費,市民相談費,負担金、補助及び交付金,負担金,,,,95,95
総務費,総務管理費,市民相談費,扶助費,,,,,400,400
総務費,総務管理費,市民相談費,,,給与費,,,11935,12599
総務費,総務管理費,市民相談費,,,給与費,パートタイム会計年度任用職員,,11935,12599
総務費,総務管理費,市民相談費,,,給与費,パートタイム会計年度任用職員,市民相談員　　　　　　3人,,0
総務費,総務管理費,市民相談費,,,市民相談費,,,1849,1863
総務費,総務管理費,市民相談費,,,市民相談費,市民相談事業費,,1849,1863
総務費,総務管理費,市民相談費,,,市民相談費,市民相談事業費,市民相談（民事・一般相談、交通事故相談　ほか）,,
総務費,総務管理費,市民相談費,,,市民相談費,市民相談事業費,弁護士相談　　　　　週1回,,
総務費,総務管理費,市民相談費,,,市民相談費,市民相談事業費,司法書士相談　　　　月2回,,
総務費,総務管理費,市民相談費,,,市民相談費,市民相談事業費,犯罪被害者等支援,,
総務費,総務管理費,市民相談費,,,市民相談費,市民相談事業費,駿河地区行政相談事務連絡協議会負担金,80,80
総務費,総務管理費,市民相談費,,,市民相談費,市民相談事業費,東部市相談業務連絡協議会負担金,5,5
総務費,総務管理費,市民相談費,,,市民相談費,市民相談事業費,静岡犯罪被害者支援センター賛助会費,10,10
総務費,総務管理費,市民相談費,,,生活環境緊急整備費,,,2755,2829
総務費,総務管理費,市民相談費,,,生活環境緊急整備費,生活環境緊急整備事業費,,2755,2829
総務費,総務管理費,市民相談費,,,生活環境緊急整備費,生活環境緊急整備事業費,スズメバチ巣駆除　　366件,,
総務費,総務管理費,市民相談費,,,生活環境緊急整備費,生活環境緊急整備事業費,スズメバチ巣調査　　 55件,,
総務費,総務管理費,市民相談費,,,生活環境緊急整備費,生活環境緊急整備事業費,防護服貸出,,
総務費,総務管理費,消費者対策,,,,,,31322,30623
総務費,総務管理費,消費者対策,報酬,,,,,15152,16078
総務費,総務管理費,消費者対策,職員手当等,,,,,3515,3827
総務費,総務管理費,消費者対策,職員手当等,期末手当,,,,3030,3275
総務費,総務管理費,消費者対策,職員手当等,勤勉手当,,,,485,552
総務費,総務管理費,消費者対策,共済費,,,,,2915,3041
総務費,総務管理費,消費者対策,報償費,,,,,184,195
総務費,総務管理費,消費者対策,旅費,,,,,903,954
総務費,総務管理費,消費者対策,旅費,費用弁償,,,,898,949
総務費,総務管理費,消費者対策,旅費,普通旅費,,,,4,4
総務費,総務管理費,消費者対策,旅費,特別旅費,,,,1,1
総務費,総務管理費,消費者対策,需用費,,,,,1564,1104
総務費,総務管理費,消費者対策,需用費,消耗品費,,,,250,275
総務費,総務管理費,消費者対策,需用費,印刷製本費,,,,1314,829
総務費,総務管理費,消費者対策,役務費,,,,,537,541
総務費,総務管理費,消費者対策,役務費,通信運搬費,,,,53,57
総務費,総務管理費,消費者対策,役務費,広告料,,,,484,484
総務費,総務管理費,消費者対策,使用料及び賃借料,,,,,15,0
総務費,総務管理費,消費者対策,備品購入費,,,,,161,0
総務費,総務管理費,消費者対策,負担金、補助及び交付金,,,,,6376,4883
総務費,総務管理費,消費者対策,負担金、補助及び交付金,負担金,,,,46,53
総務費,総務管理費,消費者対策,負担金、補助及び交付金,補助金,,,,6330,4830
総務費,総務管理費,消費者対策,,,給与費,,,22292,23656
総務費,総務管理費,消費者対策,,,給与費,消費者教育推進地域協議会委員　８人,,144,216
総務費,総務管理費,消費者対策,,,給与費,パートタイム会計年度任用職員,,22148,23440
総務費,総務管理費,消費者対策,,,給与費,パートタイム会計年度任用職員,消費生活相談員　　　　5人,,0
総務費,総務管理費,消費者対策,,,消費者対策費,,,9030,6967
総務費,総務管理費,消費者対策,,,消費者対策費,消費者行政推進事業費,,8730,6636
総務費,総務管理費,消費者対策,,,消費者対策費,消費者行政推進事業費,消費生活モニター学習会開催,,
総務費,総務管理費,消費者対策,,,消費者対策費,消費者行政推進事業費,市民生活講座開催,,
総務費,総務管理費,消費者対策,,,消費者対策費,消費者行政推進事業費,夏休み親子消費者教室開催,,
総務費,総務管理費,消費者対策,,,消費者対策費,消費者行政推進事業費,生活展開催,,
総務費,総務管理費,消費者対策,,,消費者対策費,消費者行政推進事業費,消費者被害防止啓発,,
総務費,総務管理費,消費者対策,,,消費者対策費,消費者行政推進事業費,中学校等消費者教育連携授業,,
総務費,総務管理費,消費者対策,,,消費者対策費,消費者行政推進事業費,悪質電話対策機器購入費補助金,6000,4500
総務費,総務管理費,消費者対策,,,消費者対策費,消費者行政推進事業費,消費者行政促進事業補助金,330,330
総務費,総務管理費,消費者対策,,,消費者対策費,消費生活相談事業費,,300,331
総務費,総務管理費,消費者対策,,,消費者対策費,消費生活相談事業費,消費生活相談,,
総務費,総務管理費,消費者対策,,,消費者対策費,消費生活相談事業費,会議、研修会出席者負担金,46,53
総務費,総務管理費,男女共同参,,,,,,18860,18926
総務費,総務管理費,男女共同参,報酬,,,,,7846,8524
総務費,総務管理費,男女共同参,職員手当等,,,,,1075,1212
総務費,総務管理費,男女共同参,職員手当等,期末手当,,,,926,1037
総務費,総務管理費,男女共同参,職員手当等,勤勉手当,,,,149,175
総務費,総務管理費,男女共同参,共済費,,,,,971,1018
総務費,総務管理費,男女共同参,報償費,,,,,2734,3618
総務費,総務管理費,男女共同参,旅費,,,,,311,303
総務費,総務管理費,男女共同参,旅費,費用弁償,,,,302,294
総務費,総務管理費,男女共同参,旅費,普通旅費,,,,6,6
総務費,総務管理費,男女共同参,旅費,特別旅費,,,,3,3
総務費,総務管理費,男女共同参,需用費,,,,,676,1440
総務費,総務管理費,男女共同参,需用費,消耗品費,,,,200,503
総務費,総務管理費,男女共同参,需用費,食糧費,,,,14,14
総務費,総務管理費,男女共同参,需用費,印刷製本費,,,,423,923
総務費,総務管理費,男女共同参,需用費,修繕料,,,,39,0
総務費,総務管理費,男女共同参,役務費,,,,,795,90
総務費,総務管理費,男女共同参,役務費,通信運搬費,,,,795,90
総務費,総務管理費,男女共同参,委託料,,,,,4263,2622
総務費,総務管理費,男女共同参,使用料及び賃借料,,,,,9,9
総務費,総務管理費,男女共同参,備品購入費,,,,,130,90
総務費,総務管理費,男女共同参,負担金、補助及び交付金,,,,,50,0
総務費,総務管理費,男女共同参,負担金、補助及び交付金,負担金,,,,50,0
総務費,総務管理費,男女共同参,,,給与費,,,10182,11035
総務費,総務管理費,男女共同参,,,給与費,男女共同参画審議会委員　１０人,,303,404
総務費,総務管理費,男女共同参,,,給与費,パートタイム会計年度任用職員,,9879,10631
総務費,総務管理費,男女共同参,,,男女共同参画費,,,8678,7891
総務費,総務管理費,男女共同参,,,男女共同参画費,男女共同参画推進事業費,,6112,4466
総務費,総務管理費,男女共同参,,,男女共同参画費,男女共同参画推進事業費,男女共同参画推進員事業,,
総務費,総務管理費,男女共同参,,,男女共同参画費,男女共同参画推進事業費,男女共同参画に関する市民意識調査,,0
総務費,総務管理費,男女共同参,,,男女共同参画費,男女共同参画推進事業費,男女共同参画プラン推進啓発事業,,
総務費,総務管理費,男女共同参,,,男女共同参画費,男女共同参画推進事業費,女性のチャレンジセミナー開催,,
総務費,総務管理費,男女共同参,,,男女共同参画費,男女共同参画推進事業費,小中学校男女共同参画授業開催,,
総務費,総務管理費,男女共同参,,,男女共同参画費,男女共同参画推進事業費,男女共同参画人権講演会開催,,
総務費,総務管理費,男女共同参,,,男女共同参画費,男女共同参画推進事業費,男性の子育て支援講座開催,,0
総務費,総務管理費,男女共同参,,,男女共同参画費,男女共同参画推進事業費,子育て世代防災セミナー開催,,
総務費,総務管理費,男女共同参,,,男女共同参画費,男女共同参画推進事業費,男女共同参画週間事業,,
総務費,総務管理費,男女共同参,,,男女共同参画費,男女共同参画推進事業費,託児サービス,,
総務費,総務管理費,男女共同参,,,男女共同参画費,男女共同参画普及啓発事業費,,473,1026
総務費,総務管理費,男女共同参,,,男女共同参画費,男女共同参画普及啓発事業費,啓発用情報誌等発行,,
総務費,総務管理費,男女共同参,,,男女共同参画費,男女共同参画普及啓発事業費,人権啓発事業,,
総務費,総務管理費,男女共同参,,,男女共同参画費,男女共同参画普及啓発事業費,パートナーシップ宣誓制度啓発,,0
総務費,総務管理費,男女共同参,,,男女共同参画費,男女共同参画普及啓発事業費,富士地区男女共同参画連絡会負担金,50,0
総務費,総務管理費,男女共同参,,,男女共同参画費,男女共同参画センター事業費,,588,534
総務費,総務管理費,男女共同参,,,男女共同参画費,男女共同参画センター事業費,女と男のフォーラム開催,,
総務費,総務管理費,男女共同参,,,男女共同参画費,女性の社会参加自立支援事業費,,1505,1865
総務費,総務管理費,男女共同参,,,男女共同参画費,女性の社会参加自立支援事業費,女性のための相談業務,,
総務費,総務管理費,男女共同参,,,男女共同参画費,女性の社会参加自立支援事業費,男女共同参画学級開設,,
総務費,総務管理費,男女共同参,,,男女共同参画費,女性の社会参加自立支援事業費,女性のデジタルスキル習得講座開催,,
総務費,総務管理費,財政管理費,,,,,,4936,4008
総務費,総務管理費,財政管理費,旅費,,,,,77,76
総務費,総務管理費,財政管理費,旅費,普通旅費,,,,19,19
総務費,総務管理費,財政管理費,旅費,特別旅費,,,,58,57
総務費,総務管理費,財政管理費,需用費,,,,,656,591
総務費,総務管理費,財政管理費,需用費,消耗品費,,,,179,114
総務費,総務管理費,財政管理費,需用費,食糧費,,,,10,10
総務費,総務管理費,財政管理費,需用費,印刷製本費,,,,467,467
総務費,総務管理費,財政管理費,委託料,,,,,2640,1760
総務費,総務管理費,財政管理費,負担金、補助及び交付金,,,,,62,71
総務費,総務管理費,財政管理費,負担金、補助及び交付金,負担金,,,,62,71
総務費,総務管理費,財政管理費,積立金,,,,,1501,1510
総務費,総務管理費,財政管理費,,,財政事務費,,,3435,2498
総務費,総務管理費,財政管理費,,,財政事務費,財政事務費,,3435,2498
総務費,総務管理費,財政管理費,,,財政事務費,財政事務費,統一的な基準による財務書類整備,,
総務費,総務管理費,財政管理費,,,財政事務費,財政事務費,財政読本作成,,0
総務費,総務管理費,財政管理費,,,財政事務費,財政事務費,地方財務協会賛助会費,40,40
総務費,総務管理費,財政管理費,,,財政事務費,財政事務費,会議、研修会出席者負担金,22,31
総務費,総務管理費,財政管理費,,,ふるさと応援基金積立費,,,1501,1510
総務費,総務管理費,財政管理費,,,ふるさと応援基金積立費,ふるさと応援基金積立事業費,,1501,1510
総務費,総務管理費,財政管理費,,,ふるさと応援基金積立費,ふるさと応援基金積立事業費,ふるさと応援基金積立金,,
総務費,総務管理費,会計管理費,,,,,,87506,85912
総務費,総務管理費,会計管理費,報酬,,,,,770,829
総務費,総務管理費,会計管理費,共済費,,,,,123,127
総務費,総務管理費,会計管理費,旅費,,,,,75,79
総務費,総務管理費,会計管理費,旅費,費用弁償,,,,42,42
総務費,総務管理費,会計管理費,旅費,普通旅費,,,,3,3
総務費,総務管理費,会計管理費,旅費,特別旅費,,,,30,34
総務費,総務管理費,会計管理費,需用費,,,,,17996,19706
総務費,総務管理費,会計管理費,需用費,消耗品費,,,,16362,16852
総務費,総務管理費,会計管理費,需用費,印刷製本費,,,,1634,2854
総務費,総務管理費,会計管理費,役務費,,,,,68230,64712
総務費,総務管理費,会計管理費,役務費,通信運搬費,,,,3494,3824
総務費,総務管理費,会計管理費,役務費,手数料,,,,64520,60672
総務費,総務管理費,会計管理費,役務費,保険料,,,,216,216
総務費,総務管理費,会計管理費,使用料及び賃借料,,,,,275,275
総務費,総務管理費,会計管理費,負担金、補助及び交付金,,,,,37,37
総務費,総務管理費,会計管理費,負担金、補助及び交付金,負担金,,,,37,37
総務費,総務管理費,会計管理費,,,給与費,,,935,998
総務費,総務管理費,会計管理費,,,給与費,パートタイム会計年度任用職員,,935,998
総務費,総務管理費,会計管理費,,,会計事務費,,,69184,65735
総務費,総務管理費,会計管理費,,,会計事務費,会計事務費,,69184,65735
総務費,総務管理費,会計管理費,,,会計事務費,会計事務費,出納・審査事務関連経費,,
総務費,総務管理費,会計管理費,,,会計事務費,会計事務費,公金取扱事務関連経費,,
総務費,総務管理費,会計管理費,,,会計事務費,会計事務費,指定金融機関等関連経費,,
総務費,総務管理費,会計管理費,,,会計事務費,会計事務費,会議、研修会出席者負担金,37,37
総務費,総務管理費,会計管理費,,,物品管理費,,,17387,19179
総務費,総務管理費,会計管理費,,,物品管理費,物品管理費,,17387,19179
総務費,総務管理費,会計管理費,,,物品管理費,物品管理費,庁用共通物品購入、配布,,
総務費,総務管理費,契約管理費,,,,,,8656,8664
総務費,総務管理費,契約管理費,報酬,,,,,2869,2962
総務費,総務管理費,契約管理費,職員手当等,,,,,604,675
総務費,総務管理費,契約管理費,職員手当等,期末手当,,,,520,577
総務費,総務管理費,契約管理費,職員手当等,勤勉手当,,,,84,98
総務費,総務管理費,契約管理費,共済費,,,,,531,573
総務費,総務管理費,契約管理費,旅費,,,,,164,146
総務費,総務管理費,契約管理費,旅費,費用弁償,,,,137,128
総務費,総務管理費,契約管理費,旅費,普通旅費,,,,14,7
総務費,総務管理費,契約管理費,旅費,特別旅費,,,,13,11
総務費,総務管理費,契約管理費,需用費,,,,,730,483
総務費,総務管理費,契約管理費,需用費,消耗品費,,,,402,292
総務費,総務管理費,契約管理費,需用費,食糧費,,,,2,1
総務費,総務管理費,契約管理費,需用費,印刷製本費,,,,326,190
総務費,総務管理費,契約管理費,委託料,,,,,495,0
総務費,総務管理費,契約管理費,使用料及び賃借料,,,,,53,274
総務費,総務管理費,契約管理費,負担金、補助及び交付金,,,,,3210,3551
総務費,総務管理費,契約管理費,負担金、補助及び交付金,負担金,,,,3210,3551
総務費,総務管理費,契約管理費,,,給与費,,,4135,4332
総務費,総務管理費,契約管理費,,,給与費,入札監視委員会委員　５人,,100,200
総務費,総務管理費,契約管理費,,,給与費,パートタイム会計年度任用職員,,4035,4132
総務費,総務管理費,契約管理費,,,契約管理費,,,4521,4332
総務費,総務管理費,契約管理費,,,契約管理費,契約管理事業費,,4521,4332
総務費,総務管理費,契約管理費,,,契約管理費,契約管理事業費,入札・契約事務関連経費,,
総務費,総務管理費,契約管理費,,,契約管理費,契約管理事業費,指名第1委員会開催　約11回,,0
総務費,総務管理費,契約管理費,,,契約管理費,契約管理事業費,指名第2委員会開催　約40回,,
総務費,総務管理費,契約管理費,,,契約管理費,契約管理事業費,電子契約導入,,0
総務費,総務管理費,契約管理費,,,契約管理費,契約管理事業費,県共同利用電子入札システム負担金,3137,3478
総務費,総務管理費,契約管理費,,,契約管理費,契約管理事業費,会議、研修会出席者負担金,73,73
総務費,総務管理費,工事検査費,,,,,,567,711
総務費,総務管理費,工事検査費,旅費,,,,,24,24
総務費,総務管理費,工事検査費,旅費,普通旅費,,,,8,8
総務費,総務管理費,工事検査費,旅費,特別旅費,,,,16,16
総務費,総務管理費,工事検査費,需用費,,,,,404,395
総務費,総務管理費,工事検査費,需用費,消耗品費,,,,328,318
総務費,総務管理費,工事検査費,需用費,印刷製本費,,,,76,76
総務費,総務管理費,工事検査費,役務費,,,,,20,0
総務費,総務管理費,工事検査費,役務費,筆耕翻訳料,,,,20,0
総務費,総務管理費,工事検査費,使用料及び賃借料,,,,,8,8
総務費,総務管理費,工事検査費,備品購入費,,,,,38,211
総務費,総務管理費,工事検査費,負担金、補助及び交付金,,,,,73,73
総務費,総務管理費,工事検査費,負担金、補助及び交付金,負担金,,,,73,73
総務費,総務管理費,工事検査費,,,工事検査費,,,567,711
総務費,総務管理費,工事検査費,,,工事検査費,工事検査費,,567,711
総務費,総務管理費,工事検査費,,,工事検査費,工事検査費,各種工事検査に係る事務的経費,,
総務費,総務管理費,工事検査費,,,工事検査費,工事検査費,会議、研修会出席者負担金,73,73
総務費,総務管理費,財産管理費,,,,,,650496,893803
総務費,総務管理費,財産管理費,報酬,,,,,19002,20228
総務費,総務管理費,財産管理費,職員手当等,,,,,4225,4766
総務費,総務管理費,財産管理費,職員手当等,期末手当,,,,3642,4079
総務費,総務管理費,財産管理費,職員手当等,勤勉手当,,,,583,687
総務費,総務管理費,財産管理費,共済費,,,,,3455,3656
総務費,総務管理費,財産管理費,旅費,,,,,534,439
総務費,総務管理費,財産管理費,旅費,費用弁償,,,,498,399
総務費,総務管理費,財産管理費,旅費,普通旅費,,,,6,6
総務費,総務管理費,財産管理費,旅費,特別旅費,,,,30,34
総務費,総務管理費,財産管理費,需用費,,,,,126693,140368
総務費,総務管理費,財産管理費,需用費,消耗品費,,,,3641,3641
総務費,総務管理費,財産管理費,需用費,燃料費,,,,238,251
総務費,総務管理費,財産管理費,需用費,食糧費,,,,100,100
総務費,総務管理費,財産管理費,需用費,印刷製本費,,,,120,120
総務費,総務管理費,財産管理費,需用費,光熱水費,,,,74144,74047
総務費,総務管理費,財産管理費,需用費,修繕料,,,,48450,62209
総務費,総務管理費,財産管理費,役務費,,,,,52796,52372
総務費,総務管理費,財産管理費,役務費,通信運搬費,,,,27121,26265
総務費,総務管理費,財産管理費,役務費,広告料,,,,214,0
総務費,総務管理費,財産管理費,役務費,手数料,,,,3302,3049
総務費,総務管理費,財産管理費,役務費,保険料,,,,22159,23058
総務費,総務管理費,財産管理費,委託料,,,,,419191,427030
総務費,総務管理費,財産管理費,使用料及び賃借料,,,,,3310,3310
総務費,総務管理費,財産管理費,工事請負費,,,,,10556,238000
総務費,総務管理費,財産管理費,公有財産購入費,,,,,900,0
総務費,総務管理費,財産管理費,備品購入費,,,,,4700,3500
総務費,総務管理費,財産管理費,負担金、補助及び交付金,,,,,134,134
総務費,総務管理費,財産管理費,負担金、補助及び交付金,負担金,,,,134,134
総務費,総務管理費,財産管理費,補償、補塡及び賠償金塡金,,,,,5000,0
総務費,総務管理費,財産管理費,補償、補塡及び賠償金塡金,補償金及び補,,,,5000,0
総務費,総務管理費,財産管理費,,,給与費,,,27180,29049
総務費,総務管理費,財産管理費,,,給与費,パートタイム会計年度任用職員,,27078,29049
総務費,総務管理費,財産管理費,,,給与費,旧吉原東中学校跡地利用プロポーザル審査委員会委員　３人,,,0
総務費,総務管理費,財産管理費,,,財産管理費,,,96539,173783
総務費,総務管理費,財産管理費,,,財産管理費,財産管理事業費,,96539,173783
総務費,総務管理費,財産管理費,,,財産管理費,財産管理事業費,市有財産管理及び活用,,
総務費,総務管理費,財産管理費,,,財産管理費,財産管理事業費,行政財産総括管理,,
総務費,総務管理費,財産管理費,,,財産管理費,財産管理事業費,普通財産維持管理,,
総務費,総務管理費,財産管理費,,,財産管理費,財産管理事業費,会議、研修会出席者負担金,37,37
総務費,総務管理費,財産管理費,,,庁舎管理費,,,526777,690971
総務費,総務管理費,財産管理費,,,庁舎管理費,庁舎運営管理事業費,,199823,219004
総務費,総務管理費,財産管理費,,,庁舎管理費,庁舎運営管理事業費,市庁舎及び消防防災庁舎維持管理,,
総務費,総務管理費,財産管理費,,,庁舎管理費,庁舎運営管理事業費,会議、研修会出席者負担金,97,97
総務費,総務管理費,財産管理費,,,庁舎管理費,庁舎施設管理事業費,,321994,468207
総務費,総務管理費,財産管理費,,,庁舎管理費,庁舎施設管理事業費,市庁舎ＥＳＣＯ事業,,
総務費,総務管理費,財産管理費,,,庁舎管理費,庁舎施設管理事業費,各種設備保守点検　ほか,,
総務費,総務管理費,財産管理費,,,庁舎管理費,用度管理事業費,,4960,3760
総務費,総務管理費,財産管理費,,,庁舎管理費,用度管理事業費,庁用備品等維持管理,,
総務費,総務管理費,資産経営費,,,,,,147317,77560
総務費,総務管理費,資産経営費,報酬,,,,,1560,2010
総務費,総務管理費,資産経営費,旅費,,,,,249,219
総務費,総務管理費,資産経営費,旅費,費用弁償,,,,49,76
総務費,総務管理費,資産経営費,旅費,普通旅費,,,,27,27
総務費,総務管理費,資産経営費,旅費,特別旅費,,,,173,116
総務費,総務管理費,資産経営費,需用費,,,,,147,231
総務費,総務管理費,資産経営費,需用費,消耗品費,,,,42,43
総務費,総務管理費,資産経営費,需用費,食糧費,,,,15,15
総務費,総務管理費,資産経営費,需用費,印刷製本費,,,,90,173
総務費,総務管理費,資産経営費,委託料,,,,,41654,38480
総務費,総務管理費,資産経営費,使用料及び賃借料,,,,,465,465
総務費,総務管理費,資産経営費,負担金、補助及び交付金,,,,,226,229
総務費,総務管理費,資産経営費,負担金、補助及び交付金,負担金,,,,226,229
総務費,総務管理費,資産経営費,積立金,,,,,103016,35926
総務費,総務管理費,資産経営費,,,給与費,,,1560,2010
総務費,総務管理費,資産経営費,,,給与費,指定管理者選定評価委員会委員　１９人,,1560,2010
総務費,総務管理費,資産経営費,,,資産経営費,,,8087,4175
総務費,総務管理費,資産経営費,,,資産経営費,資産経営事業費,,8087,4175
総務費,総務管理費,資産経営費,,,資産経営費,資産経営事業費,公共建築物保全管理システム運用管理,,
総務費,総務管理費,資産経営費,,,資産経営費,資産経営事業費,会議、研修会出席者負担金,226,229
総務費,総務管理費,資産経営費,,,施設保全費,,,34654,35449
総務費,総務管理費,資産経営費,,,施設保全費,施設保全事業費,,18187,18190
総務費,総務管理費,資産経営費,,,施設保全費,施設保全事業費,建築物定期点検　　　　　　　 130施設,,0
総務費,総務管理費,資産経営費,,,施設保全費,自家用電気工作物保安管理事業費,,16467,17259
総務費,総務管理費,資産経営費,,,施設保全費,自家用電気工作物保安管理事業費,自家用電気工作物の保安管理　　87施設,,0
総務費,総務管理費,資産経営費,,,公共建築物保全基金積立費,,,103016,35926
総務費,総務管理費,資産経営費,,,公共建築物保全基金積立費,公共建築物保全基金積立事業費,,103016,35926
総務費,総務管理費,資産経営費,,,公共建築物保全基金積立費,公共建築物保全基金積立事業費,公共建築物保全基金積立金,,
総務費,総務管理費,公用車管理,,,,,,76319,69930
総務費,総務管理費,公用車管理,報酬,,,,,5336,5706
総務費,総務管理費,公用車管理,職員手当等,,,,,1222,1370
総務費,総務管理費,公用車管理,職員手当等,期末手当,,,,1053,1172
総務費,総務管理費,公用車管理,職員手当等,勤勉手当,,,,169,198
総務費,総務管理費,公用車管理,共済費,,,,,967,1054
総務費,総務管理費,公用車管理,旅費,,,,,222,224
総務費,総務管理費,公用車管理,旅費,費用弁償,,,,205,206
総務費,総務管理費,公用車管理,旅費,普通旅費,,,,16,17
総務費,総務管理費,公用車管理,旅費,特別旅費,,,,1,1
総務費,総務管理費,公用車管理,需用費,,,,,34548,27010
総務費,総務管理費,公用車管理,需用費,消耗品費,,,,2166,2000
総務費,総務管理費,公用車管理,需用費,燃料費,,,,13573,12935
総務費,総務管理費,公用車管理,需用費,印刷製本費,,,,23,23
総務費,総務管理費,公用車管理,需用費,修繕料,,,,18786,12052
総務費,総務管理費,公用車管理,役務費険料,,,,,5186,4923
総務費,総務管理費,公用車管理,役務費険料,手数料,,,,353,345
総務費,総務管理費,公用車管理,役務費険料,自動車損害保,,,,4833,4578
総務費,総務管理費,公用車管理,使用料及び賃借料,,,,,1012,2259
総務費,総務管理費,公用車管理,備品購入費,,,,,26611,25500
総務費,総務管理費,公用車管理,負担金、補助及び交付金,,,,,274,574
総務費,総務管理費,公用車管理,負担金、補助及び交付金,負担金,,,,274,574
総務費,総務管理費,公用車管理,公課費,,,,,941,724
総務費,総務管理費,公用車管理,,,給与費,,,7725,8330
総務費,総務管理費,公用車管理,,,給与費,パートタイム会計年度任用職員,,7725,8330
総務費,総務管理費,公用車管理,,,公用車管理費,,,68594,61600
総務費,総務管理費,公用車管理,,,公用車管理費,公用車管理事業費,,41568,35750
総務費,総務管理費,公用車管理,,,公用車管理費,公用車管理事業費,電気自動車用電源整備,,0
総務費,総務管理費,公用車管理,,,公用車管理費,公用車管理事業費,集中管理車両の維持管理,,
総務費,総務管理費,公用車管理,,,公用車管理費,公用車管理事業費,ＪＡＦ継続会費,10,10
総務費,総務管理費,公用車管理,,,公用車管理費,公用車購入事業費,,26611,25500
総務費,総務管理費,公用車管理,,,公用車管理費,公用車購入事業費,軽自動車　9台（電気自動車）,,0
総務費,総務管理費,公用車管理,,,公用車管理費,安全運転管理事業費,,415,350
総務費,総務管理費,公用車管理,,,公用車管理費,安全運転管理事業費,安全運転管理,,
総務費,総務管理費,公用車管理,,,公用車管理費,安全運転管理事業費,富士地区安全運転管理協会負担金,164,164
総務費,総務管理費,公用車管理,,,公用車管理費,安全運転管理事業費,県安全運転管理協会富士地区負担金,100,100
総務費,総務管理費,企画費,,,,,,49156,72924
総務費,総務管理費,企画費,報酬,,,,,604,1248
総務費,総務管理費,企画費,報償費,,,,,2848,2519
総務費,総務管理費,企画費,旅費,,,,,2696,2388
総務費,総務管理費,企画費,旅費,費用弁償,,,,271,336
総務費,総務管理費,企画費,旅費,普通旅費,,,,775,302
総務費,総務管理費,企画費,旅費,特別旅費,,,,1650,1750
総務費,総務管理費,企画費,需用費,,,,,1420,3685
総務費,総務管理費,企画費,需用費,消耗品費,,,,353,1141
総務費,総務管理費,企画費,需用費,食糧費,,,,41,24
総務費,総務管理費,企画費,需用費,印刷製本費,,,,755,2520
総務費,総務管理費,企画費,需用費,修繕料,,,,271,0
総務費,総務管理費,企画費,役務費,,,,,440,1419
総務費,総務管理費,企画費,役務費,手数料,,,,440,1320
総務費,総務管理費,企画費,委託料,,,,,23370,35716
総務費,総務管理費,企画費,使用料及び賃借料,,,,,33,76
総務費,総務管理費,企画費,負担金、補助及び交付金,,,,,17501,25599
総務費,総務管理費,企画費,負担金、補助及び交付金,負担金,,,,951,851
総務費,総務管理費,企画費,負担金、補助及び交付金,補助金,,,,16550,24748
総務費,総務管理費,企画費,積立金,,,,,244,274
総務費,総務管理費,企画費,,,給与費,,,604,1248
総務費,総務管理費,企画費,,,給与費,総合計画審議会委員　３０人,,604,1248
総務費,総務管理費,企画費,,,企画調整費,,,25628,26158
総務費,総務管理費,企画費,,,企画調整費,企画調査費,,25232,25619
総務費,総務管理費,企画費,,,企画調整費,企画調査費,第六次富士市総合計画進行管理,,
総務費,総務管理費,企画費,,,企画調整費,企画調査費,第六次富士市総合計画後期計画策定,,
総務費,総務管理費,企画費,,,企画調整費,企画調査費,デジタル田園都市総合戦略進行管理,,
総務費,総務管理費,企画費,,,企画調整費,企画調査費,高等教育機関の誘致等検討,,0
総務費,総務管理費,企画費,,,企画調整費,企画調査費,フィールドワーク活性化事業,,0
総務費,総務管理費,企画費,,,企画調整費,企画調査費,フィールドワークセンター運営管理,,0
総務費,総務管理費,企画費,,,企画調整費,企画調査費,新規政策及び特命事項の調査研究,,
総務費,総務管理費,企画費,,,企画調整費,企画調査費,フィールドワーク推進補助金,1500,0
総務費,総務管理費,企画費,,,企画調整費,企画調査費,地域活性化センター負担金,140,140
総務費,総務管理費,企画費,,,企画調整費,企画調査費,富士山世界文化遺産協議会負担金,357,357
総務費,総務管理費,企画費,,,企画調整費,企画調査費,ふじのくに地域・大学コンソーシアム,100,100
総務費,総務管理費,企画費,,,企画調整費,企画調査費,「世界文化遺産」地域連携会議会費,20,20
総務費,総務管理費,企画費,,,企画調整費,広域行政推進事業費,,396,539
総務費,総務管理費,企画費,,,企画調整費,広域行政推進事業費,富士地区広域行政連絡会負担金,84,84
総務費,総務管理費,企画費,,,企画調整費,広域行政推進事業費,富士山ネットワーク会議負担金,150,150
総務費,総務管理費,企画費,,,企画調整費,広域行政推進事業費,会議、研修会出席者負担金,100,0
総務費,総務管理費,企画費,,,政策推進費,,,22680,45244
総務費,総務管理費,企画費,,,政策推進費,戦略的施策推進費,,868,3376
総務費,総務管理費,企画費,,,政策推進費,戦略的施策推進費,官民連携プロジェクトの推進,,0
総務費,総務管理費,企画費,,,政策推進費,ＳＤＧｓ推進事業費,,21812,27444
総務費,総務管理費,企画費,,,政策推進費,ＳＤＧｓ推進事業費,ＳＤＧｓ共想・共創プラットフォーム運営,,
総務費,総務管理費,企画費,,,政策推進費,ＳＤＧｓ推進事業費,普及啓発事業,,
総務費,総務管理費,企画費,,,政策推進費,ＳＤＧｓ推進事業費,ＳＤＧｓプロジェクトエッグ応援補助金,15050,22948
総務費,総務管理費,企画費,,,企業版ふるさと納税基金積立費,,,244,274
総務費,総務管理費,企画費,,,企業版ふるさと納税基金積立費,企業版ふるさと納税基金積立事業費,,244,274
総務費,総務管理費,企画費,,,企業版ふるさと納税基金積立費,企業版ふるさと納税基金積立事業費,企業版ふるさと納税基金積立金,,
総務費,総務管理費,行政経営費,,,,,,1732,1755
総務費,総務管理費,行政経営費,旅費,,,,,87,46
総務費,総務管理費,行政経営費,旅費,普通旅費,,,,27,22
総務費,総務管理費,行政経営費,旅費,特別旅費,,,,60,24
総務費,総務管理費,行政経営費,需用費,,,,,211,193
総務費,総務管理費,行政経営費,需用費,消耗品費,,,,51,81
総務費,総務管理費,行政経営費,需用費,印刷製本費,,,,160,112
総務費,総務管理費,行政経営費,使用料及び賃借料,,,,,1337,1419
総務費,総務管理費,行政経営費,負担金、補助及び交付金,,,,,97,97
総務費,総務管理費,行政経営費,負担金、補助及び交付金,負担金,,,,97,97
総務費,総務管理費,行政経営費,,,行政経営費,,,1732,1755
総務費,総務管理費,行政経営費,,,行政経営費,行政経営推進費,,1732,1755
総務費,総務管理費,行政経営費,,,行政経営費,行政経営推進費,行政改革推進,,
総務費,総務管理費,行政経営費,,,行政経営費,行政経営推進費,組織定数管理,,
総務費,総務管理費,行政経営費,,,行政経営費,行政経営推進費,行政経営会議開催,,
総務費,総務管理費,行政経営費,,,行政経営費,行政経営推進費,職員テレワーク推進,,
総務費,総務管理費,行政経営費,,,行政経営費,行政経営推進費,中核市市長会中核市候補市参加負担金,30,30
総務費,総務管理費,行政経営費,,,行政経営費,行政経営推進費,北方領土返還要求静岡県民会議負担金,30,30
総務費,総務管理費,行政経営費,,,行政経営費,行政経営推進費,会議、研修会出席者負担金,37,37
総務費,総務管理費,情報システ,,,,,,2551719,2260059
総務費,総務管理費,情報システ,報償費,,,,,264,297
総務費,総務管理費,情報システ,旅費,,,,,412,414
総務費,総務管理費,情報システ,旅費,費用弁償,,,,60,60
総務費,総務管理費,情報システ,旅費,普通旅費,,,,183,182
総務費,総務管理費,情報システ,旅費,特別旅費,,,,169,172
総務費,総務管理費,情報システ,需用費,,,,,5031,3527
総務費,総務管理費,情報システ,需用費,消耗品費,,,,1602,1623
総務費,総務管理費,情報システ,需用費,印刷製本費,,,,929,929
総務費,総務管理費,情報システ,需用費,修繕料,,,,2500,975
総務費,総務管理費,情報システ,役務費,,,,,67035,64751
総務費,総務管理費,情報システ,役務費,通信運搬費,,,,61201,58366
総務費,総務管理費,情報システ,役務費,手数料,,,,5834,6385
総務費,総務管理費,情報システ,委託料,,,,,2004806,1610688
総務費,総務管理費,情報システ,使用料及び賃借料,,,,,463418,573989
総務費,総務管理費,情報システ,負担金、補助及び交付金,,,,,10753,5538
総務費,総務管理費,情報システ,負担金、補助及び交付金,負担金,,,,1574,1573
総務費,総務管理費,情報システ,負担金、補助及び交付金,交付金,,,,9179,3965
総務費,総務管理費,情報システ,,,情報化推進費,,,2520225,2235456
総務費,総務管理費,情報システ,,,情報化推進費,ネットワーク管理事業費,,127108,104101
総務費,総務管理費,情報システ,,,情報化推進費,ネットワーク管理事業費,テレワーク環境運用管理,,
総務費,総務管理費,情報システ,,,情報化推進費,ネットワーク管理事業費,出先機関ネットワーク機器更新,,0
総務費,総務管理費,情報システ,,,情報化推進費,ネットワーク管理事業費,ネットワーク機器運用（732台）,,0
総務費,総務管理費,情報システ,,,情報化推進費,ネットワーク管理事業費,出先機関（133か所）ネットワーク,,0
総務費,総務管理費,情報システ,,,情報化推進費,ネットワーク管理事業費,会議、研修会出席者負担金,121,80
総務費,総務管理費,情報システ,,,情報化推進費,セキュリティ対策事業費,,39525,37044
総務費,総務管理費,情報システ,,,情報化推進費,セキュリティ対策事業費,情報セキュリティポリシー運用管理,,
総務費,総務管理費,情報システ,,,情報化推進費,セキュリティ対策事業費,セキュリティ対策機器運用管理,,
総務費,総務管理費,情報システ,,,情報化推進費,セキュリティ対策事業費,自治体情報セキュリティクラウド,,
総務費,総務管理費,情報システ,,,情報化推進費,セキュリティ対策事業費,会議、研修会出席者負担金,105,105
総務費,総務管理費,情報システ,,,情報化推進費,庁内ＯＡ化推進事業費,,643513,509662
総務費,総務管理費,情報システ,,,情報化推進費,庁内ＯＡ化推進事業費,庁内ＯＡ化システム（端末・サーバ）更新,,0
総務費,総務管理費,情報システ,,,情報化推進費,庁内ＯＡ化推進事業費,"庁内ＯＡ化機器管理（端末2,365台）",,0
総務費,総務管理費,情報システ,,,情報化推進費,庁内ＯＡ化推進事業費,全庁型地理情報システム運用管理,,
総務費,総務管理費,情報システ,,,情報化推進費,庁内ＯＡ化推進事業費,財務会計・文書管理システム運用管理,,
総務費,総務管理費,情報システ,,,情報化推進費,庁内ＯＡ化推進事業費,複合機統合管理システム等運用管理,,
総務費,総務管理費,情報システ,,,情報化推進費,庁内ＯＡ化推進事業費,ウェブ会議環境運用管理,,
総務費,総務管理費,情報システ,,,情報化推進費,庁内ＯＡ化推進事業費,ＲＰＡシステム運用管理,,
総務費,総務管理費,情報システ,,,情報化推進費,庁内ＯＡ化推進事業費,会議、研修会出席者負担金,73,113
総務費,総務管理費,情報システ,,,情報化推進費,共同電算事業費,,1710079,1584649
総務費,総務管理費,情報システ,,,情報化推進費,共同電算事業費,富士市・富士宮市共同電算,,
総務費,総務管理費,情報システ,,,情報化推進費,共同電算事業費,第３期共同電算事業（標準化対応等）,,0
総務費,総務管理費,情報システ,,,情報化推進費,共同電算事業費,社会保障・税番号制度,9179,3965
総務費,総務管理費,情報システ,,,情報化推進費,共同電算事業費,中間サーバー・プラットフォーム交付金,,
総務費,総務管理費,情報システ,,,情報化推進費,共同電算事業費,地方公共団体情報システム機構負担金,270,270
総務費,総務管理費,情報システ,,,情報化推進費,共同電算事業費,会議、研修会出席者負担金,55,55
総務費,総務管理費,情報システ,,,情報政策費,,,31494,24603
総務費,総務管理費,情報システ,,,情報政策費,情報化計画推進事業費,,29264,24603
総務費,総務管理費,情報システ,,,情報政策費,情報化計画推進事業費,第５次情報化計画策定,,
総務費,総務管理費,情報システ,,,情報政策費,情報化計画推進事業費,マイナポータル手続支援,,
総務費,総務管理費,情報システ,,,情報政策費,情報化計画推進事業費,条例・規則等におけるアナログ規制の,,0
総務費,総務管理費,情報システ,,,情報政策費,情報化計画推進事業費,データ利活用促進事業,,
総務費,総務管理費,情報システ,,,情報政策費,情報化計画推進事業費,公共施設予約システム（オンライン決済対応）,,
総務費,総務管理費,情報システ,,,情報政策費,情報化計画推進事業費,電子申請システム（オンライン決済対応）,,
総務費,総務管理費,情報システ,,,情報政策費,情報化計画推進事業費,市民向け地図情報システム,,0
総務費,総務管理費,情報システ,,,情報政策費,情報化計画推進事業費,デジタル格差解消のための産学官民連携事業,,
総務費,総務管理費,情報システ,,,情報政策費,情報化計画推進事業費,窓口手数料等キャッシュレス化推進,,
総務費,総務管理費,情報システ,,,情報政策費,情報化計画推進事業費,ＡＩ－ＯＣＲシステム導入,,0
総務費,総務管理費,情報システ,,,情報政策費,情報化計画推進事業費,ＭＣＲコンソーシアム負担金,840,840
総務費,総務管理費,情報システ,,,情報政策費,情報化計画推進事業費,会議、研修会出席者負担金,110,110
総務費,総務管理費,情報システ,,,情報政策費,デジタルマーケティング推進事業費,,2230,0
総務費,総務管理費,情報システ,,,情報政策費,デジタルマーケティング推進事業費,コンテンツ制作・広告配信・分析,,0
総務費,総務管理費,情報システ,,,情報政策費,デジタルマーケティング推進事業費,デジタルマーケティング研修実施,,0
総務費,総務管理費,公平委員会,,,,,,391,405
総務費,総務管理費,公平委員会,報酬,,,,,170,180
総務費,総務管理費,公平委員会,旅費,,,,,78,108
総務費,総務管理費,公平委員会,旅費,費用弁償,,,,51,66
総務費,総務管理費,公平委員会,旅費,特別旅費,,,,27,42
総務費,総務管理費,公平委員会,需用費,,,,,16,17
総務費,総務管理費,公平委員会,需用費,消耗品費,,,,15,15
総務費,総務管理費,公平委員会,需用費,食糧費,,,,1,2
総務費,総務管理費,公平委員会,負担金、補助及び交付金,,,,,127,100
総務費,総務管理費,公平委員会,負担金、補助及び交付金,負担金,,,,127,100
総務費,総務管理費,公平委員会,,,給与費,,,170,180
総務費,総務管理費,公平委員会,,,給与費,公平委員　３人,,170,180
総務費,総務管理費,公平委員会,,,公平委員会費,,,221,225
総務費,総務管理費,公平委員会,,,公平委員会費,公平委員会運営費,,221,225
総務費,総務管理費,公平委員会,,,公平委員会費,公平委員会運営費,全国公平委員会連合会負担金,58,58
総務費,総務管理費,公平委員会,,,公平委員会費,公平委員会運営費,全国公平委員会連合会東海支部負担金,10,10
総務費,総務管理費,公平委員会,,,公平委員会費,公平委員会運営費,県公平委員会連合会負担金,18,18
総務費,総務管理費,公平委員会,,,公平委員会費,公平委員会運営費,会議、研修会出席者負担金,41,14
総務費,総務管理費,地域振興費,,,,,,162691,173645
総務費,総務管理費,地域振興費,報酬,,,,,2132,2421
総務費,総務管理費,地域振興費,職員手当等,,,,,447,511
総務費,総務管理費,地域振興費,職員手当等,期末手当,,,,385,437
総務費,総務管理費,地域振興費,職員手当等,勤勉手当,,,,62,74
総務費,総務管理費,地域振興費,共済費,,,,,398,425
総務費,総務管理費,地域振興費,報償費,,,,,2009,1929
総務費,総務管理費,地域振興費,旅費,,,,,215,246
総務費,総務管理費,地域振興費,旅費,費用弁償,,,,106,131
総務費,総務管理費,地域振興費,旅費,普通旅費,,,,16,14
総務費,総務管理費,地域振興費,旅費,特別旅費,,,,93,101
総務費,総務管理費,地域振興費,需用費,,,,,2839,3447
総務費,総務管理費,地域振興費,需用費,消耗品費,,,,1459,1576
総務費,総務管理費,地域振興費,需用費,食糧費,,,,3,5
総務費,総務管理費,地域振興費,需用費,印刷製本費,,,,1377,1866
総務費,総務管理費,地域振興費,役務費,,,,,41259,41342
総務費,総務管理費,地域振興費,役務費,通信運搬費,,,,50,50
総務費,総務管理費,地域振興費,役務費,手数料,,,,41011,41094
総務費,総務管理費,地域振興費,役務費,保険料,,,,198,198
総務費,総務管理費,地域振興費,委託料,,,,,4701,4301
総務費,総務管理費,地域振興費,負担金、補助及び交付金,,,,,108691,119023
総務費,総務管理費,地域振興費,負担金、補助及び交付金,負担金,,,,40,40
総務費,総務管理費,地域振興費,負担金、補助及び交付金,補助金,,,,83125,87237
総務費,総務管理費,地域振興費,負担金、補助及び交付金,交付金,,,,25526,31746
総務費,総務管理費,地域振興費,,,給与費,,,3055,3435
総務費,総務管理費,地域振興費,,,給与費,まちづくり活動推進審議会委員　１２人,,200,330
総務費,総務管理費,地域振興費,,,給与費,パートタイム会計年度任用職員,,2855,3105
総務費,総務管理費,地域振興費,,,自治振興費,,,159208,169788
総務費,総務管理費,地域振興費,,,自治振興費,自治振興事業費,,91993,89966
総務費,総務管理費,地域振興費,,,自治振興費,自治振興事業費,広報紙等配布（388町内会・区）,,
総務費,総務管理費,地域振興費,,,自治振興費,自治振興事業費,町内会等自治組織振興,,
総務費,総務管理費,地域振興費,,,自治振興費,自治振興事業費,町内会区域図データ更新,,
総務費,総務管理費,地域振興費,,,自治振興費,自治振興事業費,町内会連合会活動事業補助金,1650,1650
総務費,総務管理費,地域振興費,,,自治振興費,自治振興事業費,公会堂設置費等補助金,29545,27310
総務費,総務管理費,地域振興費,,,自治振興費,自治振興事業費,掲示板設置費補助金,400,400
総務費,総務管理費,地域振興費,,,自治振興費,自治振興事業費,町内会長交付金,17867,17868
総務費,総務管理費,地域振興費,,,自治振興費,自治振興事業費,会議、研修会出席者負担金,20,20
総務費,総務管理費,地域振興費,,,自治振興費,コミュニティづくり推進事業費,,67215,79822
総務費,総務管理費,地域振興費,,,自治振興費,コミュニティづくり推進事業費,次期まちづくり活動推進計画策定,,0
総務費,総務管理費,地域振興費,,,自治振興費,コミュニティづくり推進事業費,各地区住民アンケート結果フィードバック,,0
総務費,総務管理費,地域振興費,,,自治振興費,コミュニティづくり推進事業費,まちづくり協議会事務局運営担当研修開催,,0
総務費,総務管理費,地域振興費,,,自治振興費,コミュニティづくり推進事業費,地区別人材育成講座開催,,
総務費,総務管理費,地域振興費,,,自治振興費,コミュニティづくり推進事業費,まちづくり協議会部会長交流会開催,,
総務費,総務管理費,地域振興費,,,自治振興費,コミュニティづくり推進事業費,まちづくり協議会認知度ＵＰラジオ放送事業,,0
総務費,総務管理費,地域振興費,,,自治振興費,コミュニティづくり推進事業費,地域コミュニティづくり補助金,5000,2500
総務費,総務管理費,地域振興費,,,自治振興費,コミュニティづくり推進事業費,まちづくり協議会連合会活動事業補助金,726,726
総務費,総務管理費,地域振興費,,,自治振興費,コミュニティづくり推進事業費,まちづくり協議会事務局支援補助金,13432,27104
総務費,総務管理費,地域振興費,,,自治振興費,コミュニティづくり推進事業費,まちづくり推進事業補助金,10600,8800
総務費,総務管理費,地域振興費,,,自治振興費,コミュニティづくり推進事業費,まちづくり協議会活性化補助金,21772,18747
総務費,総務管理費,地域振興費,,,自治振興費,コミュニティづくり推進事業費,まちづくり活動推進一括交付金,7659,13878
総務費,総務管理費,地域振興費,,,自治振興費,コミュニティづくり推進事業費,会議、研修会出席者負担金,20,20
総務費,総務管理費,地域振興費,,,市民憲章推進費,,,428,422
総務費,総務管理費,地域振興費,,,市民憲章推進費,市民憲章推進事業費,,428,422
総務費,総務管理費,地域振興費,,,市民憲章推進費,市民憲章推進事業費,市民憲章の普及啓発,,
総務費,総務管理費,住居表示整,,,,,,63,55
総務費,総務管理費,住居表示整,需用費,,,,,63,55
総務費,総務管理費,住居表示整,需用費,消耗品費,,,,63,55
総務費,総務管理費,住居表示整,,,住居表示整備費,,,63,55
総務費,総務管理費,住居表示整,,,住居表示整備費,住居表示管理事業費,,63,55
総務費,総務管理費,住居表示整,,,住居表示整備費,住居表示管理事業費,住居表示実施区域の付番,,
総務費,総務管理費,式典行事費,,,,,,1723,3754
総務費,総務管理費,式典行事費,報酬,,,,,50,50
総務費,総務管理費,式典行事費,報償費,,,,,1291,1566
総務費,総務管理費,式典行事費,需用費,,,,,318,685
総務費,総務管理費,式典行事費,需用費,消耗品費,,,,57,433
総務費,総務管理費,式典行事費,需用費,食糧費,,,,4,4
総務費,総務管理費,式典行事費,需用費,印刷製本費,,,,257,248
総務費,総務管理費,式典行事費,役務費,,,,,48,37
総務費,総務管理費,式典行事費,役務費,手数料,,,,2,2
総務費,総務管理費,式典行事費,役務費,筆耕翻訳料,,,,46,35
総務費,総務管理費,式典行事費,使用料及び賃借料,,,,,16,16
総務費,総務管理費,式典行事費,,,給与費,,,50,50
総務費,総務管理費,式典行事費,,,給与費,表彰審査委員会委員　５人,,50,50
総務費,総務管理費,式典行事費,,,式典行事費,,,1673,3704
総務費,総務管理費,式典行事費,,,式典行事費,市長表彰費,,1412,3437
総務費,総務管理費,式典行事費,,,式典行事費,市長表彰費,表彰条例に基づく表彰,,
総務費,総務管理費,式典行事費,,,式典行事費,地域社会貢献者褒賞表彰費,,261,267
総務費,総務管理費,式典行事費,,,式典行事費,地域社会貢献者褒賞表彰費,地域社会貢献者褒賞規則に基づく表彰,,
総務費,総務管理費,多文化共生,,,,,,36167,36594
総務費,総務管理費,多文化共生,報酬,,,,,17709,21329
総務費,総務管理費,多文化共生,職員手当等,,,,,3031,3781
総務費,総務管理費,多文化共生,職員手当等,期末手当,,,,2613,3236
総務費,総務管理費,多文化共生,職員手当等,勤勉手当,,,,418,545
総務費,総務管理費,多文化共生,共済費,,,,,2731,3328
総務費,総務管理費,多文化共生,報償費,,,,,2525,2247
総務費,総務管理費,多文化共生,旅費,,,,,1376,1540
総務費,総務管理費,多文化共生,旅費,費用弁償,,,,1331,1485
総務費,総務管理費,多文化共生,旅費,普通旅費,,,,16,13
総務費,総務管理費,多文化共生,旅費,特別旅費,,,,29,42
総務費,総務管理費,多文化共生,需用費,,,,,1072,1386
総務費,総務管理費,多文化共生,需用費,消耗品費,,,,197,114
総務費,総務管理費,多文化共生,需用費,食糧費,,,,4,3
総務費,総務管理費,多文化共生,需用費,印刷製本費,,,,268,723
総務費,総務管理費,多文化共生,需用費,光熱水費,,,,603,543
総務費,総務管理費,多文化共生,役務費,,,,,1232,387
総務費,総務管理費,多文化共生,役務費,通信運搬費,,,,1003,246
総務費,総務管理費,多文化共生,役務費,筆耕翻訳料,,,,229,141
総務費,総務管理費,多文化共生,委託料,,,,,6030,2030
総務費,総務管理費,多文化共生,使用料及び賃借料,,,,,461,417
総務費,総務管理費,多文化共生,,,給与費,,,24758,29862
総務費,総務管理費,多文化共生,,,給与費,パートタイム会計年度任用職員,,24758,29862
総務費,総務管理費,多文化共生,,,給与費,パートタイム会計年度任用職員,ポルトガル語通訳　　　　　　 2人,,0
総務費,総務管理費,多文化共生,,,給与費,パートタイム会計年度任用職員,スペイン語通訳　　　　　　　 1人,,0
総務費,総務管理費,多文化共生,,,給与費,パートタイム会計年度任用職員,国際交流ラウンジ言語通訳　　16人,,0
総務費,総務管理費,多文化共生,,,多文化共生費,,,11409,6732
総務費,総務管理費,多文化共生,,,多文化共生費,国際交流ラウンジ費,,1838,1839
総務費,総務管理費,多文化共生,,,多文化共生費,国際交流ラウンジ費,国際交流ラウンジ運営,,
総務費,総務管理費,多文化共生,,,多文化共生費,国際交流ラウンジ費,日本語教室等開催,,
総務費,総務管理費,多文化共生,,,多文化共生費,地域国際化事業費,,9571,4893
総務費,総務管理費,多文化共生,,,多文化共生費,地域国際化事業費,多文化共生に関する市民意識調査,,0
総務費,総務管理費,多文化共生,,,多文化共生費,地域国際化事業費,外国人市民懇話会開催,,0
総務費,総務管理費,多文化共生,,,多文化共生費,地域国際化事業費,外国人相談,,
総務費,総務管理費,多文化共生,,,多文化共生費,地域国際化事業費,在住外国人支援,,
総務費,総務管理費,多文化共生,,,多文化共生費,地域国際化事業費,国際交流フェア開催,,
総務費,総務管理費,多文化共生,,,多文化共生費,地域国際化事業費,学習サポートセンター運営,,
総務費,総務管理費,多文化共生,,,多文化共生費,地域国際化事業費,外国人のための日本語講座開催,,
総務費,総務管理費,多文化共生,,,多文化共生費,地域国際化事業費,対話・交流型日本語教室開催,,
総務費,総務管理費,防犯まちづ,,,,,,53118,54275
総務費,総務管理費,防犯まちづ,報酬,,,,,91,91
総務費,総務管理費,防犯まちづ,報償費,,,,,147,265
総務費,総務管理費,防犯まちづ,旅費,,,,,12,12
総務費,総務管理費,防犯まちづ,旅費,普通旅費,,,,12,12
総務費,総務管理費,防犯まちづ,需用費,,,,,1408,1508
総務費,総務管理費,防犯まちづ,需用費,消耗品費,,,,413,384
総務費,総務管理費,防犯まちづ,需用費,食糧費,,,,4,4
総務費,総務管理費,防犯まちづ,需用費,印刷製本費,,,,109,109
総務費,総務管理費,防犯まちづ,需用費,光熱水費,,,,732,799
総務費,総務管理費,防犯まちづ,需用費,修繕料,,,,150,212
総務費,総務管理費,防犯まちづ,役務費,,,,,10,12
総務費,総務管理費,防犯まちづ,役務費,手数料,,,,10,12
総務費,総務管理費,防犯まちづ,工事請負費,,,,,1650,587
総務費,総務管理費,防犯まちづ,負担金、補助及び交付金,,,,,49800,50989
総務費,総務管理費,防犯まちづ,負担金、補助及び交付金,負担金,,,,8450,8460
総務費,総務管理費,防犯まちづ,負担金、補助及び交付金,補助金,,,,41350,42529
総務費,総務管理費,防犯まちづ,,,給与費,,,91,91
総務費,総務管理費,防犯まちづ,,,給与費,生活安全推進協議会委員　１３人,,91,91
総務費,総務管理費,防犯まちづ,,,防犯まちづくり推進費,,,53027,54184
総務費,総務管理費,防犯まちづ,,,防犯まちづくり推進費,防犯まちづくり推進事業費,,20595,24080
総務費,総務管理費,防犯まちづ,,,防犯まちづくり推進費,防犯まちづくり推進事業費,防犯講座・講演会開催,,
総務費,総務管理費,防犯まちづ,,,防犯まちづくり推進費,防犯まちづくり推進事業費,街頭防犯カメラ設置,,0
総務費,総務管理費,防犯まちづ,,,防犯まちづくり推進費,防犯まちづくり推進事業費,防犯思想普及事業費補助金,8200,8300
総務費,総務管理費,防犯まちづ,,,防犯まちづくり推進費,防犯まちづくり推進事業費,暴力追放推進事業費補助金,400,400
総務費,総務管理費,防犯まちづ,,,防犯まちづくり推進費,防犯まちづくり推進事業費,通学路防犯カメラ設置事業費補助金,2000,4290
総務費,総務管理費,防犯まちづ,,,防犯まちづくり推進費,防犯まちづくり推進事業費,防犯まちづくり事業負担金,8300,8300
総務費,総務管理費,防犯まちづ,,,防犯まちづくり推進費,防犯まちづくり推進事業費,子どもの体験型防犯講座開催負担金,150,160
総務費,総務管理費,防犯まちづ,,,防犯まちづくり推進費,防犯用街路灯事業費,,32064,29797
総務費,総務管理費,防犯まちづ,,,防犯まちづくり推進費,防犯用街路灯事業費,防犯用街路灯設置、維持管理,,
総務費,総務管理費,防犯まちづ,,,防犯まちづくり推進費,防犯用街路灯事業費,防犯用街路灯維持管理費補助金,25800,25800
総務費,総務管理費,防犯まちづ,,,防犯まちづくり推進費,防犯用街路灯事業費,ＬＥＤ防犯灯設置費補助金,4950,2464
総務費,総務管理費,防犯まちづ,,,防犯まちづくり推進費,薬物乱用防止事業費,,368,307
総務費,総務管理費,防犯まちづ,,,防犯まちづくり推進費,薬物乱用防止事業費,薬物乱用撲滅啓発運動,,
総務費,総務管理費,交通安全対,,,,,,62592,69092
総務費,総務管理費,交通安全対,報酬,,,,,1964,2107
総務費,総務管理費,交通安全対,職員手当等,,,,,455,516
総務費,総務管理費,交通安全対,職員手当等,期末手当,,,,392,441
総務費,総務管理費,交通安全対,職員手当等,勤勉手当,,,,63,75
総務費,総務管理費,交通安全対,共済費,,,,,401,425
総務費,総務管理費,交通安全対,報償費,,,,,19465,18150
総務費,総務管理費,交通安全対,旅費,,,,,88,94
総務費,総務管理費,交通安全対,旅費,費用弁償,,,,78,78
総務費,総務管理費,交通安全対,旅費,普通旅費,,,,10,16
総務費,総務管理費,交通安全対,需用費,,,,,2854,5953
総務費,総務管理費,交通安全対,需用費,消耗品費,,,,2598,5697
総務費,総務管理費,交通安全対,需用費,食糧費,,,,6,6
総務費,総務管理費,交通安全対,需用費,印刷製本費,,,,250,250
総務費,総務管理費,交通安全対,役務費,,,,,2665,2618
総務費,総務管理費,交通安全対,役務費,通信運搬費,,,,1350,1248
総務費,総務管理費,交通安全対,役務費,手数料,,,,1276,1335
総務費,総務管理費,交通安全対,役務費,保険料,,,,39,35
総務費,総務管理費,交通安全対,委託料,,,,,2464,1731
総務費,総務管理費,交通安全対,負担金、補助及び交付金,,,,,32236,37467
総務費,総務管理費,交通安全対,負担金、補助及び交付金,負担金,,,,32236,37467
総務費,総務管理費,交通安全対,,,給与費,,,2898,3126
総務費,総務管理費,交通安全対,,,給与費,パートタイム会計年度任用職員,,2898,3126
総務費,総務管理費,交通安全対,,,交通安全管理費,,,297,297
総務費,総務管理費,交通安全対,,,交通安全管理費,交通安全管理事務費,,297,297
総務費,総務管理費,交通安全対,,,交通安全普及事業費,,,22035,20259
総務費,総務管理費,交通安全対,,,交通安全普及事業費,交通安全運動推進事業費,,1056,1056
総務費,総務管理費,交通安全対,,,交通安全普及事業費,交通安全運動推進事業費,交通安全運動　年4回,,
総務費,総務管理費,交通安全対,,,交通安全普及事業費,交通安全運動推進事業費,主要交差点街頭指導,,
総務費,総務管理費,交通安全対,,,交通安全普及事業費,交通安全運動推進事業費,のぼり旗・啓発品等配布,,
総務費,総務管理費,交通安全対,,,交通安全普及事業費,交通安全教育推進事業費,,20979,19203
総務費,総務管理費,交通安全対,,,交通安全普及事業費,交通安全教育推進事業費,児童・生徒交通安全教育,,
総務費,総務管理費,交通安全対,,,交通安全普及事業費,交通安全教育推進事業費,高齢者交通安全教育,,
総務費,総務管理費,交通安全対,,,交通安全普及事業費,交通安全教育推進事業費,高齢者運転免許証返納支援,,
総務費,総務管理費,交通安全対,,,交通安全団体育成費,,,37362,45410
総務費,総務管理費,交通安全対,,,交通安全団体育成費,交通安全団体育成事業費,,5182,7999
総務費,総務管理費,交通安全対,,,交通安全団体育成費,交通安全団体育成事業費,市交通安全指導員報償等経費,,
総務費,総務管理費,交通安全対,,,交通安全団体育成費,交通安全団体育成事業費,県指導員会連合会負担金,56,56
総務費,総務管理費,交通安全対,,,交通安全団体育成費,交通安全団体活動事業費,,32180,37411
総務費,総務管理費,交通安全対,,,交通安全団体育成費,交通安全団体活動事業費,県交通安全指導員設置費負担金,32180,37411
総務費,総務管理費,市民活動支,,,,,,39523,29828
総務費,総務管理費,市民活動支,報酬,,,,,533,533
総務費,総務管理費,市民活動支,報償費,,,,,408,353
総務費,総務管理費,市民活動支,旅費,,,,,24,24
総務費,総務管理費,市民活動支,旅費,費用弁償,,,,19,19
総務費,総務管理費,市民活動支,旅費,普通旅費,,,,5,5
総務費,総務管理費,市民活動支,需用費,,,,,8380,399
総務費,総務管理費,市民活動支,需用費,消耗品費,,,,52,35
総務費,総務管理費,市民活動支,需用費,印刷製本費,,,,64,64
総務費,総務管理費,市民活動支,需用費,修繕料,,,,8264,300
総務費,総務管理費,市民活動支,役務費,,,,,3500,3482
総務費,総務管理費,市民活動支,役務費,保険料,,,,3500,3482
総務費,総務管理費,市民活動支,委託料,,,,,23408,23408
総務費,総務管理費,市民活動支,使用料及び賃借料,,,,,2770,1129
総務費,総務管理費,市民活動支,負担金、補助及び交付金,,,,,500,500
総務費,総務管理費,市民活動支,負担金、補助及び交付金,補助金,,,,500,500
総務費,総務管理費,市民活動支,,,給与費,,,533,533
総務費,総務管理費,市民活動支,,,給与費,市民協働推進審議会委員　１１人,,533,533
総務費,総務管理費,市民活動支,,,市民活動支援費,,,4540,4450
総務費,総務管理費,市民活動支,,,市民活動支援費,市民活動支援事業費,,1038,966
総務費,総務管理費,市民活動支,,,市民活動支援費,市民活動支援事業費,市民協働推進審議会開催,,
総務費,総務管理費,市民活動支,,,市民活動支援費,市民活動支援事業費,ＦＵＪＩ未来塾開催,,
総務費,総務管理費,市民活動支,,,市民活動支援費,市民活動支援事業費,特定非営利活動促進法等に関する認証事務,,
総務費,総務管理費,市民活動支,,,市民活動支援費,市民活動支援事業費,市民協働スタートアップ補助金,500,500
総務費,総務管理費,市民活動支,,,市民活動支援費,市民活動総合保険費,,3502,3484
総務費,総務管理費,市民活動支,,,市民活動支援費,市民活動総合保険費,市民活動を対象とした保険制度,,
総務費,総務管理費,市民活動支,,,市民活動センター運営費,,,34450,24845
総務費,総務管理費,市民活動支,,,市民活動センター運営費,市民活動センター運営事業費,,34450,24845
総務費,総務管理費,市民活動支,,,市民活動センター運営費,市民活動センター運営事業費,施設運営管理（指定管理）,,
総務費,総務管理費,市民活動支,,,市民活動センター運営費,市民活動センター運営事業費,空調設備改修,,0
総務費,総務管理費,市民活動支,,,市民活動センター運営費,市民活動センター運営事業費,昇降機改修,,0
総務費,総務管理費,市民交流施,,,,,,103013,106440
総務費,総務管理費,市民交流施,需用費,,,,,8801,12228
総務費,総務管理費,市民交流施,需用費,消耗品費,,,,1,1
総務費,総務管理費,市民交流施,需用費,修繕料,,,,8800,12227
総務費,総務管理費,市民交流施,委託料,,,,,94112,94112
総務費,総務管理費,市民交流施,備品購入費,,,,,100,100
総務費,総務管理費,市民交流施,,,市民交流施設運営費,,,103013,106440
総務費,総務管理費,市民交流施,,,市民交流施設運営費,市民交流施設運営事業費,,103013,106440
総務費,総務管理費,市民交流施,,,市民交流施設運営費,市民交流施設運営事業費,交流プラザ・富士川ふれあいホール,,
総務費,総務管理費,市民交流施,,,市民交流施設運営費,市民交流施設運営事業費,交流プラザ雨漏り修繕,,0
総務費,総務管理費,まちづくり,,,,,,159436,190281
総務費,総務管理費,まちづくり,報酬,,,,,55876,52267
総務費,総務管理費,まちづくり,給料,,,,,185930,167159
総務費,総務管理費,まちづくり,職員手当等当,,,,,126957,118819
総務費,総務管理費,まちづくり,職員手当等当,扶養手当,,,,3179,3545
総務費,総務管理費,まちづくり,職員手当等当,地域手当,,,,5683,6860
総務費,総務管理費,まちづくり,職員手当等当,住居手当,,,,1835,1290
総務費,総務管理費,まちづくり,職員手当等当,通勤手当,,,,5022,4904
総務費,総務管理費,まちづくり,職員手当等当,時間外勤務手,,,,20000,20000
総務費,総務管理費,まちづくり,職員手当等当,休日勤務手当,,,,500,500
総務費,総務管理費,まちづくり,職員手当等当,期末手当,,,,53815,48781
総務費,総務管理費,まちづくり,職員手当等当,勤勉手当,,,,36923,32939
総務費,総務管理費,まちづくり,共済費,,,,,72257,65063
総務費,総務管理費,まちづくり,旅費,,,,,79,1757
総務費,総務管理費,まちづくり,旅費,費用弁償,,,,1955,1721
総務費,総務管理費,まちづくり,旅費,普通旅費,,,,79,36
総務費,総務管理費,まちづくり,需用費,,,,,40,88
総務費,総務管理費,まちづくり,需用費,消耗品費,,,,5114,88
総務費,総務管理費,まちづくり,需用費,燃料費,,,,414,350
総務費,総務管理費,まちづくり,需用費,食糧費,,,,9,8
総務費,総務管理費,まちづくり,需用費,印刷製本費,,,,40,817
総務費,総務管理費,まちづくり,需用費,光熱水費,,,,36511,32040
総務費,総務管理費,まちづくり,需用費,修繕料,,,,17000,17000
総務費,総務管理費,まちづくり,役務費,,,,,213,193
総務費,総務管理費,まちづくり,役務費,通信運搬費,,,,3986,3481
総務費,総務管理費,まちづくり,役務費,手数料,,,,213,193
総務費,総務管理費,まちづくり,委託料,,,,,140155,28000
総務費,総務管理費,まちづくり,使用料及び賃借料,,,,,9506,8430
総務費,総務管理費,まちづくり,工事請負費,,,,,158280,156000
総務費,総務管理費,まちづくり,備品購入費,,,,,1340,6000
総務費,総務管理費,まちづくり,負担金、補助及び交付金,,,,,824,130
総務費,総務管理費,まちづくり,負担金、補助及び交付金,補助金,,,,390,130
総務費,総務管理費,まちづくり,,,給与費,,,442975,405029
総務費,総務管理費,まちづくり,,,給与費,一般職　４５人,,361483,0
総務費,総務管理費,まちづくり,,,給与費,パートタイム会計年度任用職員,,81492,76829
総務費,総務管理費,まちづくり,,,給与費,パートタイム会計年度任用職員,まちづくりセンター補助員　　　22人,,0
総務費,総務管理費,まちづくり,,,給与費,パートタイム会計年度任用職員,サービスコーナー支援員　　　 　1人,,0
総務費,総務管理費,まちづくり,,,まちづくりセンター運営管理費,,,168329,214763
総務費,総務管理費,まちづくり,,,まちづくりセンター運営管理費,まちづくりセンター運営管理事業費,,114262,161450
総務費,総務管理費,まちづくり,,,まちづくりセンター運営管理費,まちづくりセンター運営管理事業費,施設運営管理（指定管理）,,
総務費,総務管理費,まちづくり,,,まちづくりセンター運営管理費,まちづくりセンター運営管理事業費,まちづくりセンター維持管理,,
総務費,総務管理費,まちづくり,,,まちづくりセンター運営管理費,まちづくりセンター運営管理事業費,地区まちづくりセンター,390,0
総務費,総務管理費,まちづくり,,,まちづくりセンター運営管理費,まちづくりセンター受付管理事業費,,51741,51661
総務費,総務管理費,まちづくり,,,まちづくりセンター運営管理費,まちづくりセンター受付管理事業費,受付管理業務（平日夜間、土曜日、日曜日）,,
総務費,総務管理費,まちづくり,,,まちづくりセンター運営管理費,まちづくりセンター備品整備事業費,,1171,1121
総務費,総務管理費,まちづくり,,,まちづくりセンター運営管理費,まちづくりセンター備品整備事業費,ワイヤレスマイク等の備品整備,,0
総務費,総務管理費,まちづくり,,,まちづくりセンター運営管理費,市民サービスコーナー事業費,,1155,531
総務費,総務管理費,まちづくり,,,まちづくりセンター運営管理費,市民サービスコーナー事業費,市民サービスコーナーでの諸証明交付,,
総務費,総務管理費,まちづくり,,,まちづくりセンター施設管理費,,,215354,106688
総務費,総務管理費,まちづくり,,,まちづくりセンター施設管理費,まちづくりセンター施設管理事業費,,25196,25799
総務費,総務管理費,まちづくり,,,まちづくりセンター施設管理費,まちづくりセンター施設管理事業費,各種設備保守点検,,
総務費,総務管理費,まちづくり,,,まちづくりセンター施設管理費,まちづくりセンター維持補修事業費,,181918,42980
総務費,総務管理費,まちづくり,,,まちづくりセンター施設管理費,まちづくりセンター維持補修事業費,石積擁壁改修（今泉）,,0
総務費,総務管理費,まちづくり,,,まちづくりセンター施設管理費,まちづくりセンター維持補修事業費,屋上防水・外壁タイル改修（富士川）,,0
総務費,総務管理費,まちづくり,,,まちづくりセンター施設管理費,まちづくりセンター維持補修事業費,換気設備、非常用照明設備改修,,
総務費,総務管理費,まちづくり,,,まちづくりセンター施設管理費,まちづくりセンター維持補修事業費,不特定緊急維持補修　ほか,,
総務費,総務管理費,まちづくり,,,まちづくりセンター施設管理費,まちづくりセンター用地管理事業費,,8240,37909
総務費,総務管理費,まちづくり,,,まちづくりセンター施設管理費,まちづくりセンター用地管理事業費,まちづくりセンター用地・駐車場用地借上,,
総務費,総務管理費,まちづくり,負担金、補助及び交付金,負担金,,,,824,0
総務費,総務管理費,まちづくり,,,まちづくりセンター施設整備費,,,159436,190281
総務費,総務管理費,まちづくり,,,まちづくりセンター施設整備費,まちづくりセンターリニューアル事業費,,159436,190281
総務費,総務管理費,まちづくり,,,まちづくりセンター施設整備費,まちづくりセンターリニューアル事業費,原田まちづくりセンター,,
総務費,総務管理費,まちづくり,,,まちづくりセンター施設整備費,まちづくりセンターリニューアル事業費,（屋上・外壁防水、空調設備改修、,,
総務費,総務管理費,まちづくり,,,まちづくりセンター施設整備費,まちづくりセンターリニューアル事業費,電気工事負担金,604,0
総務費,総務管理費,まちづくり,,,まちづくりセンター施設整備費,まちづくりセンターリニューアル事業費,水道加入者負担金,220,0
総務費,総務管理費,財政調整基,,,,,,36175,56266
総務費,総務管理費,財政調整基,積立金,,,,,36175,56266
総務費,総務管理費,財政調整基,,,財政調整基金積立費,,,36175,56266
総務費,総務管理費,財政調整基,,,財政調整基金積立費,財政調整基金積立事業費,,36175,56266
総務費,総務管理費,財政調整基,,,財政調整基金積立費,財政調整基金積立事業費,財政調整基金積立金,,
総務費,総務管理費,諸費,,,,,,161000,161000
総務費,総務管理費,諸費,補償、補塡及び賠償金,,,,,1000,1000
総務費,総務管理費,諸費,補償、補塡及び賠償金,賠償金,,,,1000,1000
総務費,総務管理費,諸費,償還金、利子及び割引料,,,,,160000,160000
総務費,総務管理費,諸費,,,総務管理調整諸費,,,1000,1000
総務費,総務管理費,諸費,,,総務管理調整諸費,総務管理調整諸費,,1000,1000
総務費,総務管理費,諸費,,,総務管理調整諸費,総務管理調整諸費,損害賠償金,,
総務費,総務管理費,諸費,,,税務管理調整諸費,,,160000,160000
総務費,総務管理費,諸費,,,税務管理調整諸費,税務管理調整諸費,,160000,160000
総務費,総務管理費,諸費,,,税務管理調整諸費,税務管理調整諸費,過年度分市税還付金,,
総務費,徴税費,,,,,,,901591,929257
総務費,徴税費,税務総務費,,,,,,636677,687680
総務費,徴税費,税務総務費,報酬,,,,,17869,16658
総務費,徴税費,税務総務費,給料,,,,,312010,336435
総務費,徴税費,税務総務費,職員手当等当,,,,,200257,219751
総務費,徴税費,税務総務費,職員手当等当,管理職手当,,,,3014,3014
総務費,徴税費,税務総務費,職員手当等当,扶養手当,,,,5106,6157
総務費,徴税費,税務総務費,職員手当等当,地域手当,,,,9614,13838
総務費,徴税費,税務総務費,職員手当等当,住居手当,,,,3712,3696
総務費,徴税費,税務総務費,職員手当等当,通勤手当,,,,6731,7250
総務費,徴税費,税務総務費,職員手当等当,特殊勤務手当,,,,1200,1200
総務費,徴税費,税務総務費,職員手当等当,時間外勤務手,,,,36168,36168
総務費,徴税費,税務総務費,職員手当等当,休日勤務手当,,,,230,230
総務費,徴税費,税務総務費,職員手当等当,期末手当,,,,75036,82734
総務費,徴税費,税務総務費,職員手当等当,勤勉手当,,,,59446,65464
総務費,徴税費,税務総務費,共済費,,,,,103301,112060
総務費,徴税費,税務総務費,報償費,,,,,6,6
総務費,徴税費,税務総務費,旅費,,,,,1050,809
総務費,徴税費,税務総務費,旅費,費用弁償,,,,920,677
総務費,徴税費,税務総務費,旅費,普通旅費,,,,16,11
総務費,徴税費,税務総務費,旅費,特別旅費,,,,114,121
総務費,徴税費,税務総務費,需用費,,,,,1163,1083
総務費,徴税費,税務総務費,需用費,消耗品費,,,,609,569
総務費,徴税費,税務総務費,需用費,食糧費,,,,3,3
総務費,徴税費,税務総務費,需用費,印刷製本費,,,,501,461
総務費,徴税費,税務総務費,需用費,修繕料,,,,50,50
総務費,徴税費,税務総務費,役務費,,,,,179,136
総務費,徴税費,税務総務費,役務費,通信運搬費,,,,175,132
総務費,徴税費,税務総務費,役務費,手数料,,,,4,4
総務費,徴税費,税務総務費,委託料,,,,,61,0
総務費,徴税費,税務総務費,使用料及び賃借料,,,,,45,0
総務費,徴税費,税務総務費,負担金、補助及び交付金,,,,,736,742
総務費,徴税費,税務総務費,負担金、補助及び交付金,負担金,,,,736,742
総務費,徴税費,税務総務費,,,給与費,,,634357,685581
総務費,徴税費,税務総務費,,,給与費,固定資産評価審査委員会委員　３人,,180,180
総務費,徴税費,税務総務費,,,給与費,一般職　８７人,,607806,0
総務費,徴税費,税務総務費,,,給与費,パートタイム会計年度任用職員,,26371,24658
総務費,徴税費,税務総務費,,,税務管理費,,,2320,2099
総務費,徴税費,税務総務費,,,税務管理費,税務管理事務費,,2316,2095
総務費,徴税費,税務総務費,,,税務管理費,税務管理事務費,富士地方税務推進協議会負担金,125,125
総務費,徴税費,税務総務費,,,税務管理費,税務管理事務費,静岡地方税滞納整理機構負担金,440,441
総務費,徴税費,税務総務費,,,税務管理費,税務管理事務費,会議、研修会出席者負担金,171,176
総務費,徴税費,税務総務費,,,税務管理費,固定資産評価審査委員会事務費,,4,4
総務費,徴税費,税務総務費,,,税務管理費,固定資産評価審査委員会事務費,固定資産評価審査委員会運営,,
総務費,徴税費,賦課徴収費,,,,,,264914,241577
総務費,徴税費,賦課徴収費,報酬,,,,,28494,27077
総務費,徴税費,賦課徴収費,職員手当等,,,,,5408,4944
総務費,徴税費,賦課徴収費,職員手当等,期末手当,,,,4661,4231
総務費,徴税費,賦課徴収費,職員手当等,勤勉手当,,,,747,713
総務費,徴税費,賦課徴収費,共済費,,,,,5395,5023
総務費,徴税費,賦課徴収費,旅費,,,,,2260,2070
総務費,徴税費,賦課徴収費,旅費,費用弁償,,,,1506,1314
総務費,徴税費,賦課徴収費,旅費,普通旅費,,,,276,260
総務費,徴税費,賦課徴収費,旅費,特別旅費,,,,478,496
総務費,徴税費,賦課徴収費,需用費,,,,,7000,6750
総務費,徴税費,賦課徴収費,需用費,消耗品費,,,,2880,3075
総務費,徴税費,賦課徴収費,需用費,印刷製本費,,,,4120,3675
総務費,徴税費,賦課徴収費,役務費,,,,,61912,62522
総務費,徴税費,賦課徴収費,役務費,通信運搬費,,,,51314,51304
総務費,徴税費,賦課徴収費,役務費,手数料,,,,10598,11218
総務費,徴税費,賦課徴収費,委託料,,,,,95629,65416
総務費,徴税費,賦課徴収費,使用料及び賃借料,,,,,17724,17531
総務費,徴税費,賦課徴収費,負担金、補助及び交付金,,,,,40592,49789
総務費,徴税費,賦課徴収費,負担金、補助及び交付金,負担金,,,,40592,49789
総務費,徴税費,賦課徴収費,償還金、利子及び割引料,,,,,500,300
総務費,徴税費,賦課徴収費,,,給与費,,,40801,38356
総務費,徴税費,賦課徴収費,,,給与費,パートタイム会計年度任用職員　（収納）,,16374,10205
総務費,徴税費,賦課徴収費,,,給与費,パートタイム会計年度任用職員　（収納）,徴収指導員　1人,,0
総務費,徴税費,賦課徴収費,,,給与費,パートタイム会計年度任用職員　（市民税）,,16276,19623
総務費,徴税費,賦課徴収費,,,給与費,パートタイム会計年度任用職員　（資産税）,,8151,8528
総務費,徴税費,賦課徴収費,,,収税賦課収納事務費,,,87036,95139
総務費,徴税費,賦課徴収費,,,収税賦課収納事務費,収税賦課収納事務費,,87036,95139
総務費,徴税費,賦課徴収費,,,収税賦課収納事務費,収税賦課収納事務費,市税の収納・滞納の督促等,,
総務費,徴税費,賦課徴収費,,,収税賦課収納事務費,収税賦課収納事務費,口座振替,,
総務費,徴税費,賦課徴収費,,,収税賦課収納事務費,収税賦課収納事務費,市税コンビニエンスストア収納,,
総務費,徴税費,賦課徴収費,,,収税賦課収納事務費,収税賦課収納事務費,市税キャッシュレス収納,,
総務費,徴税費,賦課徴収費,,,収税賦課収納事務費,収税賦課収納事務費,自動音声電話催告システム運用管理,,
総務費,徴税費,賦課徴収費,,,収税賦課収納事務費,収税賦課収納事務費,地方税共同機構負担金,19939,27018
総務費,徴税費,賦課徴収費,,,収税賦課収納事務費,収税賦課収納事務費,共通納税システム収納手数料負担金,5883,6749
総務費,徴税費,賦課徴収費,,,市民税賦課収納事務費,,,38141,39056
総務費,徴税費,賦課徴収費,,,市民税賦課収納事務費,市民税賦課収納事務費,,38141,39056
総務費,徴税費,賦課徴収費,,,市民税賦課収納事務費,市民税賦課収納事務費,個人市・県民税、森林環境税、法人市民税、,,
総務費,徴税費,賦課徴収費,,,市民税賦課収納事務費,市民税賦課収納事務費,軽自動車税、市たばこ税の賦課,,
総務費,徴税費,賦課徴収費,,,市民税賦課収納事務費,市民税賦課収納事務費,個人市・県民税、森林環境税,,
総務費,徴税費,賦課徴収費,,,市民税賦課収納事務費,市民税賦課収納事務費,"法人市民税　　　（納税義務者数　　6,770社）",,0
総務費,徴税費,賦課徴収費,,,市民税賦課収納事務費,市民税賦課収納事務費,"軽自動車税　　　（賦課台数　　  108,567台）",,0
総務費,徴税費,賦課徴収費,,,市民税賦課収納事務費,市民税賦課収納事務費,"市たばこ税　　　（販売本数　　302,077千本）",,0
総務費,徴税費,賦課徴収費,,,市民税賦課収納事務費,市民税賦課収納事務費,軽自動車検査情報提供システム負担金,864,923
総務費,徴税費,賦課徴収費,,,市民税賦課収納事務費,市民税賦課収納事務費,静岡地方税滞納整理機構負担金,4429,4600
総務費,徴税費,賦課徴収費,,,市民税賦課収納事務費,市民税賦課収納事務費,軽自動車税環境性能割徴収負担金,3650,4750
総務費,徴税費,賦課徴収費,,,市民税賦課収納事務費,市民税賦課収納事務費,給与支払報告書等共同印刷負担金,87,77
総務費,徴税費,賦課徴収費,,,市民税賦課収納事務費,市民税賦課収納事務費,会議、研修会出席者負担金,59,91
総務費,徴税費,賦課徴収費,,,資産税賦課収納事務費,,,90259,60364
総務費,徴税費,賦課徴収費,,,資産税賦課収納事務費,資産税賦課収納事務費,,90259,60364
総務費,徴税費,賦課徴収費,,,資産税賦課収納事務費,資産税賦課収納事務費,固定資産税　都市計画税の賦課,,
総務費,徴税費,賦課徴収費,,,資産税賦課収納事務費,資産税賦課収納事務費,固定資産基礎資料修正,,
総務費,徴税費,賦課徴収費,,,資産税賦課収納事務費,資産税賦課収納事務費,標準宅地時点修正,,
総務費,徴税費,賦課徴収費,,,資産税賦課収納事務費,資産税賦課収納事務費,航空写真撮影（地理空間情報等更新包括業務）,,
総務費,徴税費,賦課徴収費,,,資産税賦課収納事務費,資産税賦課収納事務費,標準宅地等不動産鑑定評価,,0
総務費,徴税費,賦課徴収費,,,資産税賦課収納事務費,資産税賦課収納事務費,固定資産土地評価,,
総務費,徴税費,賦課徴収費,,,資産税賦課収納事務費,資産税賦課収納事務費,資産評価システム研究センター負担金,120,120
総務費,徴税費,賦課徴収費,,,資産税賦課収納事務費,資産税賦課収納事務費,会議、研修会出席者負担金,30,30
総務費,徴税費,賦課徴収費,,,債権回収事務費,,,8677,8662
総務費,徴税費,賦課徴収費,,,債権回収事務費,債権回収事務費,,8677,8662
総務費,徴税費,賦課徴収費,,,債権回収事務費,債権回収事務費,静岡地方税滞納整理機構負担金,5385,5285
総務費,徴税費,賦課徴収費,,,債権回収事務費,債権回収事務費,会議、研修会出席者負担金,146,146
総務費,戸籍住民基本台帳費,,,,,,,537111,663894
総務費,戸籍住民基本台帳費,戸籍住民基,,,,,,537111,663894
総務費,戸籍住民基本台帳費,戸籍住民基,報酬,,,,,48951,51749
総務費,戸籍住民基本台帳費,戸籍住民基,給料,,,,,142355,147440
総務費,戸籍住民基本台帳費,戸籍住民基,職員手当等当,,,,,95892,102262
総務費,戸籍住民基本台帳費,戸籍住民基,職員手当等当,管理職手当,,,,797,797
総務費,戸籍住民基本台帳費,戸籍住民基,職員手当等当,扶養手当,,,,1828,2149
総務費,戸籍住民基本台帳費,戸籍住民基,職員手当等当,地域手当,,,,4353,6025
総務費,戸籍住民基本台帳費,戸籍住民基,職員手当等当,住居手当,,,,1437,1073
総務費,戸籍住民基本台帳費,戸籍住民基,職員手当等当,通勤手当,,,,4122,3952
総務費,戸籍住民基本台帳費,戸籍住民基,職員手当等当,時間外勤務手,,,,12940,12940
総務費,戸籍住民基本台帳費,戸籍住民基,職員手当等当,休日勤務手当,,,,150,150
総務費,戸籍住民基本台帳費,戸籍住民基,職員手当等当,期末手当,,,,41937,44894
総務費,戸籍住民基本台帳費,戸籍住民基,職員手当等当,勤勉手当,,,,28328,30282
総務費,戸籍住民基本台帳費,戸籍住民基,共済費,,,,,55309,57879
総務費,戸籍住民基本台帳費,戸籍住民基,旅費,,,,,2026,1944
総務費,戸籍住民基本台帳費,戸籍住民基,旅費,費用弁償,,,,1931,1854
総務費,戸籍住民基本台帳費,戸籍住民基,旅費,普通旅費,,,,35,47
総務費,戸籍住民基本台帳費,戸籍住民基,旅費,特別旅費,,,,60,43
総務費,戸籍住民基本台帳費,戸籍住民基,需用費,,,,,6917,6940
総務費,戸籍住民基本台帳費,戸籍住民基,需用費,消耗品費,,,,4604,4596
総務費,戸籍住民基本台帳費,戸籍住民基,需用費,印刷製本費,,,,2263,2233
総務費,戸籍住民基本台帳費,戸籍住民基,需用費,修繕料,,,,50,111
総務費,戸籍住民基本台帳費,戸籍住民基,役務費,,,,,12689,9208
総務費,戸籍住民基本台帳費,戸籍住民基,役務費,通信運搬費,,,,11707,8222
総務費,戸籍住民基本台帳費,戸籍住民基,役務費,手数料,,,,982,986
総務費,戸籍住民基本台帳費,戸籍住民基,委託料,,,,,126165,218417
総務費,戸籍住民基本台帳費,戸籍住民基,使用料及び賃借料,,,,,41872,35666
総務費,戸籍住民基本台帳費,戸籍住民基,備品購入費,,,,,73,27514
総務費,戸籍住民基本台帳費,戸籍住民基,負担金、補助及び交付金,,,,,4862,4875
総務費,戸籍住民基本台帳費,戸籍住民基,負担金、補助及び交付金,負担金,,,,4862,4875
総務費,戸籍住民基本台帳費,戸籍住民基,,,給与費,,,344438,361184
総務費,戸籍住民基本台帳費,戸籍住民基,,,給与費,一般職　４３人,,273277,0
総務費,戸籍住民基本台帳費,戸籍住民基,,,給与費,パートタイム会計年度任用職員,,71161,76004
総務費,戸籍住民基本台帳費,戸籍住民基,,,戸籍住民基本台帳費,,,152338,125673
総務費,戸籍住民基本台帳費,戸籍住民基,,,戸籍住民基本台帳費,戸籍住民基本台帳事務費,,97963,91745
総務費,戸籍住民基本台帳費,戸籍住民基,,,戸籍住民基本台帳費,戸籍住民基本台帳事務費,戸籍振り仮名法制化対応,,0
総務費,戸籍住民基本台帳費,戸籍住民基,,,戸籍住民基本台帳費,戸籍住民基本台帳事務費,証明発行窓口等業務,,
総務費,戸籍住民基本台帳費,戸籍住民基,,,戸籍住民基本台帳費,戸籍住民基本台帳事務費,"戸籍関係届出等処理　　　　　10,500件",,0
総務費,戸籍住民基本台帳費,戸籍住民基,,,戸籍住民基本台帳費,戸籍住民基本台帳事務費,"戸籍全部事項証明書等交付　　60,000件",,
総務費,戸籍住民基本台帳費,戸籍住民基,,,戸籍住民基本台帳費,戸籍住民基本台帳事務費,"死体埋火葬許可証等交付　　　 3,400件",,
総務費,戸籍住民基本台帳費,戸籍住民基,,,戸籍住民基本台帳費,戸籍住民基本台帳事務費,"住民基本台帳届出等処理　　　54,000件",,0
総務費,戸籍住民基本台帳費,戸籍住民基,,,戸籍住民基本台帳費,戸籍住民基本台帳事務費,"住民票の写し等交付　　　　　98,000件",,
総務費,戸籍住民基本台帳費,戸籍住民基,,,戸籍住民基本台帳費,戸籍住民基本台帳事務費,富士地区戸籍住民基本台帳事務協議会,74,73
総務費,戸籍住民基本台帳費,戸籍住民基,,,戸籍住民基本台帳費,戸籍総合システム運営事業費,,30121,7205
総務費,戸籍住民基本台帳費,戸籍住民基,,,戸籍住民基本台帳費,戸籍総合システム運営事業費,戸籍総合システム運用管理,,
総務費,戸籍住民基本台帳費,戸籍住民基,,,戸籍住民基本台帳費,広域圏証明相互交付事業費,,134,121
総務費,戸籍住民基本台帳費,戸籍住民基,,,戸籍住民基本台帳費,広域圏証明相互交付事業費,富士宮市との戸籍証明等相互交付 200件,,
総務費,戸籍住民基本台帳費,戸籍住民基,,,戸籍住民基本台帳費,住民基本台帳ネットワークシステム事業費,,75,75
総務費,戸籍住民基本台帳費,戸籍住民基,,,戸籍住民基本台帳費,住民基本台帳ネットワークシステム事業費,住民票の写し全国広域交付　　　 110件,,
総務費,戸籍住民基本台帳費,戸籍住民基,,,戸籍住民基本台帳費,旅券交付事業費,,381,314
総務費,戸籍住民基本台帳費,戸籍住民基,,,戸籍住民基本台帳費,旅券交付事業費,"旅券交付　　　　　　　　　　 6,000件",,
総務費,戸籍住民基本台帳費,戸籍住民基,,,戸籍住民基本台帳費,個人番号カード交付事業費,,23664,26213
総務費,戸籍住民基本台帳費,戸籍住民基,,,戸籍住民基本台帳費,個人番号カード交付事業費,"個人番号カード交付　　　　　35,600件",,0
総務費,戸籍住民基本台帳費,戸籍住民基,,,印鑑身分証明費,,,924,924
総務費,戸籍住民基本台帳費,戸籍住民基,,,印鑑身分証明費,印鑑身分証明事業費,,924,924
総務費,戸籍住民基本台帳費,戸籍住民基,,,印鑑身分証明費,印鑑身分証明事業費,"印鑑新規登録　　　　　　　　 7,000件",,
総務費,戸籍住民基本台帳費,戸籍住民基,,,印鑑身分証明費,印鑑身分証明事業費,"印鑑登録証明書交付　　　　　48,000件",,
総務費,戸籍住民基本台帳費,戸籍住民基,,,ワンストップ総合窓口事業費,,,39411,176113
総務費,戸籍住民基本台帳費,戸籍住民基,,,ワンストップ総合窓口事業費,ワンストップ総合窓口事業費,,39411,176113
総務費,戸籍住民基本台帳費,戸籍住民基,,,ワンストップ総合窓口事業費,ワンストップ総合窓口事業費,庁内電子申請システム運用管理,,
総務費,戸籍住民基本台帳費,戸籍住民基,,,ワンストップ総合窓口事業費,ワンストップ総合窓口事業費,地方公共団体情報システム機構,4788,4788
総務費,選挙費,,,,,,,181198,72917
総務費,選挙費,選挙管理委,,,,,,46054,48417
総務費,選挙費,選挙管理委,報酬,,,,,2488,2692
総務費,選挙費,選挙管理委,給料,,,,,22301,23097
総務費,選挙費,選挙管理委,職員手当等当,,,,,13550,14663
総務費,選挙費,選挙管理委,職員手当等当,管理職手当,,,,797,797
総務費,選挙費,選挙管理委,職員手当等当,扶養手当,,,,510,744
総務費,選挙費,選挙管理委,職員手当等当,地域手当,,,,709,986
総務費,選挙費,選挙管理委,職員手当等当,住居手当,,,,336,336
総務費,選挙費,選挙管理委,職員手当等当,通勤手当,,,,560,560
総務費,選挙費,選挙管理委,職員手当等当,時間外勤務手,,,,858,858
総務費,選挙費,選挙管理委,職員手当等当,休日勤務手当,,,,50,50
総務費,選挙費,選挙管理委,職員手当等当,期末手当,,,,5338,5685
総務費,選挙費,選挙管理委,職員手当等当,勤勉手当,,,,4392,4647
総務費,選挙費,選挙管理委,共済費,,,,,7147,7397
総務費,選挙費,選挙管理委,旅費,,,,,103,82
総務費,選挙費,選挙管理委,旅費,費用弁償,,,,46,36
総務費,選挙費,選挙管理委,旅費,普通旅費,,,,5,5
総務費,選挙費,選挙管理委,旅費,特別旅費,,,,52,41
総務費,選挙費,選挙管理委,需用費,,,,,157,155
総務費,選挙費,選挙管理委,需用費,消耗品費,,,,84,88
総務費,選挙費,選挙管理委,需用費,印刷製本費,,,,73,67
総務費,選挙費,選挙管理委,役務費,,,,,17,17
総務費,選挙費,選挙管理委,役務費,通信運搬費,,,,17,17
総務費,選挙費,選挙管理委,負担金、補助及び交付金,,,,,291,314
総務費,選挙費,選挙管理委,負担金、補助及び交付金,負担金,,,,291,314
総務費,選挙費,選挙管理委,,,給与費,,,45486,47849
総務費,選挙費,選挙管理委,,,給与費,選挙管理委員　４人,,2488,2692
総務費,選挙費,選挙管理委,,,給与費,一般職　５人,,42998,45157
総務費,選挙費,選挙管理委,,,選挙管理委員会費,,,568,568
総務費,選挙費,選挙管理委,,,選挙管理委員会費,選挙管理委員会費,,545,545
総務費,選挙費,選挙管理委,,,選挙管理委員会費,選挙管理委員会費,選挙管理委員会(定例会月1回、臨時会随時),,
総務費,選挙費,選挙管理委,,,選挙管理委員会費,選挙管理委員会費,県各市選挙管理委員会連合会分担金,190,189
総務費,選挙費,選挙管理委,,,選挙管理委員会費,選挙管理委員会費,全国市区選挙管理委員会連合会分担金,60,60
総務費,選挙費,選挙管理委,,,選挙管理委員会費,選挙管理委員会費,会議、研修会出席者負担金,41,65
総務費,選挙費,選挙管理委,,,選挙管理委員会費,選挙人名簿調製事業費,,23,23
総務費,選挙費,選挙管理委,,,選挙管理委員会費,選挙人名簿調製事業費,在外選挙人名簿調製,,
総務費,選挙費,常時啓発費,,,,,,598,551
総務費,選挙費,常時啓発費,報償費,,,,,80,85
総務費,選挙費,常時啓発費,旅費,,,,,9,7
総務費,選挙費,常時啓発費,旅費,費用弁償,,,,6,2
総務費,選挙費,常時啓発費,旅費,特別旅費,,,,3,5
総務費,選挙費,常時啓発費,需用費,,,,,185,184
総務費,選挙費,常時啓発費,需用費,消耗品費,,,,5,5
総務費,選挙費,常時啓発費,需用費,食糧費,,,,10,9
総務費,選挙費,常時啓発費,需用費,印刷製本費,,,,170,170
総務費,選挙費,常時啓発費,役務費,,,,,269,220
総務費,選挙費,常時啓発費,役務費,通信運搬費,,,,269,220
総務費,選挙費,常時啓発費,負担金、補助及び交付金,,,,,55,55
総務費,選挙費,常時啓発費,負担金、補助及び交付金,負担金,,,,55,55
総務費,選挙費,常時啓発費,,,選挙常時啓発事業費,,,598,551
総務費,選挙費,常時啓発費,,,選挙常時啓発事業費,選挙常時啓発事業費,,598,551
総務費,選挙費,常時啓発費,,,選挙常時啓発事業費,選挙常時啓発事業費,啓発ポスター募集,,
総務費,選挙費,常時啓発費,,,選挙常時啓発事業費,選挙常時啓発事業費,県東部明るい選挙推進事業参加　ほか,,
総務費,選挙費,常時啓発費,,,選挙常時啓発事業費,選挙常時啓発事業費,県東部明るい選挙推進協議会負担金,55,55
総務費,選挙費,参議院議員,,,,,,69574,0
総務費,選挙費,参議院議員,報酬,,,,,6932,0
総務費,選挙費,参議院議員,職員手当等当,,,,,29221,0
総務費,選挙費,参議院議員,職員手当等当,時間外勤務手,,,,29221,0
総務費,選挙費,参議院議員,報償費,,,,,941,0
総務費,選挙費,参議院議員,旅費,,,,,73,0
総務費,選挙費,参議院議員,旅費,費用弁償,,,,58,0
総務費,選挙費,参議院議員,旅費,普通旅費,,,,15,0
総務費,選挙費,参議院議員,需用費,,,,,1960,0
総務費,選挙費,参議院議員,需用費,消耗品費,,,,1238,0
総務費,選挙費,参議院議員,需用費,燃料費,,,,4,0
総務費,選挙費,参議院議員,需用費,食糧費,,,,465,0
総務費,選挙費,参議院議員,需用費,印刷製本費,,,,143,0
総務費,選挙費,参議院議員,需用費,修繕料,,,,110,0
総務費,選挙費,参議院議員,役務費,,,,,14346,0
総務費,選挙費,参議院議員,役務費,通信運搬費,,,,9640,0
総務費,選挙費,参議院議員,役務費,広告料,,,,100,0
総務費,選挙費,参議院議員,役務費,手数料,,,,4606,0
総務費,選挙費,参議院議員,委託料,,,,,13982,0
総務費,選挙費,参議院議員,使用料及び賃借料,,,,,2119,0
総務費,選挙費,参議院議員,,,給与費,,,36208,0
総務費,選挙費,参議院議員,,,給与費,開票管理者、開票及び投票立会人,,3760,0
総務費,選挙費,参議院議員,,,給与費,開票管理者、開票及び投票立会人,開票管理者　1人　開票立会人　20人,,0
総務費,選挙費,参議院議員,,,給与費,開票管理者、開票及び投票立会人,投票立会人　292人（4人×73投票所）,,0
総務費,選挙費,参議院議員,,,給与費,開票管理者、開票及び投票立会人,期日前投票立会人　96人,,0
総務費,選挙費,参議院議員,,,給与費,時間外勤務手当,,29221,0
総務費,選挙費,参議院議員,,,給与費,時間外勤務手当,投票事務従事者　524人,,0
総務費,選挙費,参議院議員,,,給与費,時間外勤務手当,開票事務従事者　354人,,0
総務費,選挙費,参議院議員,,,給与費,パートタイム会計年度任用職員,,3227,0
総務費,選挙費,参議院議員,,,投・開票事務経費,,,33366,0
総務費,選挙費,参議院議員,,,投・開票事務経費,投・開票事務経費,,33366,0
総務費,選挙費,参議院議員,,,投・開票事務経費,投・開票事務経費,期日前投票事務補助,,0
総務費,選挙費,参議院議員,,,投・開票事務経費,投・開票事務経費,ポスター掲示場設置・撤去,,0
総務費,選挙費,参議院議員,,,投・開票事務経費,投・開票事務経費,投票所入場券作成・郵送,,0
総務費,選挙費,参議院議員,,,投・開票事務経費,投・開票事務経費,選挙公報の配布,,0
総務費,選挙費,参議院議員,,,投・開票事務経費,投・開票事務経費,選挙啓発活動,,0
総務費,選挙費,参議院議員,,,投・開票事務経費,投・開票事務経費,（選挙概要）,,0
総務費,選挙費,富士市長選,,,,,,64972,0
総務費,選挙費,富士市長選,報酬,,,,,5046,0
総務費,選挙費,富士市長選,職員手当等当,,,,,24003,0
総務費,選挙費,富士市長選,職員手当等当,時間外勤務手,,,,24003,0
総務費,選挙費,富士市長選,報償費,,,,,880,0
総務費,選挙費,富士市長選,旅費,,,,,30,0
総務費,選挙費,富士市長選,旅費,費用弁償,,,,30,0
総務費,選挙費,富士市長選,需用費,,,,,3215,0
総務費,選挙費,富士市長選,需用費,消耗品費,,,,993,0
総務費,選挙費,富士市長選,需用費,燃料費,,,,99,0
総務費,選挙費,富士市長選,需用費,食糧費,,,,416,0
総務費,選挙費,富士市長選,需用費,印刷製本費,,,,1707,0
総務費,選挙費,富士市長選,役務費,,,,,16187,0
総務費,選挙費,富士市長選,役務費,通信運搬費,,,,12155,0
総務費,選挙費,富士市長選,役務費,広告料,,,,100,0
総務費,選挙費,富士市長選,役務費,手数料,,,,3913,0
総務費,選挙費,富士市長選,役務費,筆耕翻訳料,,,,19,0
総務費,選挙費,富士市長選,委託料,,,,,10667,0
総務費,選挙費,富士市長選,使用料及び賃借料,,,,,1228,0
総務費,選挙費,富士市長選,負担金、補助及び交付金,,,,,3716,0
総務費,選挙費,富士市長選,負担金、補助及び交付金,負担金,,,,3716,0
総務費,選挙費,富士市長選,,,給与費,,,29079,0
総務費,選挙費,富士市長選,,,給与費,選挙長、選挙及び投票立会人,,3230,0
総務費,選挙費,富士市長選,,,給与費,選挙長、選挙及び投票立会人,選挙長　1人　選挙立会人　10人,,0
総務費,選挙費,富士市長選,,,給与費,選挙長、選挙及び投票立会人,投票立会人　292人（4人×73投票所）,,0
総務費,選挙費,富士市長選,,,給与費,選挙長、選挙及び投票立会人,期日前投票立会人　48人,,0
総務費,選挙費,富士市長選,,,給与費,時間外勤務手当,,24003,0
総務費,選挙費,富士市長選,,,給与費,時間外勤務手当,投票事務従事者　466人,,0
総務費,選挙費,富士市長選,,,給与費,時間外勤務手当,開票事務従事者　318人,,0
総務費,選挙費,富士市長選,,,給与費,パートタイム会計年度任用職員,,1846,0
総務費,選挙費,富士市長選,,,投・開票事務経費,,,35893,0
総務費,選挙費,富士市長選,,,投・開票事務経費,投・開票事務経費,,35893,0
総務費,選挙費,富士市長選,,,投・開票事務経費,投・開票事務経費,期日前投票事務補助,,0
総務費,選挙費,富士市長選,,,投・開票事務経費,投・開票事務経費,ポスター掲示場設置・撤去,,0
総務費,選挙費,富士市長選,,,投・開票事務経費,投・開票事務経費,投票所入場券作成・郵送,,0
総務費,選挙費,富士市長選,,,投・開票事務経費,投・開票事務経費,選挙公報の印刷・配布,,0
総務費,選挙費,富士市長選,,,投・開票事務経費,投・開票事務経費,選挙啓発活動,,0
総務費,選挙費,富士市長選,,,投・開票事務経費,投・開票事務経費,選挙運動用自動車公費負担金,1016,0
総務費,選挙費,富士市長選,,,投・開票事務経費,投・開票事務経費,選挙運動用ポスター作成公費負担金,2205,0
総務費,選挙費,富士市長選,,,投・開票事務経費,投・開票事務経費,選挙運動用ビラ作成公費負担金,495,0
総務費,選挙費,富士市長選,,,投・開票事務経費,投・開票事務経費,（選挙概要）,,0
総務費,統計調査費,,,,,,,135440,36169
総務費,統計調査費,統計調査総,,,,,,24220,36169
総務費,統計調査費,統計調査総,報酬,,,,,195,13785
総務費,統計調査費,統計調査総,給料,,,,,12072,9667
総務費,統計調査費,統計調査総,職員手当等当,,,,,7465,6527
総務費,統計調査費,統計調査総,職員手当等当,扶養手当,,,,312,312
総務費,統計調査費,統計調査総,職員手当等当,地域手当,,,,372,400
総務費,統計調査費,統計調査総,職員手当等当,通勤手当,,,,380,302
総務費,統計調査費,統計調査総,職員手当等当,時間外勤務手,,,,1200,635
総務費,統計調査費,統計調査総,職員手当等当,休日勤務手当,,,,50,50
総務費,統計調査費,統計調査総,職員手当等当,期末手当,,,,2830,2803
総務費,統計調査費,統計調査総,職員手当等当,勤勉手当,,,,2321,2025
総務費,統計調査費,統計調査総,共済費,,,,,3993,4062
総務費,統計調査費,統計調査総,報償費,,,,,14,4
総務費,統計調査費,統計調査総,旅費,,,,,23,214
総務費,統計調査費,統計調査総,旅費,費用弁償,,,,12,194
総務費,統計調査費,統計調査総,旅費,普通旅費,,,,3,11
総務費,統計調査費,統計調査総,旅費,特別旅費,,,,8,9
総務費,統計調査費,統計調査総,需用費,,,,,262,583
総務費,統計調査費,統計調査総,需用費,消耗品費,,,,262,467
総務費,統計調査費,統計調査総,役務費,,,,,79,1210
総務費,統計調査費,統計調査総,役務費,通信運搬費,,,,75,1206
総務費,統計調査費,統計調査総,役務費,筆耕翻訳料,,,,4,4
総務費,統計調査費,統計調査総,負担金、補助及び交付金,,,,,117,117
総務費,統計調査費,統計調査総,負担金、補助及び交付金,負担金,,,,37,37
総務費,統計調査費,統計調査総,負担金、補助及び交付金,補助金,,,,80,80
総務費,統計調査費,統計調査総,,,給与費,,,23737,34235
総務費,統計調査費,統計調査総,,,給与費,一般職　３人,,23499,19160
総務費,統計調査費,統計調査総,,,給与費,パートタイム会計年度任用職員,,238,6990
総務費,統計調査費,統計調査総,,,市勢統計調査費,,,133,130
総務費,統計調査費,統計調査総,,,市勢統計調査費,市勢統計調査費,,133,130
総務費,統計調査費,統計調査総,,,市勢統計調査費,市勢統計調査費,統計グラフコンクール,,
総務費,統計調査費,統計調査総,,,市勢統計調査費,市勢統計調査費,県統計協会負担金,37,37
総務費,統計調査費,統計調査総,,,各種統計調査費,,,350,1804
総務費,統計調査費,統計調査総,,,各種統計調査費,国統計調査費,,210,1661
総務費,統計調査費,統計調査総,,,各種統計調査費,国統計調査費,学校基本調査,,
総務費,統計調査費,統計調査総,,,各種統計調査費,国統計調査費,経済センサス調査区管理,,
総務費,統計調査費,統計調査総,,,各種統計調査費,国統計調査費,経済センサス－活動調査準備,,0
総務費,統計調査費,統計調査総,,,各種統計調査費,国統計調査費,統計調査員確保対策事業,,
総務費,統計調査費,統計調査総,,,各種統計調査費,国統計調査費,農林業センサス,,0
総務費,統計調査費,統計調査総,,,各種統計調査費,県統計調査費,,140,143
総務費,統計調査費,統計調査総,,,各種統計調査費,県統計調査費,人口移動調査,,
総務費,統計調査費,統計調査総,,,各種統計調査費,県統計調査費,年齢別人口調査,,
総務費,統計調査費,統計調査総,,,各種統計調査費,県統計調査費,統計環境整備事業費補助金,80,80
総務費,統計調査費,国勢調査費,,,,,,111220,0
総務費,統計調査費,国勢調査費,報酬,,,,,102014,0
総務費,統計調査費,国勢調査費,職員手当等当,,,,,2759,0
総務費,統計調査費,国勢調査費,職員手当等当,時間外勤務手,,,,2400,0
総務費,統計調査費,国勢調査費,職員手当等当,期末手当,,,,309,0
総務費,統計調査費,国勢調査費,職員手当等当,勤勉手当,,,,50,0
総務費,統計調査費,国勢調査費,共済費,,,,,392,0
総務費,統計調査費,国勢調査費,報償費,,,,,10,0
総務費,統計調査費,国勢調査費,旅費,,,,,612,0
総務費,統計調査費,国勢調査費,旅費,費用弁償,,,,592,0
総務費,統計調査費,国勢調査費,旅費,普通旅費,,,,20,0
総務費,統計調査費,国勢調査費,需用費,,,,,2153,0
総務費,統計調査費,国勢調査費,需用費,消耗品費,,,,210,0
総務費,統計調査費,国勢調査費,需用費,食糧費,,,,156,0
総務費,統計調査費,国勢調査費,需用費,印刷製本費,,,,1787,0
総務費,統計調査費,国勢調査費,役務費,,,,,226,0
総務費,統計調査費,国勢調査費,役務費,通信運搬費,,,,226,0
総務費,統計調査費,国勢調査費,委託料,,,,,3054,0
総務費,統計調査費,国勢調査費,,,給与費,,,105757,0
総務費,統計調査費,国勢調査費,,,給与費,調査員等,,92827,0
総務費,統計調査費,国勢調査費,,,給与費,調査員等,指導員　　　　　　174人,,0
総務費,統計調査費,国勢調査費,,,給与費,調査員等,"調査員　　　　　1,101人",,0
総務費,統計調査費,国勢調査費,,,給与費,時間外勤務手当,,2400,0
総務費,統計調査費,国勢調査費,,,給与費,パートタイム会計年度任用職員,,10530,0
総務費,統計調査費,国勢調査費,,,国勢調査費,,,5463,0
総務費,統計調査費,国勢調査費,,,国勢調査費,国勢調査費,,5463,0
総務費,統計調査費,国勢調査費,,,国勢調査費,国勢調査費,統計法に基づく調査,,0
総務費,統計調査費,国勢調査費,,,国勢調査費,国勢調査費,"調査区数　　1,801調査区",,0
総務費,統計調査費,国勢調査費,,,国勢調査費,国勢調査費,調査項目　 　　　17項目,,0
総務費,監査委員費,,,,,,,63599,65461
総務費,監査委員費,監査委員費,,,,,,63599,65461
総務費,監査委員費,監査委員費,報酬,,,,,2275,2220
総務費,監査委員費,監査委員費,給料,,,,,33092,33439
総務費,監査委員費,監査委員費,職員手当等当,,,,,17189,18227
総務費,監査委員費,監査委員費,職員手当等当,管理職手当,,,,797,797
総務費,監査委員費,監査委員費,職員手当等当,扶養手当,,,,312,624
総務費,監査委員費,監査委員費,職員手当等当,地域手当,,,,826,1131
総務費,監査委員費,監査委員費,職員手当等当,通勤手当,,,,540,540
総務費,監査委員費,監査委員費,職員手当等当,時間外勤務手,,,,1461,1461
総務費,監査委員費,監査委員費,職員手当等当,休日勤務手当,,,,50,50
総務費,監査委員費,監査委員費,職員手当等当,期末手当,,,,8671,8929
総務費,監査委員費,監査委員費,職員手当等当,勤勉手当,,,,4532,4695
総務費,監査委員費,監査委員費,共済費,,,,,10162,10604
総務費,監査委員費,監査委員費,旅費,,,,,138,234
総務費,監査委員費,監査委員費,旅費,費用弁償,,,,2,61
総務費,監査委員費,監査委員費,旅費,普通旅費,,,,3,3
総務費,監査委員費,監査委員費,旅費,特別旅費,,,,133,170
総務費,監査委員費,監査委員費,需用費,,,,,318,337
総務費,監査委員費,監査委員費,需用費,消耗品費,,,,238,257
総務費,監査委員費,監査委員費,需用費,印刷製本費,,,,80,80
総務費,監査委員費,監査委員費,役務費,,,,,3,3
総務費,監査委員費,監査委員費,役務費,手数料,,,,3,3
総務費,監査委員費,監査委員費,委託料,,,,,216,217
総務費,監査委員費,監査委員費,負担金、補助及び交付金,,,,,206,180
総務費,監査委員費,監査委員費,負担金、補助及び交付金,負担金,,,,206,180
総務費,監査委員費,監査委員費,,,給与費,,,62718,64490
総務費,監査委員費,監査委員費,,,給与費,監査委員　３人,,13780,13822
総務費,監査委員費,監査委員費,,,給与費,一般職　６人,,48938,50668
総務費,監査委員費,監査委員費,,,監査事務費,,,881,971
総務費,監査委員費,監査委員費,,,監査事務費,監査事務費,,881,971
総務費,監査委員費,監査委員費,,,監査事務費,監査事務費,定期監査、決算審査、工事監査,,
総務費,監査委員費,監査委員費,,,監査事務費,監査事務費,財政援助団体等監査、行政監査,,
総務費,監査委員費,監査委員費,,,監査事務費,監査事務費,出納検査,,
総務費,監査委員費,監査委員費,,,監査事務費,監査事務費,全国都市監査委員会負担金,56,56
総務費,監査委員費,監査委員費,,,監査事務費,監査事務費,東海地区都市監査委員会負担金,9,9
総務費,監査委員費,監査委員費,,,監査事務費,監査事務費,県都市監査委員会負担金,16,27
総務費,監査委員費,監査委員費,,,監査事務費,監査事務費,会議、研修会出席者負担金,125,88
民生費,,,,,,,,41840448,43341693
民生費,社会福祉費,,,,,,,5880161,5901076
民生費,社会福祉費,社会福祉総,,,,,,1080923,1033626
民生費,社会福祉費,社会福祉総,報酬,,,,,8798,11382
民生費,社会福祉費,社会福祉総,給料,,,,,256633,257306
民生費,社会福祉費,社会福祉総,職員手当等当,,,,,173724,182957
民生費,社会福祉費,社会福祉総,職員手当等当,管理職手当,,,,4142,4142
民生費,社会福祉費,社会福祉総,職員手当等当,扶養手当,,,,5661,6547
民生費,社会福祉費,社会福祉総,職員手当等当,地域手当,,,,7990,10729
民生費,社会福祉費,社会福祉総,職員手当等当,住居手当,,,,3588,3862
民生費,社会福祉費,社会福祉総,職員手当等当,通勤手当,,,,5860,5846
民生費,社会福祉費,社会福祉総,職員手当等当,特殊勤務手当,,,,1050,1050
民生費,社会福祉費,社会福祉総,職員手当等当,時間外勤務手,,,,36889,40000
民生費,社会福祉費,社会福祉総,職員手当等当,休日勤務手当,,,,100,100
民生費,社会福祉費,社会福祉総,職員手当等当,期末手当,,,,60760,62363
民生費,社会福祉費,社会福祉総,職員手当等当,勤勉手当,,,,47684,48318
民生費,社会福祉費,社会福祉総,共済費,,,,,90799,91637
民生費,社会福祉費,社会福祉総,報償費,,,,,3786,2808
民生費,社会福祉費,社会福祉総,旅費,,,,,777,817
民生費,社会福祉費,社会福祉総,旅費,費用弁償,,,,530,624
民生費,社会福祉費,社会福祉総,旅費,普通旅費,,,,71,59
民生費,社会福祉費,社会福祉総,旅費,特別旅費,,,,176,134
民生費,社会福祉費,社会福祉総,需用費,,,,,6637,8124
民生費,社会福祉費,社会福祉総,需用費,消耗品費,,,,1250,1697
民生費,社会福祉費,社会福祉総,需用費,食糧費,,,,16,16
民生費,社会福祉費,社会福祉総,需用費,印刷製本費,,,,1261,1460
民生費,社会福祉費,社会福祉総,需用費,光熱水費,,,,1199,516
民生費,社会福祉費,社会福祉総,需用費,修繕料,,,,2911,4435
民生費,社会福祉費,社会福祉総,役務費,,,,,3814,2585
民生費,社会福祉費,社会福祉総,役務費,通信運搬費,,,,3140,2034
民生費,社会福祉費,社会福祉総,役務費,広告料,,,,39,39
民生費,社会福祉費,社会福祉総,役務費,手数料,,,,497,411
民生費,社会福祉費,社会福祉総,役務費,筆耕翻訳料,,,,38,1
民生費,社会福祉費,社会福祉総,役務費,保険料,,,,100,100
民生費,社会福祉費,社会福祉総,委託料,,,,,212169,225563
民生費,社会福祉費,社会福祉総,使用料及び賃借料,,,,,2432,2289
民生費,社会福祉費,社会福祉総,工事請負費,,,,,79300,0
民生費,社会福祉費,社会福祉総,備品購入費,,,,,238,0
民生費,社会福祉費,社会福祉総,負担金、補助及び交付金,,,,,227506,237537
民生費,社会福祉費,社会福祉総,負担金、補助及び交付金,負担金,,,,3999,5435
民生費,社会福祉費,社会福祉総,負担金、補助及び交付金,補助金,,,,223507,232102
民生費,社会福祉費,社会福祉総,扶助費,,,,,9303,5660
民生費,社会福祉費,社会福祉総,積立金,,,,,5007,4961
民生費,社会福祉費,社会福祉総,,,給与費,,,530461,543889
民生費,社会福祉費,社会福祉総,,,給与費,福祉計画推進会議委員　１４人,,333,333
民生費,社会福祉費,社会福祉総,,,給与費,福祉有償運送運営協議会委員　６人,,42,42
民生費,社会福祉費,社会福祉総,,,給与費,民生委員推薦会委員　６人,,84,0
民生費,社会福祉費,社会福祉総,,,給与費,地域密着型サービス運営協議会委員　１０人,,880,660
民生費,社会福祉費,社会福祉総,,,給与費,一般職　６５人,,502084,0
民生費,社会福祉費,社会福祉総,,,給与費,フルタイム会計年度任用職員　３人,,16666,17323
民生費,社会福祉費,社会福祉総,,,給与費,フルタイム会計年度任用職員　３人,女性相談支援員　　3人,,0
民生費,社会福祉費,社会福祉総,,,給与費,パートタイム会計年度任用職員　（福祉総務）,,3862,7757
民生費,社会福祉費,社会福祉総,,,給与費,パートタイム会計年度任用職員　（生活支援）,,6510,6901
民生費,社会福祉費,社会福祉総,,,給与費,パートタイム会計年度任用職員　（生活支援）,学習支援員　　1人,,0
民生費,社会福祉費,社会福祉総,,,給与費,パートタイム会計年度任用職員　（生活支援）,ユニバーサル就労による雇用　　8人,,0
民生費,社会福祉費,社会福祉総,,,社会福祉管理費,,,88014,86862
民生費,社会福祉費,社会福祉総,,,社会福祉管理費,社会福祉管理事業費,,6762,4772
民生費,社会福祉費,社会福祉総,,,社会福祉管理費,社会福祉管理事業費,第６次地域福祉計画等策定,,0
民生費,社会福祉費,社会福祉総,,,社会福祉管理費,社会福祉管理事業費,多機関協働事業,,
民生費,社会福祉費,社会福祉総,,,社会福祉管理費,社会福祉管理事業費,県社会福祉協議会賛助会費,10,10
民生費,社会福祉費,社会福祉総,,,社会福祉管理費,福祉啓発事業費,,2664,3579
民生費,社会福祉費,社会福祉総,,,社会福祉管理費,福祉啓発事業費,福祉展開催,,
民生費,社会福祉費,社会福祉総,,,社会福祉管理費,福祉啓発事業費,社会福祉大会事業負担金,400,500
民生費,社会福祉費,社会福祉総,,,社会福祉管理費,福祉啓発事業費,人権相談事業費等負担金,1013,1013
民生費,社会福祉費,社会福祉総,,,社会福祉管理費,福祉啓発事業費,社会を明るくする運動負担金,1100,1100
民生費,社会福祉費,社会福祉総,,,社会福祉管理費,避難行動要支援者支援事業費,,4658,4255
民生費,社会福祉費,社会福祉総,,,社会福祉管理費,避難行動要支援者支援事業費,避難行動要支援者名簿同意確認事業,,0
民生費,社会福祉費,社会福祉総,,,社会福祉管理費,避難行動要支援者支援事業費,避難行動要支援者支援計画啓発事業,,
民生費,社会福祉費,社会福祉総,,,社会福祉管理費,避難行動要支援者支援事業費,個別避難計画作成促進事業,,
民生費,社会福祉費,社会福祉総,,,社会福祉管理費,結婚支援事業費,,73930,74256
民生費,社会福祉費,社会福祉総,,,社会福祉管理費,結婚支援事業費,出会い応援事業,,
民生費,社会福祉費,社会福祉総,,,社会福祉管理費,結婚支援事業費,結婚新生活支援補助金,69700,69700
民生費,社会福祉費,社会福祉総,,,社会福祉管理費,結婚支援事業費,ふじのくに出会いサポートセンター,1080,1380
民生費,社会福祉費,社会福祉総,,,社会福祉管理費,結婚支援事業費,ふじのくに結婚応援協議会負担金,232,233
民生費,社会福祉費,社会福祉総,,,生活困窮者自立支援費,,,76884,74473
民生費,社会福祉費,社会福祉総,,,生活困窮者自立支援費,自立相談支援事業費,,32088,32088
民生費,社会福祉費,社会福祉総,,,生活困窮者自立支援費,自立相談支援事業費,生活困窮者のための相談事業,,
民生費,社会福祉費,社会福祉総,,,生活困窮者自立支援費,自立相談支援事業費,自立支援計画作成,,
民生費,社会福祉費,社会福祉総,,,生活困窮者自立支援費,自立相談支援事業費,支援調整会議開催,,
民生費,社会福祉費,社会福祉総,,,生活困窮者自立支援費,住居確保給付事業費,,6570,3027
民生費,社会福祉費,社会福祉総,,,生活困窮者自立支援費,住居確保給付事業費,住居確保給付金支給,,
民生費,社会福祉費,社会福祉総,,,生活困窮者自立支援費,居住支援事業費,,2984,2984
民生費,社会福祉費,社会福祉総,,,生活困窮者自立支援費,居住支援事業費,住居不定者への宿泊所・食事等の提供,,
民生費,社会福祉費,社会福祉総,,,生活困窮者自立支援費,居住支援事業費,自立に向けた就労支援,,
民生費,社会福祉費,社会福祉総,,,生活困窮者自立支援費,学習支援事業費,,15399,16439
民生費,社会福祉費,社会福祉総,,,生活困窮者自立支援費,学習支援事業費,子どもの学習・生活支援事業,,
民生費,社会福祉費,社会福祉総,,,生活困窮者自立支援費,学習支援事業費,発達障害を持つ子どもに対する,,
民生費,社会福祉費,社会福祉総,,,生活困窮者自立支援費,緊急援護扶助費,,3040,3132
民生費,社会福祉費,社会福祉総,,,生活困窮者自立支援費,緊急援護扶助費,緊急に援助を要する者への必要な支援,,
民生費,社会福祉費,社会福祉総,,,生活困窮者自立支援費,就労準備支援事業費,,10706,10706
民生費,社会福祉費,社会福祉総,,,生活困窮者自立支援費,就労準備支援事業費,直ちに一般就労に就くことができない,,
民生費,社会福祉費,社会福祉総,,,生活困窮者自立支援費,家計改善支援事業費,,6097,6097
民生費,社会福祉費,社会福祉総,,,生活困窮者自立支援費,家計改善支援事業費,家計収支改善及び家計管理能力向上支援,,
民生費,社会福祉費,社会福祉総,,,ユニバーサル就労推進費,,,40732,40987
民生費,社会福祉費,社会福祉総,,,ユニバーサル就労推進費,ユニバーサル就労推進事業費,,40732,40987
民生費,社会福祉費,社会福祉総,,,ユニバーサル就労推進費,ユニバーサル就労推進事業費,ユニバーサル就労支援センター,,
民生費,社会福祉費,社会福祉総,,,女性保護相談費,,,2098,6358
民生費,社会福祉費,社会福祉総,,,女性保護相談費,女性保護相談事業費,,2098,6358
民生費,社会福祉費,社会福祉総,,,女性保護相談費,女性保護相談事業費,中学生向けデートＤＶ予防,,
民生費,社会福祉費,社会福祉総,,,女性保護相談費,女性保護相談事業費,全国女性相談支援員連絡協議会負担金,9,0
民生費,社会福祉費,社会福祉総,,,民生委員支援費,,,47325,46675
民生費,社会福祉費,社会福祉総,,,民生委員支援費,民生委員支援事業費,,47325,46675
民生費,社会福祉費,社会福祉総,,,民生委員支援費,民生委員支援事業費,民生委員児童委員　 443人,,0
民生費,社会福祉費,社会福祉総,,,民生委員支援費,民生委員支援事業費,民生委員児童委員協力員,,
民生費,社会福祉費,社会福祉総,,,民生委員支援費,民生委員支援事業費,民生委員児童委員協議会補助金,45715,46155
民生費,社会福祉費,社会福祉総,,,行旅死亡人等取扱費,,,928,1299
民生費,社会福祉費,社会福祉総,,,行旅死亡人等取扱費,行旅死亡人等取扱事業費,,928,1299
民生費,社会福祉費,社会福祉総,,,行旅死亡人等取扱費,行旅死亡人等取扱事業費,行旅病人診療　　　　　 10人,,
民生費,社会福祉費,社会福祉総,,,行旅死亡人等取扱費,行旅死亡人等取扱事業費,行旅死亡人移送・棺桶等　3体,,
民生費,社会福祉費,社会福祉総,,,遺家族等援護費,,,9523,12095
民生費,社会福祉費,社会福祉総,,,遺家族等援護費,遺家族等援護事業費,,8560,10712
民生費,社会福祉費,社会福祉総,,,遺家族等援護費,遺家族等援護事業費,鷹岡慰霊塔敷地借上,,
民生費,社会福祉費,社会福祉総,,,遺家族等援護費,遺家族等援護事業費,遺族活動費補助金,1000,1000
民生費,社会福祉費,社会福祉総,,,遺家族等援護費,遺家族等援護事業費,慰霊の森運営負担金,1000,1000
民生費,社会福祉費,社会福祉総,,,遺家族等援護費,戦没者追悼事業費,,963,1383
民生費,社会福祉費,社会福祉総,,,遺家族等援護費,戦没者追悼事業費,戦没者追悼式開催,,
民生費,社会福祉費,社会福祉総,,,社会福祉センター運営費,,,174954,101898
民生費,社会福祉費,社会福祉総,,,社会福祉センター運営費,社会福祉センター運営管理事業費,,90929,96317
民生費,社会福祉費,社会福祉総,,,社会福祉センター運営費,社会福祉センター運営管理事業費,社会福祉センター（指定管理）　 3か所,,
民生費,社会福祉費,社会福祉総,,,社会福祉センター運営費,社会福祉センター運営管理事業費,地域交流センターみんなの家運営,,
民生費,社会福祉費,社会福祉総,,,社会福祉センター運営費,社会福祉センター運営管理事業費,交流センターはらだ運営管理事業費,2000,2000
民生費,社会福祉費,社会福祉総,,,社会福祉センター運営費,社会福祉センター施設管理事業費,,84025,5581
民生費,社会福祉費,社会福祉総,,,社会福祉センター運営費,社会福祉センター施設管理事業費,社会福祉センター維持修繕,,
民生費,社会福祉費,社会福祉総,,,社会福祉センター運営費,社会福祉センター施設管理事業費,広見荘解体撤去,,0
民生費,社会福祉費,社会福祉総,,,福祉基金積立費,,,5007,4961
民生費,社会福祉費,社会福祉総,,,福祉基金積立費,福祉基金積立事業費,,5007,4961
民生費,社会福祉費,社会福祉総,,,福祉基金積立費,福祉基金積立事業費,福祉基金積立金,,
民生費,社会福祉費,社会福祉総,,,民間社会福祉団体推進費,,,104012,113247
民生費,社会福祉費,社会福祉総,,,民間社会福祉団体推進費,社会福祉協議会助成費,,100142,109517
民生費,社会福祉費,社会福祉総,,,民間社会福祉団体推進費,社会福祉協議会助成費,社会福祉事業費補助金,92862,102237
民生費,社会福祉費,社会福祉総,,,民間社会福祉団体推進費,社会福祉協議会助成費,地域福祉活動推進事業費補助金,7280,7280
民生費,社会福祉費,社会福祉総,,,民間社会福祉団体推進費,民間社会福祉施設運営助成費,,2340,2300
民生費,社会福祉費,社会福祉総,,,民間社会福祉団体推進費,民間社会福祉施設運営助成費,民間社会福祉施設事業費補助金,,
民生費,社会福祉費,社会福祉総,,,民間社会福祉団体推進費,社会福祉団体助成費,,1530,1430
民生費,社会福祉費,社会福祉総,,,民間社会福祉団体推進費,社会福祉団体助成費,保護司活動費補助金,1080,1080
民生費,社会福祉費,社会福祉総,,,民間社会福祉団体推進費,社会福祉団体助成費,更生保護団体支援費補助金,450,350
民生費,社会福祉費,社会福祉総,,,福祉施設指導監査費,,,985,882
民生費,社会福祉費,社会福祉総,,,福祉施設指導監査費,福祉施設指導監査事業費,,985,882
民生費,社会福祉費,社会福祉総,,,福祉施設指導監査費,福祉施設指導監査事業費,県保健師会負担金,3,3
民生費,社会福祉費,社会福祉総,,,福祉施設指導監査費,福祉施設指導監査事業費,会議、研修会出席者負担金,232,196
民生費,社会福祉費,国民年金費,,,,,,40017,39284
民生費,社会福祉費,国民年金費,報酬,,,,,5271,5528
民生費,社会福祉費,国民年金費,給料,,,,,17194,16740
民生費,社会福祉費,国民年金費,職員手当等当,,,,,10103,9730
民生費,社会福祉費,国民年金費,職員手当等当,扶養手当,,,,36,0
民生費,社会福祉費,国民年金費,職員手当等当,地域手当,,,,517,670
民生費,社会福祉費,国民年金費,職員手当等当,通勤手当,,,,377,356
民生費,社会福祉費,国民年金費,職員手当等当,時間外勤務手,,,,547,547
民生費,社会福祉費,国民年金費,職員手当等当,休日勤務手当,,,,50,50
民生費,社会福祉費,国民年金費,職員手当等当,期末手当,,,,5064,4679
民生費,社会福祉費,国民年金費,職員手当等当,勤勉手当,,,,3512,3092
民生費,社会福祉費,国民年金費,共済費,,,,,6249,6067
民生費,社会福祉費,国民年金費,旅費,,,,,85,83
民生費,社会福祉費,国民年金費,旅費,費用弁償,,,,78,78
民生費,社会福祉費,国民年金費,旅費,普通旅費,,,,7,5
民生費,社会福祉費,国民年金費,需用費,,,,,888,919
民生費,社会福祉費,国民年金費,需用費,消耗品費,,,,550,550
民生費,社会福祉費,国民年金費,需用費,印刷製本費,,,,338,369
民生費,社会福祉費,国民年金費,役務費,,,,,227,217
民生費,社会福祉費,国民年金費,役務費,通信運搬費,,,,227,217
民生費,社会福祉費,国民年金費,,,給与費,,,38895,38143
民生費,社会福祉費,国民年金費,,,給与費,一般職　４人,,31255,30139
民生費,社会福祉費,国民年金費,,,給与費,パートタイム会計年度任用職員,,7640,8004
民生費,社会福祉費,国民年金費,,,給与費,パートタイム会計年度任用職員,年金相談員　　2人,,0
民生費,社会福祉費,国民年金費,,,国民年金事務費,,,1122,1141
民生費,社会福祉費,国民年金費,,,国民年金事務費,国民年金事務費,,1122,1141
民生費,社会福祉費,国民年金費,,,国民年金事務費,国民年金事務費,"第1号被保険者　　　　　　　 23,754人",,0
民生費,社会福祉費,国民年金費,,,国民年金事務費,国民年金事務費,"保険料免除被保険者　　　　　 9,989人",,0
民生費,社会福祉費,国民健康保,,,,,,1499302,1444840
民生費,社会福祉費,国民健康保,繰出金,,,,,1499302,1444840
民生費,社会福祉費,国民健康保,,,国民健康保険費,,,1499302,1444840
民生費,社会福祉費,国民健康保,,,国民健康保険費,国民健康保険事業特別会計繰出金,,1499302,1444840
民生費,社会福祉費,国民健康保,,,国民健康保険費,国民健康保険事業特別会計繰出金,保険基盤安定分,1134008,1103347
民生費,社会福祉費,国民健康保,,,国民健康保険費,国民健康保険事業特別会計繰出金,未就学児均等割保険税分,10445,9858
民生費,社会福祉費,国民健康保,,,国民健康保険費,国民健康保険事業特別会計繰出金,職員給与費等分,227220,228997
民生費,社会福祉費,国民健康保,,,国民健康保険費,国民健康保険事業特別会計繰出金,産前産後保険税分,1846,2723
民生費,社会福祉費,国民健康保,,,国民健康保険費,国民健康保険事業特別会計繰出金,出産育児一時金分,30000,0
民生費,社会福祉費,国民健康保,,,国民健康保険費,国民健康保険事業特別会計繰出金,財政安定化支援事業分,95783,99915
民生費,社会福祉費,後期高齢者,,,,,,3259919,3383326
民生費,社会福祉費,後期高齢者,負担金、補助及び交付金,,,,,89187,95428
民生費,社会福祉費,後期高齢者,負担金、補助及び交付金,負担金,,,,89187,95428
民生費,社会福祉費,後期高齢者,繰出金,,,,,3170732,3287898
民生費,社会福祉費,後期高齢者,,,後期高齢者医療費,,,3259919,3383326
民生費,社会福祉費,後期高齢者,,,後期高齢者医療費,後期高齢者医療事業負担金,,89187,95428
民生費,社会福祉費,後期高齢者,,,後期高齢者医療費,後期高齢者医療事業負担金,県後期高齢者医療広域連合負担金,,
民生費,社会福祉費,後期高齢者,,,後期高齢者医療費,後期高齢者医療事業特別会計繰出金,,3170732,3287898
民生費,社会福祉費,後期高齢者,,,後期高齢者医療費,後期高齢者医療事業特別会計繰出金,療養給付費分,2415725,2448340
民生費,社会福祉費,後期高齢者,,,後期高齢者医療費,後期高齢者医療事業特別会計繰出金,保険基盤安定分,632609,722671
民生費,社会福祉費,後期高齢者,,,後期高齢者医療費,後期高齢者医療事業特別会計繰出金,保健事業費分,48217,43855
民生費,社会福祉費,後期高齢者,,,後期高齢者医療費,後期高齢者医療事業特別会計繰出金,職員給与費等分,55348,54600
民生費,社会福祉費,後期高齢者,,,後期高齢者医療費,後期高齢者医療事業特別会計繰出金,事務費等分,18833,18432
民生費,老人福祉費,,,,,,,3924211,3967791
民生費,老人福祉費,高齢者対策,,,,,,82980,80626
民生費,老人福祉費,高齢者対策,報酬,,,,,2474,2647
民生費,老人福祉費,高齢者対策,職員手当等,,,,,572,647
民生費,老人福祉費,高齢者対策,職員手当等,期末手当,,,,493,553
民生費,老人福祉費,高齢者対策,職員手当等,勤勉手当,,,,79,94
民生費,老人福祉費,高齢者対策,共済費,,,,,490,534
民生費,老人福祉費,高齢者対策,報償費,,,,,22288,24145
民生費,老人福祉費,高齢者対策,旅費,,,,,78,78
民生費,老人福祉費,高齢者対策,旅費,費用弁償,,,,78,78
民生費,老人福祉費,高齢者対策,需用費,,,,,499,591
民生費,老人福祉費,高齢者対策,需用費,消耗品費,,,,41,50
民生費,老人福祉費,高齢者対策,需用費,光熱水費,,,,458,405
民生費,老人福祉費,高齢者対策,役務費,,,,,123,118
民生費,老人福祉費,高齢者対策,役務費,通信運搬費,,,,110,100
民生費,老人福祉費,高齢者対策,役務費,筆耕翻訳料,,,,13,18
民生費,老人福祉費,高齢者対策,委託料,,,,,29670,27690
民生費,老人福祉費,高齢者対策,使用料及び賃借料,,,,,55,55
民生費,老人福祉費,高齢者対策,負担金、補助及び交付金,,,,,26731,24121
民生費,老人福祉費,高齢者対策,負担金、補助及び交付金,補助金,,,,26731,24121
民生費,老人福祉費,高齢者対策,,,給与費,,,3614,3906
民生費,老人福祉費,高齢者対策,,,給与費,パートタイム会計年度任用職員,,3614,3906
民生費,老人福祉費,高齢者対策,,,高齢者福祉管理費,,,27597,25091
民生費,老人福祉費,高齢者対策,,,高齢者福祉管理費,高齢者福祉管理事業費,,27597,25091
民生費,老人福祉費,高齢者対策,,,高齢者福祉管理費,高齢者福祉管理事業費,高齢者公共交通支援事業補助金,22500,20000
民生費,老人福祉費,高齢者対策,,,ひとり暮らし高齢者等生活支援費,,,7864,7627
民生費,老人福祉費,高齢者対策,,,ひとり暮らし高齢者等生活支援費,高齢者等あんしん生活支援事業費,,7864,7627
民生費,老人福祉費,高齢者対策,,,ひとり暮らし高齢者等生活支援費,高齢者等あんしん生活支援事業費,シルバーハウジングＬＳＡ派遣,,
民生費,老人福祉費,高齢者対策,,,ひとり暮らし高齢者等生活支援費,高齢者等あんしん生活支援事業費,ふれあいコール　　　　　　 35人,,0
民生費,老人福祉費,高齢者対策,,,高齢者生きがい活動推進費,,,4521,4393
民生費,老人福祉費,高齢者対策,,,高齢者生きがい活動推進費,老人クラブ活動推進事業費,,4231,4121
民生費,老人福祉費,高齢者対策,,,高齢者生きがい活動推進費,老人クラブ活動推進事業費,老人クラブ活動費補助金,4231,4121
民生費,老人福祉費,高齢者対策,,,高齢者生きがい活動推進費,高齢者生きがい活動推進事業費,,290,272
民生費,老人福祉費,高齢者対策,,,高齢者生きがい活動推進費,高齢者生きがい活動推進事業費,全国健康福祉祭選手激励金,,
民生費,老人福祉費,高齢者対策,,,敬老事業費,,,39384,39609
民生費,老人福祉費,高齢者対策,,,敬老事業費,敬老事業費,,39384,39609
民生費,老人福祉費,高齢者対策,,,敬老事業費,敬老事業費,"敬老祝金　　77歳　　　　3,550人",,0
民生費,老人福祉費,高齢者対策,,,敬老事業費,敬老事業費,"米寿記念品　88歳　　　　1,670人",,0
民生費,老人福祉費,高齢者対策,,,敬老事業費,敬老事業費,長寿祝金　 100歳　　　　   85人,,0
民生費,老人福祉費,要援護高齢,,,,,,644694,618556
民生費,老人福祉費,要援護高齢,報酬,,,,,13260,15663
民生費,老人福祉費,要援護高齢,職員手当等,,,,,2682,3854
民生費,老人福祉費,要援護高齢,職員手当等,期末手当,,,,2312,3298
民生費,老人福祉費,要援護高齢,職員手当等,勤勉手当,,,,370,556
民生費,老人福祉費,要援護高齢,共済費,,,,,2347,2976
民生費,老人福祉費,要援護高齢,報償費,,,,,2453,2647
民生費,老人福祉費,要援護高齢,旅費,,,,,643,531
民生費,老人福祉費,要援護高齢,旅費,費用弁償,,,,482,433
民生費,老人福祉費,要援護高齢,旅費,普通旅費,,,,28,28
民生費,老人福祉費,要援護高齢,旅費,特別旅費,,,,133,70
民生費,老人福祉費,要援護高齢,需用費,,,,,1337,1359
民生費,老人福祉費,要援護高齢,需用費,消耗品費,,,,756,748
民生費,老人福祉費,要援護高齢,需用費,燃料費,,,,156,160
民生費,老人福祉費,要援護高齢,需用費,食糧費,,,,11,11
民生費,老人福祉費,要援護高齢,需用費,印刷製本費,,,,414,440
民生費,老人福祉費,要援護高齢,役務費,,,,,642,683
民生費,老人福祉費,要援護高齢,役務費,通信運搬費,,,,395,375
民生費,老人福祉費,要援護高齢,役務費,手数料,,,,247,308
民生費,老人福祉費,要援護高齢,委託料,,,,,373437,385467
民生費,老人福祉費,要援護高齢,使用料及び賃借料,,,,,8748,8888
民生費,老人福祉費,要援護高齢,備品購入費,,,,,92,48
民生費,老人福祉費,要援護高齢,負担金、補助及び交付金,,,,,64797,16153
民生費,老人福祉費,要援護高齢,負担金、補助及び交付金,負担金,,,,176,129
民生費,老人福祉費,要援護高齢,負担金、補助及び交付金,補助金,,,,64621,16024
民生費,老人福祉費,要援護高齢,扶助費,,,,,173316,179916
民生費,老人福祉費,要援護高齢,償還金、利子及び割引料,,,,,940,371
民生費,老人福祉費,要援護高齢,,,給与費,,,18751,22918
民生費,老人福祉費,要援護高齢,,,給与費,老人ホーム入所判定委員会委員　４人,,240,240
民生費,老人福祉費,要援護高齢,,,給与費,地域包括支援センター運営協議会委員　１０人,,312,312
民生費,老人福祉費,要援護高齢,,,給与費,パートタイム会計年度任用職員（高齢者支援）,,10565,11438
民生費,老人福祉費,要援護高齢,,,給与費,パートタイム会計年度任用職員（国保年金）,,7634,10928
民生費,老人福祉費,要援護高齢,,,要援護高齢者福祉管理費,,,3373,3194
民生費,老人福祉費,要援護高齢,,,要援護高齢者福祉管理費,要援護高齢者福祉管理事業費,,3373,3194
民生費,老人福祉費,要援護高齢,,,要援護高齢者福祉管理費,要援護高齢者福祉管理事業費,在宅高齢者実態調査,,
民生費,老人福祉費,要援護高齢,,,要援護高齢者福祉管理費,要援護高齢者福祉管理事業費,会議、研修会出席者負担金,5,5
民生費,老人福祉費,要援護高齢,,,老人保護費,,,172363,179237
民生費,老人福祉費,要援護高齢,,,老人保護費,老人保護事業費,,172363,179237
民生費,老人福祉費,要援護高齢,,,老人保護費,老人保護事業費,老人ホーム入所判定委員会　　　　 6回,,
民生費,老人福祉費,要援護高齢,,,老人保護費,老人保護事業費,養護老人ホーム保護措置費,,
民生費,老人福祉費,要援護高齢,,,老人保護費,老人保護事業費,緊急保護措置費,,
民生費,老人福祉費,要援護高齢,,,老人保護費,老人保護事業費,緊急ショートステイ事業　　 延べ448日,,0
民生費,老人福祉費,要援護高齢,,,養護老人ホーム支援費,,,3449,12379
民生費,老人福祉費,要援護高齢,,,養護老人ホーム支援費,養護老人ホーム支援助成費,,3449,12379
民生費,老人福祉費,要援護高齢,,,養護老人ホーム支援費,養護老人ホーム支援助成費,養護老人ホーム運営費等補助金,,
民生費,老人福祉費,要援護高齢,,,高齢者自立生活支援費,,,39699,50871
民生費,老人福祉費,要援護高齢,,,高齢者自立生活支援費,ひとり暮らし高齢者等支援事業費,,7303,9682
民生費,老人福祉費,要援護高齢,,,高齢者自立生活支援費,ひとり暮らし高齢者等支援事業費,軽度生活援助事業　　　　　　　 600回,,
民生費,老人福祉費,要援護高齢,,,高齢者自立生活支援費,ひとり暮らし高齢者等支援事業費,福祉電話設置事業　　　　　　　　46台,,0
民生費,老人福祉費,要援護高齢,,,高齢者自立生活支援費,要介護高齢者等支援事業費,,4404,4028
民生費,老人福祉費,要援護高齢,,,高齢者自立生活支援費,要介護高齢者等支援事業費,外出支援サービス事業　　　　　 260人,,0
民生費,老人福祉費,要援護高齢,,,高齢者自立生活支援費,要介護高齢者等支援事業費,訪問理美容サービス事業 　　　　510回,,0
民生費,老人福祉費,要援護高齢,,,高齢者自立生活支援費,要介護高齢者等支援事業費,寝具クリーニングサービス事業　　31回,,0
民生費,老人福祉費,要援護高齢,,,高齢者自立生活支援費,要介護高齢者等支援事業費,福祉避難所紙おむつ備蓄,,
民生費,老人福祉費,要援護高齢,,,高齢者自立生活支援費,成年後見制度利用促進事業費,,27992,28961
民生費,老人福祉費,要援護高齢,,,高齢者自立生活支援費,成年後見制度利用促進事業費,後見人受任調整,,
民生費,老人福祉費,要援護高齢,,,高齢者自立生活支援費,成年後見制度利用促進事業費,市民後見人養成,,
民生費,老人福祉費,要援護高齢,,,高齢者自立生活支援費,成年後見制度利用促進事業費,成年後見支援センター運営,,
民生費,老人福祉費,要援護高齢,,,介護予防活動支援費,,,23490,23726
民生費,老人福祉費,要援護高齢,,,介護予防活動支援費,介護予防活動支援事業費,,23490,23726
民生費,老人福祉費,要援護高齢,,,介護予防活動支援費,介護予防活動支援事業費,生きがいデイサービス事業　　　18か所,,
民生費,老人福祉費,要援護高齢,,,介護施設等整備費,,,58342,371
民生費,老人福祉費,要援護高齢,,,介護施設等整備費,介護施設等整備事業費,,58342,371
民生費,老人福祉費,要援護高齢,,,介護施設等整備費,介護施設等整備事業費,地域密着型サービス拠点等施設等,57402,0
民生費,老人福祉費,要援護高齢,,,介護施設等整備費,介護施設等整備事業費,過年度分県補助金返還金,,
民生費,老人福祉費,要援護高齢,,,介護人材確保対策費,,,4523,7027
民生費,老人福祉費,要援護高齢,,,介護人材確保対策費,介護人材確保対策事業費,,4523,7027
民生費,老人福祉費,要援護高齢,,,介護人材確保対策費,介護人材確保対策事業費,通所介護施設共同送迎効果検証調査,,0
民生費,老人福祉費,要援護高齢,,,介護人材確保対策費,介護人材確保対策事業費,介護に関する入門的研修開催,,
民生費,老人福祉費,要援護高齢,,,介護人材確保対策費,介護人材確保対策事業費,介護職の魅力発信事業,,
民生費,老人福祉費,要援護高齢,,,介護人材確保対策費,介護人材確保対策事業費,介護職員初任者研修等,1670,1230
民生費,老人福祉費,要援護高齢,,,受講費補助金   23人,,,,
民生費,老人福祉費,要援護高齢,,,高齢者保健事業・介護予防等一体的実施事業費,,,1073,1218
民生費,老人福祉費,要援護高齢,,,高齢者保健事業・介護予防等一体的実施事業費,高齢者保健事業・介護予防等一体的実施事業費,,1073,1218
民生費,老人福祉費,要援護高齢,,,高齢者保健事業・介護予防等一体的実施事業費,高齢者保健事業・介護予防等一体的実施事業費,重症化予防事業,,
民生費,老人福祉費,要援護高齢,,,高齢者保健事業・介護予防等一体的実施事業費,高齢者保健事業・介護予防等一体的実施事業費,健康教育・相談事業,,
民生費,老人福祉費,要援護高齢,,,高齢者保健事業・介護予防等一体的実施事業費,高齢者保健事業・介護予防等一体的実施事業費,全国保健師長会負担金,4,0
民生費,老人福祉費,要援護高齢,,,地域包括ケア推進事業費,,,319631,317615
民生費,老人福祉費,要援護高齢,,,地域包括ケア推進事業費,地域包括支援センター運営事業費,,280387,277829
民生費,老人福祉費,要援護高齢,,,地域包括ケア推進事業費,地域包括支援センター運営事業費,地域包括支援センター運営,,
民生費,老人福祉費,要援護高齢,,,地域包括ケア推進事業費,地域包括支援センター運営事業費,高齢者・障害者虐待防止事業,,
民生費,老人福祉費,要援護高齢,,,地域包括ケア推進事業費,地域包括支援センター運営事業費,会議、研修会出席者負担金,162,116
民生費,老人福祉費,要援護高齢,,,地域包括ケア推進事業費,地域介護予防活動支援事業費,,1194,1220
民生費,老人福祉費,要援護高齢,,,地域包括ケア推進事業費,地域介護予防活動支援事業費,介護予防交流会　 　　　　　　    1回,,
民生費,老人福祉費,要援護高齢,,,介護予防サポーター養成事業,,,,
民生費,老人福祉費,要援護高齢,,,介護予防サポーター養成事業,2講座（1講座4回）,,,
民生費,老人福祉費,要援護高齢,,,介護予防サポーター養成事業,生活・介護支援サポーター養成事業,,,
民生費,老人福祉費,要援護高齢,,,介護予防サポーター養成事業,生活・介護支援サポーター養成事業,1講座5回,,
民生費,老人福祉費,要援護高齢,,,介護予防サポーター養成事業,生活支援体制整備事業費,,38050,38566
民生費,老人福祉費,要援護高齢,,,介護予防サポーター養成事業,生活支援体制整備事業費,生活支援体制整備協議体　　　   　2回,,
民生費,老人福祉費,要援護高齢,,,介護予防サポーター養成事業,生活支援体制整備事業費,第1層生活支援コーディネーター    1人,,
民生費,老人福祉費,要援護高齢,,,介護予防サポーター養成事業,生活支援体制整備事業費,第2層生活支援コーディネーター,,
民生費,老人福祉費,要援護高齢,,,介護予防サポーター養成事業,生活支援体制整備事業費,生活支援体制整備事業活動補助金,2100,2415
民生費,老人福祉費,要援護高齢,,,介護予防サポーター養成事業,生活支援体制整備事業費,会議、研修会出席者負担金,5,5
民生費,老人福祉費,介護保険費,,,,,,3196537,3268609
民生費,老人福祉費,介護保険費,需用費,,,,,288,599
民生費,老人福祉費,介護保険費,需用費,消耗品費,,,,2,0
民生費,老人福祉費,介護保険費,需用費,印刷製本費,,,,286,599
民生費,老人福祉費,介護保険費,役務費,,,,,1,1
民生費,老人福祉費,介護保険費,役務費,手数料,,,,1,1
民生費,老人福祉費,介護保険費,委託料,,,,,7388,4367
民生費,老人福祉費,介護保険費,負担金、補助及び交付金,,,,,7399,7231
民生費,老人福祉費,介護保険費,負担金、補助及び交付金,補助金,,,,7399,7231
民生費,老人福祉費,介護保険費,扶助費,,,,,32,45
民生費,老人福祉費,介護保険費,償還金、利子及び割引料,,,,,2,2
民生費,老人福祉費,介護保険費,繰出金,,,,,3181427,3256364
民生費,老人福祉費,介護保険費,,,低所得者利用者負担対策費,,,7433,7278
民生費,老人福祉費,介護保険費,,,低所得者利用者負担対策費,低所得者利用者負担軽減事業費,,7433,7278
民生費,老人福祉費,介護保険費,,,低所得者利用者負担対策費,低所得者利用者負担軽減事業費,障害者ホームヘルプ利用者負担,,
民生費,老人福祉費,介護保険費,,,低所得者利用者負担対策費,低所得者利用者負担軽減事業費,社会福祉法人等による利用者負担,7399,7231
民生費,老人福祉費,介護保険費,,,介護保険事業特別会計繰出金,,,3181428,3256365
民生費,老人福祉費,介護保険費,,,介護保険事業特別会計繰出金,介護保険事業特別会計繰出金,,3181428,3256365
民生費,老人福祉費,介護保険費,,,介護保険事業特別会計繰出金,介護保険事業特別会計繰出金,介護給付費分,2546243,2614567
民生費,老人福祉費,介護保険費,,,介護保険事業特別会計繰出金,介護保険事業特別会計繰出金,地域支援事業費分,100914,102087
民生費,老人福祉費,介護保険費,,,介護保険事業特別会計繰出金,介護保険事業特別会計繰出金,低所得者保険料軽減分,168774,162900
民生費,老人福祉費,介護保険費,,,介護保険事業特別会計繰出金,介護保険事業特別会計繰出金,職員給与等事務費分,365496,0
民生費,老人福祉費,介護保険費,,,介護予防支援費,,,63,0
民生費,老人福祉費,介護保険費,,,介護予防支援費,介護予防支援事業費,,63,0
民生費,老人福祉費,介護保険費,,,介護予防支援費,介護予防支援事業費,介護予防サービス計画作成　　　　12件,,0
民生費,老人福祉費,介護保険費,,,高齢者保健福祉計画等見直し事業費,,,7613,4966
民生費,老人福祉費,介護保険費,,,高齢者保健福祉計画等見直し事業費,高齢者保健福祉計画等見直し事業費,,7613,4966
民生費,老人福祉費,介護保険費,,,高齢者保健福祉計画等見直し事業費,高齢者保健福祉計画等見直し事業費,高齢者保健福祉計画等基礎調査,,0
民生費,児童福祉費,,,,,,,17791687,18672331
民生費,児童福祉費,子ども子育,,,,,,973195,1035409
民生費,児童福祉費,子ども子育,報酬,,,,,68513,73100
民生費,児童福祉費,子ども子育,給料,,,,,129907,129525
民生費,児童福祉費,子ども子育,職員手当等当,,,,,111444,113895
民生費,児童福祉費,子ども子育,職員手当等当,管理職手当,,,,3519,3519
民生費,児童福祉費,子ども子育,職員手当等当,扶養手当,,,,1756,1831
民生費,児童福祉費,子ども子育,職員手当等当,地域手当,,,,4059,5404
民生費,児童福祉費,子ども子育,職員手当等当,住居手当,,,,3552,3158
民生費,児童福祉費,子ども子育,職員手当等当,通勤手当,,,,3115,3214
民生費,児童福祉費,子ども子育,職員手当等当,特殊勤務手当,,,,320,320
民生費,児童福祉費,子ども子育,職員手当等当,時間外勤務手,,,,26000,25000
民生費,児童福祉費,子ども子育,職員手当等当,休日勤務手当,,,,300,300
民生費,児童福祉費,子ども子育,職員手当等当,期末手当,,,,41685,43469
民生費,児童福祉費,子ども子育,職員手当等当,勤勉手当,,,,27138,27680
民生費,児童福祉費,子ども子育,共済費,,,,,58025,57135
民生費,児童福祉費,子ども子育,報償費,,,,,844,899
民生費,児童福祉費,子ども子育,旅費,,,,,3066,3453
民生費,児童福祉費,子ども子育,旅費,費用弁償,,,,3045,3432
民生費,児童福祉費,子ども子育,旅費,普通旅費,,,,21,21
民生費,児童福祉費,子ども子育,需用費,,,,,30296,29063
民生費,児童福祉費,子ども子育,需用費,消耗品費,,,,1408,1388
民生費,児童福祉費,子ども子育,需用費,燃料費,,,,70,70
民生費,児童福祉費,子ども子育,需用費,食糧費,,,,6,6
民生費,児童福祉費,子ども子育,需用費,印刷製本費,,,,1442,1006
民生費,児童福祉費,子ども子育,需用費,光熱水費,,,,3750,3800
民生費,児童福祉費,子ども子育,需用費,修繕料,,,,23600,22773
民生費,児童福祉費,子ども子育,需用費,医薬材料費,,,,20,20
民生費,児童福祉費,子ども子育,役務費,,,,,2615,2659
民生費,児童福祉費,子ども子育,役務費,通信運搬費,,,,687,681
民生費,児童福祉費,子ども子育,役務費,手数料,,,,245,138
民生費,児童福祉費,子ども子育,役務費,保険料,,,,1683,1840
民生費,児童福祉費,子ども子育,委託料,,,,,546358,606642
民生費,児童福祉費,子ども子育,使用料及び賃借料,,,,,6567,6249
民生費,児童福祉費,子ども子育,工事請負費,,,,,8769,0
民生費,児童福祉費,子ども子育,備品購入費,,,,,2920,2700
民生費,児童福祉費,子ども子育,負担金、補助及び交付金,,,,,3870,10088
民生費,児童福祉費,子ども子育,負担金、補助及び交付金,負担金,,,,69,3560
民生費,児童福祉費,子ども子育,負担金、補助及び交付金,補助金,,,,3801,6528
民生費,児童福祉費,子ども子育,償還金、利子及び割引料,,,,,1,1
民生費,児童福祉費,子ども子育,,,給与費,,,370658,376811
民生費,児童福祉費,子ども子育,,,給与費,子どもの権利救済委員　２人,,600,600
民生費,児童福祉費,子ども子育,,,給与費,子ども・子育て会議委員　１５人,,524,524
民生費,児童福祉費,子ども子育,,,給与費,放課後児童クラブ運営評価委員会委員　４人,,216,216
民生費,児童福祉費,子ども子育,,,給与費,一般職　３３人,,275478,0
民生費,児童福祉費,子ども子育,,,給与費,パートタイム会計年度任用職員,,93840,101494
民生費,児童福祉費,子ども子育,,,給与費,パートタイム会計年度任用職員,児童厚生員、保育士,,0
民生費,児童福祉費,子ども子育,,,給与費,パートタイム会計年度任用職員,放課後児童クラブ巡回支援員,,0
民生費,児童福祉費,子ども子育,,,給与費,パートタイム会計年度任用職員,子どもの権利推進員　ほか,,0
民生費,児童福祉費,子ども子育,,,子どもの権利推進費,,,5460,11949
民生費,児童福祉費,子ども子育,,,子どもの権利推進費,子どもの権利推進事業費,,310,4340
民生費,児童福祉費,子ども子育,,,子どもの権利推進費,子どもの権利推進事業費,子どもの権利に係る相談,,
民生費,児童福祉費,子ども子育,,,子どもの権利推進費,子どもの権利推進事業費,子どもの権利条例の周知・啓発,,
民生費,児童福祉費,子ども子育,,,子どもの権利推進費,子どもの居場所推進事業費,,5150,7609
民生費,児童福祉費,子ども子育,,,子どもの権利推進費,子どもの居場所推進事業費,遊び場創出事業,,
民生費,児童福祉費,子ども子育,,,子どもの権利推進費,子どもの居場所推進事業費,子どもの居場所づくり運営事業補助金,3500,3500
民生費,児童福祉費,子ども子育,,,少子化対策推進費,,,82948,84333
民生費,児童福祉費,子ども子育,,,少子化対策推進費,こども福祉管理事業費,,1199,733
民生費,児童福祉費,子ども子育,,,少子化対策推進費,こども福祉管理事業費,子ども・子育て会議運営,,
民生費,児童福祉費,子ども子育,,,少子化対策推進費,子育て環境整備事業費,,3161,1610
民生費,児童福祉費,子ども子育,,,少子化対策推進費,子育て環境整備事業費,はぐくむＦＵＪＩオフィシャル,,
民生費,児童福祉費,子ども子育,,,少子化対策推進費,子育て環境整備事業費,子育て応援アプリ運用,,
民生費,児童福祉費,子ども子育,,,少子化対策推進費,子育て環境整備事業費,育児支援資金利子補給補助金,1,0
民生費,児童福祉費,子ども子育,,,少子化対策推進費,ファミリーサポートセンター事業費,,2158,5198
民生費,児童福祉費,子ども子育,,,少子化対策推進費,ファミリーサポートセンター事業費,ﾌｧﾐﾘｰｻﾎﾟｰﾄｾﾝﾀｰ援助活動利用料助成金,300,320
民生費,児童福祉費,子ども子育,,,少子化対策推進費,ファミリーサポートセンター事業費,ﾌｧﾐﾘｰｻﾎﾟｰﾄﾈｯﾄﾜｰｸ事業参加負担金,60,60
民生費,児童福祉費,子ども子育,,,少子化対策推進費,子育て支援センター運営管理費,,59218,61060
民生費,児童福祉費,子ども子育,,,少子化対策推進費,子育て支援センター運営管理費,フィランセ内「カスタネット」,,
民生費,児童福祉費,子ども子育,,,少子化対策推進費,子育て支援センター運営管理費,北西部児童館内「トライアングル」,,
民生費,児童福祉費,子ども子育,,,少子化対策推進費,子育て支援センター運営管理費,松野こども園内「ルンルン」,,
民生費,児童福祉費,子ども子育,,,少子化対策推進費,子育て支援センター運営管理費,東部児童館内「タンバリン」,,
民生費,児童福祉費,子ども子育,,,少子化対策推進費,子育て支援センター運営管理費,広見児童館内「ハーモニカ」,,
民生費,児童福祉費,子ども子育,,,少子化対策推進費,子育て支援センター運営管理費,地域子育て支援拠点事業,,
民生費,児童福祉費,子ども子育,,,少子化対策推進費,子育て支援センター運営管理費,地域づくり事業,,
民生費,児童福祉費,子ども子育,,,少子化対策推進費,複合型子育て拠点運営事業費,,17212,15732
民生費,児童福祉費,子ども子育,,,少子化対策推進費,複合型子育て拠点運営事業費,複合型子育て拠点「みらいてらす」,,
民生費,児童福祉費,子ども子育,,,少子化対策推進費,複合型子育て拠点運営事業費,子連れコワーキング推進事業,,
民生費,児童福祉費,子ども子育,,,児童館運営費,,,7779,7457
民生費,児童福祉費,子ども子育,,,児童館運営費,児童館運営管理事業費,,4536,4545
民生費,児童福祉費,子ども子育,,,児童館運営費,児童館運営管理事業費,広見児童館,,
民生費,児童福祉費,子ども子育,,,児童館運営費,児童館運営管理事業費,ぐるん・ぱ　よねのみや,,
民生費,児童福祉費,子ども子育,,,児童館運営費,児童館運営管理事業費,東部児童館,,
民生費,児童福祉費,子ども子育,,,児童館運営費,児童館運営管理事業費,北西部児童館,,
民生費,児童福祉費,子ども子育,,,児童館運営費,児童館運営管理事業費,会議、研修会出席者負担金,8,0
民生費,児童福祉費,子ども子育,,,児童館運営費,児童館施設管理事業費,,3243,2912
民生費,児童福祉費,子ども子育,,,児童館運営費,児童館施設管理事業費,機械警備　ほか,,
民生費,児童福祉費,子ども子育,,,放課後児童健全育成費,,,506350,554859
民生費,児童福祉費,子ども子育,,,放課後児童健全育成費,放課後児童クラブ運営管理費,,467443,523900
民生費,児童福祉費,子ども子育,,,放課後児童健全育成費,放課後児童クラブ運営管理費,"48クラブ、3,050人",,0
民生費,児童福祉費,子ども子育,,,放課後児童健全育成費,放課後児童クラブ運営管理費,法人による運営（23小学校区）　2事業者,,
民生費,児童福祉費,子ども子育,,,放課後児童健全育成費,放課後児童クラブ運営管理費,支援員等資質向上研修開催,,
民生費,児童福祉費,子ども子育,,,放課後児童健全育成費,放課後児童クラブ運営管理費,会議、研修会出席者負担金,1,0
民生費,児童福祉費,子ども子育,,,放課後児童健全育成費,放課後児童クラブ施設管理費,,38907,30959
民生費,児童福祉費,子ども子育,,,放課後児童健全育成費,放課後児童クラブ施設管理費,ふじかわ第一児童クラブ移転先改修,,0
民生費,児童福祉費,子ども子育,,,放課後児童健全育成費,放課後児童クラブ施設管理費,（富士川第一小学校）,,0
民生費,児童福祉費,子ども子育,,,放課後児童健全育成費,放課後児童クラブ施設管理費,空調設備改修,,
民生費,児童福祉費,子ども子育,,,放課後児童健全育成費,放課後児童クラブ施設管理費,照明設備改修,,0
民生費,児童福祉費,子ども子育,,,放課後児童健全育成費,放課後児童クラブ施設管理費,機械警備　ほか,,
民生費,児童福祉費,こども家庭,,,,,,329862,362526
民生費,児童福祉費,こども家庭,報酬,,,,,19357,22224
民生費,児童福祉費,こども家庭,給料,,,,,5907,6195
民生費,児童福祉費,こども家庭,職員手当等当,,,,,7527,8630
民生費,児童福祉費,こども家庭,職員手当等当,地域手当,,,,178,248
民生費,児童福祉費,こども家庭,職員手当等当,通勤手当,,,,178,178
民生費,児童福祉費,こども家庭,職員手当等当,時間外勤務手,,,,1600,1600
民生費,児童福祉費,こども家庭,職員手当等当,期末手当,,,,4802,5652
民生費,児童福祉費,こども家庭,職員手当等当,勤勉手当,,,,769,952
民生費,児童福祉費,こども家庭,共済費,,,,,5535,6009
民生費,児童福祉費,こども家庭,報償費,,,,,405,332
民生費,児童福祉費,こども家庭,旅費,,,,,541,590
民生費,児童福祉費,こども家庭,旅費,費用弁償,,,,477,533
民生費,児童福祉費,こども家庭,旅費,普通旅費,,,,18,18
民生費,児童福祉費,こども家庭,旅費,特別旅費,,,,46,39
民生費,児童福祉費,こども家庭,需用費,,,,,918,882
民生費,児童福祉費,こども家庭,需用費,消耗品費,,,,235,245
民生費,児童福祉費,こども家庭,需用費,燃料費,,,,58,55
民生費,児童福祉費,こども家庭,需用費,食糧費,,,,5,5
民生費,児童福祉費,こども家庭,需用費,印刷製本費,,,,620,577
民生費,児童福祉費,こども家庭,役務費,,,,,692,684
民生費,児童福祉費,こども家庭,役務費,通信運搬費,,,,685,677
民生費,児童福祉費,こども家庭,役務費,手数料,,,,7,7
民生費,児童福祉費,こども家庭,委託料,,,,,14098,11530
民生費,児童福祉費,こども家庭,使用料及び賃借料,,,,,390,390
民生費,児童福祉費,こども家庭,負担金、補助及び交付金,,,,,145167,156888
民生費,児童福祉費,こども家庭,負担金、補助及び交付金,負担金,,,,103,97
民生費,児童福祉費,こども家庭,負担金、補助及び交付金,補助金,,,,145064,156791
民生費,児童福祉費,こども家庭,扶助費,,,,,129324,148171
民生費,児童福祉費,こども家庭,償還金、利子及び割引料,,,,,1,1
民生費,児童福祉費,こども家庭,,,給与費,,,38798,43586
民生費,児童福祉費,こども家庭,,,給与費,フルタイム会計年度任用職員　２人,,11166,11524
民生費,児童福祉費,こども家庭,,,給与費,フルタイム会計年度任用職員　２人,家庭相談員　2人,,0
民生費,児童福祉費,こども家庭,,,給与費,パートタイム会計年度任用職員,,27632,32062
民生費,児童福祉費,こども家庭,,,給与費,パートタイム会計年度任用職員,保健師　4人,,0
民生費,児童福祉費,こども家庭,,,給与費,パートタイム会計年度任用職員,子ども相談スーパーバイザー　1人　ほか,,0
民生費,児童福祉費,こども家庭,,,こども家庭支援費,,,291064,318940
民生費,児童福祉費,こども家庭,,,こども家庭支援費,子育て世代包括支援センター事業費,,515,474
民生費,児童福祉費,こども家庭,,,こども家庭支援費,子育て世代包括支援センター事業費,県保健師会負担金,9,9
民生費,児童福祉費,こども家庭,,,こども家庭支援費,子育て世代包括支援センター事業費,会議、研修会出席者負担金,52,55
民生費,児童福祉費,こども家庭,,,こども家庭支援費,こども家庭管理事業費,,5489,3919
民生費,児童福祉費,こども家庭,,,こども家庭支援費,こども家庭管理事業費,児童虐待相談,,
民生費,児童福祉費,こども家庭,,,こども家庭支援費,こども家庭管理事業費,東部家庭児童相談室連絡協議会負担金,30,0
民生費,児童福祉費,こども家庭,,,こども家庭支援費,こども家庭管理事業費,県家庭児童相談室連絡協議会負担金,8,0
民生費,児童福祉費,こども家庭,,,こども家庭支援費,こども家庭管理事業費,全国保健師長会静岡県支部負担金,4,0
民生費,児童福祉費,こども家庭,,,こども家庭支援費,児童虐待防止事業費,,4700,3909
民生費,児童福祉費,こども家庭,,,こども家庭支援費,児童虐待防止事業費,要保護児童対策地域協議会研修会、会議開催,,0
民生費,児童福祉費,こども家庭,,,こども家庭支援費,児童虐待防止事業費,医療的機能強化等事業,,
民生費,児童福祉費,こども家庭,,,こども家庭支援費,児童虐待防止事業費,子育て世帯訪問支援事業,,
民生費,児童福祉費,こども家庭,,,こども家庭支援費,子どもの貧困対策事業費,,1536,1167
民生費,児童福祉費,こども家庭,,,こども家庭支援費,子どもの貧困対策事業費,三世代食堂居場所づくり事業,,0
民生費,児童福祉費,こども家庭,,,こども家庭支援費,子どもの貧困対策事業費,困窮家庭児童用学用品支給,,
民生費,児童福祉費,こども家庭,,,こども家庭支援費,子どもの貧困対策事業費,生理用品支給,,
民生費,児童福祉費,こども家庭,,,こども家庭支援費,子どもの貧困対策事業費,子ども食堂開設支援補助金,400,400
民生費,児童福祉費,こども家庭,,,こども家庭支援費,子育て短期支援事業費,,9243,9670
民生費,児童福祉費,こども家庭,,,こども家庭支援費,子育て短期支援事業費,短期入所生活援助事業（ショートステイ）,,
民生費,児童福祉費,こども家庭,,,こども家庭支援費,子育て短期支援事業費,夜間養護等事業（トワイライトステイ）,,
民生費,児童福祉費,こども家庭,,,こども家庭支援費,子育て短期支援事業費,子育て短期専用人員配置支援事業費,4264,4691
民生費,児童福祉費,こども家庭,,,こども家庭支援費,出産・子育て応援事業費,,5400,0
民生費,児童福祉費,こども家庭,,,こども家庭支援費,出産・子育て応援事業費,はぐくむＦＵＪＩ出産・子育て応援金,5400,0
民生費,児童福祉費,こども家庭,,,こども家庭支援費,妊婦のための支援給付費,,264181,148065
民生費,児童福祉費,こども家庭,,,こども家庭支援費,妊婦のための支援給付費,はぐくむＦＵＪＩ出産特別お祝い金,135000,0
民生費,児童福祉費,こども家庭,,,こども家庭支援費,妊婦のための支援給付費,妊婦のための支援給付金,,
民生費,児童福祉費,ひとり親家,,,,,,83289,97630
民生費,児童福祉費,ひとり親家,旅費,,,,,52,4
民生費,児童福祉費,ひとり親家,旅費,普通旅費,,,,52,4
民生費,児童福祉費,ひとり親家,需用費,,,,,110,155
民生費,児童福祉費,ひとり親家,需用費,消耗品費,,,,5,5
民生費,児童福祉費,ひとり親家,需用費,印刷製本費,,,,105,150
民生費,児童福祉費,ひとり親家,役務費,,,,,2504,3028
民生費,児童福祉費,ひとり親家,役務費,手数料,,,,2504,3028
民生費,児童福祉費,ひとり親家,委託料,,,,,600,500
民生費,児童福祉費,ひとり親家,扶助費,,,,,80022,93942
民生費,児童福祉費,ひとり親家,償還金、利子及び割引料,,,,,1,1
民生費,児童福祉費,ひとり親家,,,ひとり親家庭等支援費,,,8478,17239
民生費,児童福祉費,ひとり親家,,,ひとり親家庭等支援費,ひとり親家庭等生活向上事業費,,600,500
民生費,児童福祉費,ひとり親家,,,ひとり親家庭等支援費,母子生活支援施設等措置事業費,,7878,16739
民生費,児童福祉費,ひとり親家,,,ひとり親家庭等支援費,母子生活支援施設等措置事業費,母子生活支援施設措置費　　　　　　　 1世帯,,0
民生費,児童福祉費,ひとり親家,,,ひとり親家庭等支援費,母子生活支援施設等措置事業費,助産施設措置費　　　　　　　　　　　　 6人,,
民生費,児童福祉費,ひとり親家,,,ひとり親家庭等給付費,,,19991,18115
民生費,児童福祉費,ひとり親家,,,ひとり親家庭等給付費,ひとり親家庭等給付管理費,,4020,4020
民生費,児童福祉費,ひとり親家,,,ひとり親家庭等給付費,ひとり親家庭等給付管理費,ひとり親家庭等入学祝金（小・中学校） 400人,,
民生費,児童福祉費,ひとり親家,,,ひとり親家庭等給付費,ひとり親家庭等給付管理費,ひとり親家庭等中卒就職者激励記念品　　 4人,,
民生費,児童福祉費,ひとり親家,,,ひとり親家庭等給付費,ひとり親家庭自立支援給付金事業費,,15971,14095
民生費,児童福祉費,ひとり親家,,,ひとり親家庭等給付費,ひとり親家庭自立支援給付金事業費,自立支援教育訓練給付金　　　　　　　　16人,,0
民生費,児童福祉費,ひとり親家,,,ひとり親家庭等給付費,ひとり親家庭自立支援給付金事業費,高等職業訓練促進給付金　　　　　　　　10人,,
民生費,児童福祉費,ひとり親家,,,ひとり親家庭等給付費,ひとり親家庭自立支援給付金事業費,高校卒業程度認定試験合格支援給付金　　 1人,,
民生費,児童福祉費,ひとり親家,,,ひとり親家庭等医療費,,,54820,62276
民生費,児童福祉費,ひとり親家,,,ひとり親家庭等医療費,ひとり親家庭等医療事務費,,2614,3183
民生費,児童福祉費,ひとり親家,,,ひとり親家庭等医療費,ひとり親家庭等医療事務費,"医療費請求事務　　　　　　　　　　18,411件",,0
民生費,児童福祉費,ひとり親家,,,ひとり親家庭等医療費,ひとり親家庭等医療助成費,,52206,59093
民生費,児童福祉費,ひとり親家,,,ひとり親家庭等医療費,ひとり親家庭等医療助成費,"入院　88件　　通院　23,371件",,0
民生費,児童福祉費,児童手当費,,,,,,4938265,4904741
民生費,児童福祉費,児童手当費,報酬,,,,,6111,9918
民生費,児童福祉費,児童手当費,職員手当等,,,,,1347,2222
民生費,児童福祉費,児童手当費,職員手当等,期末手当,,,,1183,1902
民生費,児童福祉費,児童手当費,職員手当等,勤勉手当,,,,164,320
民生費,児童福祉費,児童手当費,共済費,,,,,1280,1937
民生費,児童福祉費,児童手当費,旅費,,,,,194,410
民生費,児童福祉費,児童手当費,旅費,費用弁償,,,,188,405
民生費,児童福祉費,児童手当費,旅費,普通旅費,,,,6,5
民生費,児童福祉費,児童手当費,需用費,,,,,502,507
民生費,児童福祉費,児童手当費,需用費,消耗品費,,,,202,202
民生費,児童福祉費,児童手当費,需用費,印刷製本費,,,,300,305
民生費,児童福祉費,児童手当費,役務費,,,,,1150,1066
民生費,児童福祉費,児童手当費,役務費,通信運搬費,,,,1150,1066
民生費,児童福祉費,児童手当費,扶助費,,,,,4927680,4888680
民生費,児童福祉費,児童手当費,償還金、利子及び割引料,,,,,1,1
民生費,児童福祉費,児童手当費,,,給与費,,,8926,14482
民生費,児童福祉費,児童手当費,,,給与費,パートタイム会計年度任用職員,,8926,14482
民生費,児童福祉費,児童手当費,,,児童手当費,,,4929339,4890259
民生費,児童福祉費,児童手当費,,,児童手当費,児童手当事務費,,1658,1578
民生費,児童福祉費,児童手当費,,,児童手当費,児童手当事務費,受給資格認定等事務,,
民生費,児童福祉費,児童手当費,,,児童手当費,児童手当扶助費,,4927681,4888681
民生費,児童福祉費,児童手当費,,,児童手当費,児童手当扶助費,"0～3歳未満　　　　　　　　　　　　44,472人",,0
民生費,児童福祉費,児童手当費,,,児童手当費,児童手当扶助費,"小学校修了前　　　　　　　　　　 198,468人",,0
民生費,児童福祉費,児童手当費,,,児童手当費,児童手当扶助費,"中学生　　　　　　　　　　　　　　74,880人",,0
民生費,児童福祉費,児童手当費,,,児童手当費,児童手当扶助費,"18歳年度末まで　　　　　　　　　　73,368人",,0
民生費,児童福祉費,児童扶養手,,,,,,895130,905353
民生費,児童福祉費,児童扶養手,報酬,,,,,6039,6473
民生費,児童福祉費,児童扶養手,職員手当等,,,,,1191,1340
民生費,児童福祉費,児童扶養手,職員手当等,期末手当,,,,1026,1147
民生費,児童福祉費,児童扶養手,職員手当等,勤勉手当,,,,165,193
民生費,児童福祉費,児童扶養手,共済費,,,,,992,1078
民生費,児童福祉費,児童扶養手,旅費,,,,,327,327
民生費,児童福祉費,児童扶養手,旅費,費用弁償,,,,325,325
民生費,児童福祉費,児童扶養手,旅費,普通旅費,,,,2,2
民生費,児童福祉費,児童扶養手,需用費,,,,,172,234
民生費,児童福祉費,児童扶養手,需用費,消耗品費,,,,25,25
民生費,児童福祉費,児童扶養手,需用費,印刷製本費,,,,147,209
民生費,児童福祉費,児童扶養手,役務費,,,,,922,900
民生費,児童福祉費,児童扶養手,役務費,通信運搬費,,,,922,900
民生費,児童福祉費,児童扶養手,扶助費,,,,,885486,895000
民生費,児童福祉費,児童扶養手,償還金、利子及び割引料,,,,,1,1
民生費,児童福祉費,児童扶養手,,,給与費,,,8547,9216
民生費,児童福祉費,児童扶養手,,,給与費,パートタイム会計年度任用職員,,8547,9216
民生費,児童福祉費,児童扶養手,,,児童扶養手当費,,,886583,896137
民生費,児童福祉費,児童扶養手,,,児童扶養手当費,児童扶養手当事務費,,1096,1136
民生費,児童福祉費,児童扶養手,,,児童扶養手当費,児童扶養手当事務費,受給資格認定等事務,,
民生費,児童福祉費,児童扶養手,,,児童扶養手当費,児童扶養手当扶助費,,885487,895001
民生費,児童福祉費,児童扶養手,,,児童扶養手当費,児童扶養手当扶助費,"母子・父子・養育者家庭　　　       1,759人",,0
民生費,児童福祉費,こども医療,,,,,,1228621,1200458
民生費,児童福祉費,こども医療,報酬,,,,,4749,5105
民生費,児童福祉費,こども医療,職員手当等,,,,,1100,1247
民生費,児童福祉費,こども医療,職員手当等,期末手当,,,,948,1067
民生費,児童福祉費,こども医療,職員手当等,勤勉手当,,,,152,180
民生費,児童福祉費,こども医療,共済費,,,,,936,1024
民生費,児童福祉費,こども医療,旅費,,,,,178,178
民生費,児童福祉費,こども医療,旅費,費用弁償,,,,178,178
民生費,児童福祉費,こども医療,需用費,,,,,157,157
民生費,児童福祉費,こども医療,需用費,消耗品費,,,,10,10
民生費,児童福祉費,こども医療,需用費,印刷製本費,,,,147,147
民生費,児童福祉費,こども医療,役務費,,,,,79515,77887
民生費,児童福祉費,こども医療,役務費,通信運搬費,,,,4250,4000
民生費,児童福祉費,こども医療,役務費,手数料,,,,75265,73887
民生費,児童福祉費,こども医療,扶助費,,,,,1141986,1114860
民生費,児童福祉費,こども医療,,,給与費,,,6963,7554
民生費,児童福祉費,こども医療,,,給与費,パートタイム会計年度任用職員,,6963,7554
民生費,児童福祉費,こども医療,,,こども医療費,,,1211654,1182900
民生費,児童福祉費,こども医療,,,こども医療費,こども医療事務費,,79668,78040
民生費,児童福祉費,こども医療,,,こども医療費,こども医療事務費,"医療費請求事務　　　　　　　　　 553,386件",,0
民生費,児童福祉費,こども医療,,,こども医療費,こども医療助成費,,1131986,1104860
民生費,児童福祉費,こども医療,,,こども医療費,こども医療助成費,"小学校就学前の入院　　　　　　　　 1,432件",,0
民生費,児童福祉費,こども医療,,,こども医療費,こども医療助成費,小中学生の入院　　　　　　　　　　　 537件,,0
民生費,児童福祉費,こども医療,,,こども医療費,こども医療助成費,16～18歳の入院　　　　　　　　　　　 264件,,0
民生費,児童福祉費,こども医療,,,こども医療費,こども医療助成費,"0歳児の通院　　　　　　　　　　　 30,886件",,0
民生費,児童福祉費,こども医療,,,こども医療費,こども医療助成費,"1歳以上小学校就学前の通院　　　　211,215件",,0
民生費,児童福祉費,こども医療,,,こども医療費,こども医療助成費,"小中学生の通院　　　　　　　　　 244,018件",,0
民生費,児童福祉費,こども医療,,,こども医療費,こども医療助成費,"16～18歳の通院　　　　　　　　　　65,034件",,0
民生費,児童福祉費,こども医療,,,こども医療費,こども医療助成費,"養育育成の入・通院　　　　　　　　 2,050件",,0
民生費,児童福祉費,こども医療,,,こども医療費,こども医療助成費,低所得世帯自己負担金償還,,0
民生費,児童福祉費,こども医療,,,未熟児医療費,,,10004,10004
民生費,児童福祉費,こども医療,,,未熟児医療費,未熟児養育医療事業費,,10004,10004
民生費,児童福祉費,こども医療,,,未熟児医療費,未熟児養育医療事業費,支給対象者数　　　　　　　　　　　　　30人,,0
民生費,児童福祉費,こども医療,,,未熟児医療費,未熟児養育医療事業費,支給件数　　　　　　　　　　　　　　　85件,,0
民生費,児童福祉費,保育園費,,,,,,2837935,2695754
民生費,児童福祉費,保育園費,報酬,,,,,520506,462472
民生費,児童福祉費,保育園費,給料,,,,,959915,895080
民生費,児童福祉費,保育園費,職員手当等当,,,,,644994,628282
民生費,児童福祉費,保育園費,職員手当等当,管理職手当,,,,7121,8894
民生費,児童福祉費,保育園費,職員手当等当,扶養手当,,,,12745,16404
民生費,児童福祉費,保育園費,職員手当等当,地域手当,,,,29394,36752
民生費,児童福祉費,保育園費,職員手当等当,住居手当,,,,10561,9482
民生費,児童福祉費,保育園費,職員手当等当,通勤手当,,,,25306,20313
民生費,児童福祉費,保育園費,職員手当等当,時間外勤務手,,,,50067,49000
民生費,児童福祉費,保育園費,職員手当等当,休日勤務手当,,,,50,50
民生費,児童福祉費,保育園費,職員手当等当,期末手当,,,,315628,299550
民生費,児童福祉費,保育園費,職員手当等当,勤勉手当,,,,194122,187837
民生費,児童福祉費,保育園費,共済費,,,,,375186,360955
民生費,児童福祉費,保育園費,報償費,,,,,5535,5697
民生費,児童福祉費,保育園費,旅費,,,,,26834,20496
民生費,児童福祉費,保育園費,旅費,費用弁償,,,,25491,18973
民生費,児童福祉費,保育園費,旅費,普通旅費,,,,1043,1023
民生費,児童福祉費,保育園費,旅費,特別旅費,,,,300,500
民生費,児童福祉費,保育園費,需用費,,,,,211234,215456
民生費,児童福祉費,保育園費,需用費,消耗品費,,,,19600,19045
民生費,児童福祉費,保育園費,需用費,燃料費,,,,6274,5568
民生費,児童福祉費,保育園費,需用費,食糧費,,,,7,11
民生費,児童福祉費,保育園費,需用費,印刷製本費,,,,2960,2905
民生費,児童福祉費,保育園費,需用費,光熱水費,,,,35646,35571
民生費,児童福祉費,保育園費,需用費,修繕料,,,,17330,20203
民生費,児童福祉費,保育園費,需用費,賄材料費,,,,129417,132153
民生費,児童福祉費,保育園費,役務費,,,,,6132,4775
民生費,児童福祉費,保育園費,役務費,通信運搬費,,,,1813,1740
民生費,児童福祉費,保育園費,役務費,手数料,,,,4044,2717
民生費,児童福祉費,保育園費,役務費,保険料,,,,275,318
民生費,児童福祉費,保育園費,委託料,,,,,16613,22949
民生費,児童福祉費,保育園費,使用料及び賃借料,,,,,11644,28496
民生費,児童福祉費,保育園費,工事請負費,,,,,42795,39900
民生費,児童福祉費,保育園費,原材料費,,,,,333,333
民生費,児童福祉費,保育園費,備品購入費,,,,,13715,8546
民生費,児童福祉費,保育園費,負担金、補助及び交付金,,,,,1499,1317
民生費,児童福祉費,保育園費,負担金、補助及び交付金,負担金,,,,1499,1317
民生費,児童福祉費,保育園費,補償、補塡及び賠償金塡金,,,,,1000,1000
民生費,児童福祉費,保育園費,補償、補塡及び賠償金塡金,補償金及び補,,,,1000,1000
民生費,児童福祉費,保育園費,,,給与費,,,2525994,2365655
民生費,児童福祉費,保育園費,,,給与費,嘱託医　２０人,,3452,0
民生費,児童福祉費,保育園費,,,給与費,一般職　２６６人,,1783021,0
民生費,児童福祉費,保育園費,,,給与費,パートタイム会計年度任用職員,,739521,664597
民生費,児童福祉費,保育園費,,,給与費,パートタイム会計年度任用職員,保育士　　　　　　107人,,0
民生費,児童福祉費,保育園費,,,給与費,パートタイム会計年度任用職員,調理員　　　　　　 49人,,0
民生費,児童福祉費,保育園費,,,給与費,パートタイム会計年度任用職員,保育コンシェルジュ　1人,,0
民生費,児童福祉費,保育園費,,,給与費,パートタイム会計年度任用職員,巡回支援員　　　　　5人　ほか,,0
民生費,児童福祉費,保育園費,,,保育園等運営管理費,,,240828,259724
民生費,児童福祉費,保育園費,,,保育園等運営管理費,保育園等運営管理事業費,,25930,50510
民生費,児童福祉費,保育園費,,,保育園等運営管理費,保育園等運営管理事業費,"公立保育園　　　 　　13園 　定員　1,220人",,0
民生費,児童福祉費,保育園費,,,保育園等運営管理費,保育園等運営管理事業費,公立認定こども園　 　 2園　 定員　　240人,,0
民生費,児童福祉費,保育園費,,,保育園等運営管理費,保育園等運営管理事業費,公立小規模保育事業所　2施設 定員　 　22人,,0
民生費,児童福祉費,保育園費,,,保育園等運営管理費,保育園等運営管理事業費,民間移管引継共同保育,,
民生費,児童福祉費,保育園費,,,保育園等運営管理費,保育園等運営管理事業費,公立保育所三者協議会,,
民生費,児童福祉費,保育園費,,,保育園等運営管理費,保育園等運営管理事業費,乳児等通園支援事業（こども誰でも通園制度）,,
民生費,児童福祉費,保育園費,,,保育園等運営管理費,保育園等運営管理事業費,小規模保育事業所設置,,0
民生費,児童福祉費,保育園費,,,保育園等運営管理費,保育園等運営管理事業費,教育・保育施設ＩＣＴシステム運用,,
民生費,児童福祉費,保育園費,,,保育園等運営管理費,保育園等運営管理事業費,保育所入所選考ＡＩシステム運用,,
民生費,児童福祉費,保育園費,,,保育園等運営管理費,保育園等運営管理事業費,県・市社会福祉協議会負担金,290,251
民生費,児童福祉費,保育園費,,,保育園等運営管理費,保育園等運営管理事業費,県保育所連合会東部支部負担金,542,495
民生費,児童福祉費,保育園費,,,保育園等運営管理費,保育園等運営管理事業費,日本スポーツ振興センター災害共済掛金,519,443
民生費,児童福祉費,保育園費,,,保育園等運営管理費,保育園等運営管理事業費,その他各種団体負担金等,52,0
民生費,児童福祉費,保育園費,,,保育園等運営管理費,保育園等備品整備事業費,,11651,7100
民生費,児童福祉費,保育園費,,,保育園等運営管理費,保育園等備品整備事業費,園児用机・椅子など管理備品等整備,,
民生費,児童福祉費,保育園費,,,保育園等運営管理費,各保育園等運営費,,59137,57217
民生費,児童福祉費,保育園費,,,保育園等運営管理費,各保育園等運営費,保育園13園・認定こども園2園・,,0
民生費,児童福祉費,保育園費,,,保育園等運営管理費,保育士等研修事業費,,9021,7537
民生費,児童福祉費,保育園費,,,保育園等運営管理費,保育士等研修事業費,発達促進芸術教育事業,,
民生費,児童福祉費,保育園費,,,保育園等運営管理費,保育士等研修事業費,オンライン研修事業,,
民生費,児童福祉費,保育園費,,,保育園等運営管理費,保育士等研修事業費,キャリアアップ研修,,
民生費,児童福祉費,保育園費,,,保育園等運営管理費,保育士等研修事業費,子育て支援員研修,,0
民生費,児童福祉費,保育園費,,,保育園等運営管理費,保育士等研修事業費,大学教員による訪問指導事業,,
民生費,児童福祉費,保育園費,,,保育園等運営管理費,保育士等研修事業費,県保育士研修会、施設長研修　ほか,,
民生費,児童福祉費,保育園費,,,保育園等運営管理費,保育士等研修事業費,会議、研修会出席者負担金,96,80
民生費,児童福祉費,保育園費,,,保育園等運営管理費,保育園等給食事業費,,135089,137360
民生費,児童福祉費,保育園費,,,保育園等運営管理費,保育園等給食事業費,（物価高騰対応重点支援地方創生臨時交付金事業）,,
民生費,児童福祉費,保育園費,,,保育園等施設管理費,,,71113,70375
民生費,児童福祉費,保育園費,,,保育園等施設管理費,保育園等施設管理事業費,,12430,11572
民生費,児童福祉費,保育園費,,,保育園等施設管理費,保育園等施設管理事業費,各種設備保守点検,,
民生費,児童福祉費,保育園費,,,保育園等施設管理費,保育園等維持補修事業費,,58683,58803
民生費,児童福祉費,保育園費,,,保育園等施設管理費,保育園等維持補修事業費,民間移管園施設改修（広見保育園、中野保育園）,,0
民生費,児童福祉費,保育園費,,,保育園等施設管理費,保育園等維持補修事業費,長寿命化施設改修（浅間保育園）,,0
民生費,児童福祉費,保育園費,,,保育園等施設管理費,保育園等維持補修事業費,空調設備改修（保育園5園）,,0
民生費,児童福祉費,保育園費,,,保育園等施設管理費,保育園等維持補修事業費,不特定緊急維持補修　ほか,,
民生費,児童福祉費,保育園振興,,,,,,6505390,7470460
民生費,児童福祉費,保育園振興,委託料,,,,,76324,68331
民生費,児童福祉費,保育園振興,使用料及び賃借料,,,,,1551,4252
民生費,児童福祉費,保育園振興,負担金、補助及び交付金,,,,,806454,1171242
民生費,児童福祉費,保育園振興,負担金、補助及び交付金,補助金,,,,806454,1171242
民生費,児童福祉費,保育園振興,扶助費,,,,,5621060,6226635
民生費,児童福祉費,保育園振興,償還金、利子及び割引料,,,,,1,0
民生費,児童福祉費,保育園振興,,,私立保育園等振興費,,,6505390,7470460
民生費,児童福祉費,保育園振興,,,私立保育園等振興費,施設型給付費,,4834769,5384924
民生費,児童福祉費,保育園振興,,,私立保育園等振興費,施設型給付費,（物価高騰対応重点支援地方創生臨時交付金事業）,,
民生費,児童福祉費,保育園振興,,,私立保育園等振興費,地域型保育給付費,,831282,874987
民生費,児童福祉費,保育園振興,,,私立保育園等振興費,地域型保育給付費,家庭的保育事業（保育ママ事業）,,0
民生費,児童福祉費,保育園振興,,,私立保育園等振興費,地域型保育給付費,小規模保育事業所　　14施設,,
民生費,児童福祉費,保育園振興,,,私立保育園等振興費,地域型保育給付費,事業所内保育事業所　 2施設,,0
民生費,児童福祉費,保育園振興,,,私立保育園等振興費,施設等利用給付費,,28332,29934
民生費,児童福祉費,保育園振興,,,私立保育園等振興費,施設等利用給付費,一時預かり事業幼稚園型,,
民生費,児童福祉費,保育園振興,,,私立保育園等振興費,施設等利用給付費,預かり保育事業,,
民生費,児童福祉費,保育園振興,,,私立保育園等振興費,施設等利用給付費,認可外保育施設等,,
民生費,児童福祉費,保育園振興,,,私立保育園等振興費,私立保育園運営等助成費,,167607,202807
民生費,児童福祉費,保育園振興,,,私立保育園等振興費,私立保育園運営等助成費,特別支援事業費補助金,120000,145000
民生費,児童福祉費,保育園振興,,,私立保育園等振興費,私立保育園運営等助成費,公立保育園民間移管円滑化事業費補助金,47607,57807
民生費,児童福祉費,保育園振興,,,私立保育園等振興費,保育対策等促進事業費,,365273,388073
民生費,児童福祉費,保育園振興,,,私立保育園等振興費,保育対策等促進事業費,保育人材就職支援事業,,
民生費,児童福祉費,保育園振興,,,私立保育園等振興費,保育対策等促進事業費,オンライン研修事業,,
民生費,児童福祉費,保育園振興,,,私立保育園等振興費,保育対策等促進事業費,実費徴収補足給付事業,,
民生費,児童福祉費,保育園振興,,,私立保育園等振興費,保育対策等促進事業費,一時預かり事業費補助金,82327,92774
民生費,児童福祉費,保育園振興,,,私立保育園等振興費,保育対策等促進事業費,一時預かり利用者負担軽減事業費補助金,3175,1159
民生費,児童福祉費,保育園振興,,,私立保育園等振興費,保育対策等促進事業費,延長保育事業費補助金,15595,16639
民生費,児童福祉費,保育園振興,,,私立保育園等振興費,保育対策等促進事業費,病児保育事業費補助金,133513,139882
民生費,児童福祉費,保育園振興,,,私立保育園等振興費,保育対策等促進事業費,保育体制強化事業費補助金,31600,41009
民生費,児童福祉費,保育園振興,,,私立保育園等振興費,保育対策等促進事業費,保育補助者雇上強化事業費補助金,70580,74690
民生費,児童福祉費,保育園振興,,,私立保育園等振興費,保育対策等促進事業費,保育の質の向上のための研修事業費,2080,2160
民生費,児童福祉費,保育園振興,,,私立保育園等振興費,保育対策等促進事業費,発達促進芸術教育事業費補助金,320,320
民生費,児童福祉費,保育園振興,,,私立保育園等振興費,保育対策等促進事業費,保育環境改善等事業費補助金,,
民生費,児童福祉費,保育園振興,,,私立保育園等振興費,保育対策等促進事業費,乳児等通園支援事業費補助金,10640,0
民生費,児童福祉費,保育園振興,,,私立保育園等振興費,多様な保育推進事業費,,158370,140753
民生費,児童福祉費,保育園振興,,,私立保育園等振興費,多様な保育推進事業費,乳幼児保育事業費補助金,150864,128557
民生費,児童福祉費,保育園振興,,,私立保育園等振興費,多様な保育推進事業費,外国人児童保育事業費補助金,480,910
民生費,児童福祉費,保育園振興,,,私立保育園等振興費,多様な保育推進事業費,ひとり親家庭子育てサポート事業費,187,288
民生費,児童福祉費,保育園振興,,,私立保育園等振興費,多様な保育推進事業費,年度途中入所サポート事業費補助金,3770,4928
民生費,児童福祉費,保育園振興,,,私立保育園等振興費,多様な保育推進事業費,認可外保育施設運営費補助金,3069,1534
民生費,児童福祉費,保育園振興,,,私立保育園等振興費,私立保育園等施設整備助成費,,119757,446809
民生費,児童福祉費,保育園振興,,,私立保育園等振興費,私立保育園等施設整備助成費,私立保育園施設整備費借入金償還補助金,16326,14132
民生費,児童福祉費,保育園振興,,,私立保育園等振興費,私立保育園等施設整備助成費,民間保育所開設支援事業補助金,255,255
民生費,児童福祉費,保育園振興,,,私立保育園等振興費,私立保育園等施設整備助成費,民間保育所等施設整備事業費補助金,103176,432422
民生費,障害者福祉費,,,,,,,10344870,10931297
民生費,障害者福祉費,障害者福祉,,,,,,6578,9972
民生費,障害者福祉費,障害者福祉,報酬,,,,,2394,4977
民生費,障害者福祉費,障害者福祉,職員手当等,,,,,554,1215
民生費,障害者福祉費,障害者福祉,職員手当等,期末手当,,,,477,1040
民生費,障害者福祉費,障害者福祉,職員手当等,勤勉手当,,,,77,175
民生費,障害者福祉費,障害者福祉,共済費,,,,,487,994
民生費,障害者福祉費,障害者福祉,旅費,,,,,86,164
民生費,障害者福祉費,障害者福祉,旅費,費用弁償,,,,78,156
民生費,障害者福祉費,障害者福祉,旅費,普通旅費,,,,8,8
民生費,障害者福祉費,障害者福祉,需用費,,,,,1276,862
民生費,障害者福祉費,障害者福祉,需用費,消耗品費,,,,663,200
民生費,障害者福祉費,障害者福祉,需用費,印刷製本費,,,,613,662
民生費,障害者福祉費,障害者福祉,役務費,,,,,1700,1700
民生費,障害者福祉費,障害者福祉,役務費,通信運搬費,,,,1700,1700
民生費,障害者福祉費,障害者福祉,備品購入費,,,,,21,0
民生費,障害者福祉費,障害者福祉,負担金、補助及び交付金,,,,,60,60
民生費,障害者福祉費,障害者福祉,負担金、補助及び交付金,負担金,,,,60,60
民生費,障害者福祉費,障害者福祉,,,給与費,,,3513,7342
民生費,障害者福祉費,障害者福祉,,,給与費,パートタイム会計年度任用職員,,3513,7342
民生費,障害者福祉費,障害者福祉,,,障害者福祉管理費,,,3065,2630
民生費,障害者福祉費,障害者福祉,,,障害者福祉管理費,障害福祉管理費,,3065,2630
民生費,障害者福祉費,障害者福祉,,,障害者福祉管理費,障害福祉管理費,障害福祉施策を実施するための事務,,
民生費,障害者福祉費,障害者福祉,,,障害者福祉管理費,障害福祉管理費,県精神保健福祉協会負担金,50,50
民生費,障害者福祉費,障害者福祉,,,障害者福祉管理費,障害福祉管理費,全国手話言語市区長会負担金,10,10
民生費,障害者福祉費,障害者医療,,,,,,637729,629824
民生費,障害者福祉費,障害者医療,需用費,,,,,52,118
民生費,障害者福祉費,障害者医療,需用費,消耗品費,,,,6,6
民生費,障害者福祉費,障害者医療,需用費,印刷製本費,,,,46,112
民生費,障害者福祉費,障害者医療,役務費,,,,,16209,15920
民生費,障害者福祉費,障害者医療,役務費,手数料,,,,16209,15920
民生費,障害者福祉費,障害者医療,委託料,,,,,1078,1154
民生費,障害者福祉費,障害者医療,負担金、補助及び交付金,,,,,31947,33487
民生費,障害者福祉費,障害者医療,負担金、補助及び交付金,負担金,,,,4817,4917
民生費,障害者福祉費,障害者医療,負担金、補助及び交付金,交付金,,,,27130,28570
民生費,障害者福祉費,障害者医療,扶助費,,,,,587443,578145
民生費,障害者福祉費,障害者医療,貸付金,,,,,1000,1000
民生費,障害者福祉費,障害者医療,,,重度心身障害児（者）医療費,,,450921,440837
民生費,障害者福祉費,障害者医療,,,重度心身障害児（者）医療費,重度心身障害児（者）医療事務費,,18210,18063
民生費,障害者福祉費,障害者医療,,,重度心身障害児（者）医療費,重度心身障害児（者）医療事務費,"事務取扱　　　　　　　　　　　　 119,179件",,0
民生費,障害者福祉費,障害者医療,,,重度心身障害児（者）医療費,重度心身障害児（者）医療等扶助費,,432711,422774
民生費,障害者福祉費,障害者医療,,,重度心身障害児（者）医療費,重度心身障害児（者）医療等扶助費,"県補助事業　　　　　　　　　　　 111,328件",,0
民生費,障害者福祉費,障害者医療,,,重度心身障害児（者）医療費,重度心身障害児（者）医療等扶助費,"市単独事業　　　　　　　　　　　　 7,851件",,0
民生費,障害者福祉費,障害者医療,,,特別障害者手当等給付費,,,121809,121780
民生費,障害者福祉費,障害者医療,,,特別障害者手当等給付費,特別障害者手当等給付事務費,,129,129
民生費,障害者福祉費,障害者医療,,,特別障害者手当等給付費,特別障害者手当等扶助費,,121680,121651
民生費,障害者福祉費,障害者医療,,,特別障害者手当等給付費,特別障害者手当等扶助費,特別障害者手当　　　　　　　　　　　 301人,,0
民生費,障害者福祉費,障害者医療,,,特別障害者手当等給付費,特別障害者手当等扶助費,障害児福祉手当　　　　　　　　　　　  90人,,
民生費,障害者福祉費,障害者医療,,,特別障害者手当等給付費,特別障害者手当等扶助費,経過措置福祉手当　　　　　　　　　　　 3人,,
民生費,障害者福祉費,障害者医療,,,重症心身障害者等介護手当費,,,6960,6960
民生費,障害者福祉費,障害者医療,,,重症心身障害者等介護手当費,重症心身障害者等介護手当費,,6960,6960
民生費,障害者福祉費,障害者医療,,,重症心身障害者等介護手当費,重症心身障害者等介護手当費,対象者　　　　　　　　　　　　　　　 116人,,
民生費,障害者福祉費,障害者医療,,,精神障害者医療費,,,20572,20280
民生費,障害者福祉費,障害者医療,,,精神障害者医療費,精神障害者医療扶助費,,20572,20280
民生費,障害者福祉費,障害者医療,,,精神障害者医療費,精神障害者医療扶助費,"対象件数　　　　　　　　　　　　　 1,322件",,0
民生費,障害者福祉費,障害者医療,,,重度心身障害児等福祉手当費,,,5520,6480
民生費,障害者福祉費,障害者医療,,,重度心身障害児等福祉手当費,重度心身障害児等福祉手当費,,5520,6480
民生費,障害者福祉費,障害者医療,,,重度心身障害児等福祉手当費,重度心身障害児等福祉手当費,重度心身障害児　　　　　　　　　　　　46人,,0
民生費,障害者福祉費,障害者医療,,,心身障害者扶養共済事業費,,,31947,33487
民生費,障害者福祉費,障害者医療,,,心身障害者扶養共済事業費,心身障害者扶養共済事業費,,31947,33487
民生費,障害者福祉費,障害者医療,,,心身障害者扶養共済事業費,心身障害者扶養共済事業費,心身障害者扶養共済制度給付金,27130,28570
民生費,障害者福祉費,障害者医療,,,心身障害者扶養共済事業費,心身障害者扶養共済事業費,心身障害者扶養共済制度掛金,4817,4917
民生費,障害者福祉費,障害者自立,,,,,,8929730,9448249
民生費,障害者福祉費,障害者自立,報酬,,,,,6874,7243
民生費,障害者福祉費,障害者自立,職員手当等,,,,,1136,1255
民生費,障害者福祉費,障害者自立,職員手当等,期末手当,,,,979,1074
民生費,障害者福祉費,障害者自立,職員手当等,勤勉手当,,,,157,181
民生費,障害者福祉費,障害者自立,共済費,,,,,977,1060
民生費,障害者福祉費,障害者自立,報償費,,,,,2066,3107
民生費,障害者福祉費,障害者自立,旅費,,,,,266,261
民生費,障害者福祉費,障害者自立,旅費,費用弁償,,,,212,212
民生費,障害者福祉費,障害者自立,旅費,普通旅費,,,,40,35
民生費,障害者福祉費,障害者自立,旅費,特別旅費,,,,14,14
民生費,障害者福祉費,障害者自立,需用費,,,,,162,214
民生費,障害者福祉費,障害者自立,需用費,消耗品費,,,,75,184
民生費,障害者福祉費,障害者自立,需用費,印刷製本費,,,,87,30
民生費,障害者福祉費,障害者自立,役務費,,,,,9266,9927
民生費,障害者福祉費,障害者自立,役務費,通信運搬費,,,,1511,1811
民生費,障害者福祉費,障害者自立,役務費,手数料,,,,7745,8101
民生費,障害者福祉費,障害者自立,役務費,保険料,,,,10,15
民生費,障害者福祉費,障害者自立,委託料,,,,,46875,45253
民生費,障害者福祉費,障害者自立,使用料及び賃借料,,,,,1385,1469
民生費,障害者福祉費,障害者自立,負担金、補助及び交付金,,,,,865,865
民生費,障害者福祉費,障害者自立,負担金、補助及び交付金,負担金,,,,57,57
民生費,障害者福祉費,障害者自立,負担金、補助及び交付金,補助金,,,,808,808
民生費,障害者福祉費,障害者自立,扶助費,,,,,8859855,9377288
民生費,障害者福祉費,障害者自立,償還金、利子及び割引料,,,,,3,307
民生費,障害者福祉費,障害者自立,,,給与費,,,9187,9758
民生費,障害者福祉費,障害者自立,,,給与費,障害支援区分認定等審査会委員　１０人,,1620,1610
民生費,障害者福祉費,障害者自立,,,給与費,障害支援区分認定等審査会委員　１０人,審査会開催　　　　　　　　　　　　　　16回,,
民生費,障害者福祉費,障害者自立,,,給与費,パートタイム会計年度任用職員,,7567,8148
民生費,障害者福祉費,障害者自立,,,認定等審査会費,,,3142,3168
民生費,障害者福祉費,障害者自立,,,認定等審査会費,障害支援区分認定事務費,,3142,3168
民生費,障害者福祉費,障害者自立,,,認定等審査会費,障害支援区分認定事務費,主治医意見書　　　　　　　　 　　　　535件,,0
民生費,障害者福祉費,障害者自立,,,認定等審査会費,障害支援区分認定事務費,認定調査委託件数　　　　　　　　　　　54件,,
民生費,障害者福祉費,障害者自立,,,自立支援事業費,,,6188,6812
民生費,障害者福祉費,障害者自立,,,自立支援事業費,総合支援法施行事務費,,6188,6812
民生費,障害者福祉費,障害者自立,,,自立支援事業費,総合支援法施行事務費,"国保連審査支払件数　　　　　　 2,750件／月",,0
民生費,障害者福祉費,障害者自立,,,自立支援事業費,総合支援法施行事務費,障害者週間記念事業,,
民生費,障害者福祉費,障害者自立,,,自立支援事業費,総合支援法施行事務費,自立支援協議会研修事業,,
民生費,障害者福祉費,障害者自立,,,自立支援事業費,総合支援法施行事務費,基幹相談支援センター研修事業,,
民生費,障害者福祉費,障害者自立,,,自立支援事業費,総合支援法施行事務費,障害者差別解消法啓発事業,,
民生費,障害者福祉費,障害者自立,,,介護給付費,,,3161590,3146790
民生費,障害者福祉費,障害者自立,,,介護給付費,在宅支援事業費,,2682622,2673298
民生費,障害者福祉費,障害者自立,,,介護給付費,在宅支援事業費,居宅介護（身体介護・家事援助等）　　 286人,,0
民生費,障害者福祉費,障害者自立,,,介護給付費,在宅支援事業費,重度訪問介護　　　　　　　　　　　　　16人,,0
民生費,障害者福祉費,障害者自立,,,介護給付費,在宅支援事業費,行動援護　　　　　　　　　　　　　　　23人,,
民生費,障害者福祉費,障害者自立,,,介護給付費,在宅支援事業費,同行援護　　　　　　　　　　　　　　　46人,,0
民生費,障害者福祉費,障害者自立,,,介護給付費,在宅支援事業費,療養介護　　　　　　　　　　　　　　　29人,,0
民生費,障害者福祉費,障害者自立,,,介護給付費,在宅支援事業費,生活介護　　　　　　　　　　　　　　 587人,,0
民生費,障害者福祉費,障害者自立,,,介護給付費,在宅支援事業費,短期入所　　　　　　　　　　　　　　 109人,,0
民生費,障害者福祉費,障害者自立,,,介護給付費,在宅支援事業費,高額障害福祉サービス等給付費,,
民生費,障害者福祉費,障害者自立,,,介護給付費,在宅支援事業費,計画相談支援　ほか,,
民生費,障害者福祉費,障害者自立,,,介護給付費,在宅支援事業費,在宅重症心身障害児者短期入所利用,158,158
民生費,障害者福祉費,障害者自立,,,介護給付費,施設支援事業費,,478968,473492
民生費,障害者福祉費,障害者自立,,,介護給付費,施設支援事業費,施設入所支援　　　　　　　　　　　　 220人,,0
民生費,障害者福祉費,障害者自立,,,介護給付費,施設支援事業費,特定障害者特別給付（施設入所）　　　 193人,,0
民生費,障害者福祉費,障害者自立,,,訓練等給付費,,,2995160,3319557
民生費,障害者福祉費,障害者自立,,,訓練等給付費,訓練等事業費,,2995160,3319557
民生費,障害者福祉費,障害者自立,,,訓練等給付費,訓練等事業費,自立訓練,,
民生費,障害者福祉費,障害者自立,,,訓練等給付費,訓練等事業費,就労移行支援　　　　　　　　　　　　　96人,,0
民生費,障害者福祉費,障害者自立,,,訓練等給付費,訓練等事業費,就労継続支援Ａ型　　　　　　　　　　 185人,,0
民生費,障害者福祉費,障害者自立,,,訓練等給付費,訓練等事業費,就労継続支援Ｂ型　　　　　　　　　　 819人,,0
民生費,障害者福祉費,障害者自立,,,訓練等給付費,訓練等事業費,自立生活援助　　　　　　　　　　　　　 1人,,
民生費,障害者福祉費,障害者自立,,,訓練等給付費,訓練等事業費,就労定着支援　　　　　　　　　　　　　43人,,0
民生費,障害者福祉費,障害者自立,,,訓練等給付費,訓練等事業費,就労選択支援　　　　　　　　　　　　　18人,,0
民生費,障害者福祉費,障害者自立,,,訓練等給付費,訓練等事業費,共同生活援助（グループホーム）　　　 339人,,0
民生費,障害者福祉費,障害者自立,,,訓練等給付費,訓練等事業費,特定障害者特別給付,,
民生費,障害者福祉費,障害者自立,,,障害児通所給付費,,,2283661,2503492
民生費,障害者福祉費,障害者自立,,,障害児通所給付費,障害児通所事業費,,2283661,2503492
民生費,障害者福祉費,障害者自立,,,障害児通所給付費,障害児通所事業費,"国保連審査支払件数　　　　　　 1,400件／月",,0
民生費,障害者福祉費,障害者自立,,,障害児通所給付費,障害児通所事業費,児童発達支援　　　　　　　　　　　　 209人,,0
民生費,障害者福祉費,障害者自立,,,障害児通所給付費,障害児通所事業費,"放課後等デイサービス　　　　　　　 1,060人",,0
民生費,障害者福祉費,障害者自立,,,障害児通所給付費,障害児通所事業費,保育所等訪問支援　　　　　　　　　　　 9人,,
民生費,障害者福祉費,障害者自立,,,障害児通所給付費,障害児通所事業費,高額障害児通所給付費,,
民生費,障害者福祉費,障害者自立,,,障害児通所給付費,障害児通所事業費,障害児計画相談支援,,
民生費,障害者福祉費,障害者自立,,,自立支援医療費,,,180619,185516
民生費,障害者福祉費,障害者自立,,,自立支援医療費,更生医療費,,180108,185105
民生費,障害者福祉費,障害者自立,,,自立支援医療費,更生医療費,"対象件数　　　　　　　　　　　　　 1,988件",,0
民生費,障害者福祉費,障害者自立,,,自立支援医療費,育成医療費,,511,411
民生費,障害者福祉費,障害者自立,,,自立支援医療費,育成医療費,対象件数　　　　　　　　　　　　　　  20件,,
民生費,障害者福祉費,障害者自立,,,補装具費,,,45000,48000
民生費,障害者福祉費,障害者自立,,,補装具費,補装具給付費,,45000,48000
民生費,障害者福祉費,障害者自立,,,補装具費,補装具給付費,補装具　交付･修理･貸与　　　　　　　 401件,,0
民生費,障害者福祉費,障害者自立,,,地域生活支援費,,,245183,225156
民生費,障害者福祉費,障害者自立,,,地域生活支援費,相談支援等事業費,,41332,36622
民生費,障害者福祉費,障害者自立,,,地域生活支援費,相談支援等事業費,障害者相談支援事業　7事業所,,0
民生費,障害者福祉費,障害者自立,,,地域生活支援費,相談支援等事業費,成年後見制度利用支援事業,,
民生費,障害者福祉費,障害者自立,,,地域生活支援費,相談支援等事業費,会議、研修会出席者負担金,57,57
民生費,障害者福祉費,障害者自立,,,地域生活支援費,地域生活支援事業費,,116642,101037
民生費,障害者福祉費,障害者自立,,,地域生活支援費,地域生活支援事業費,訪問入浴　　　　　　　　　　　　　　　11人,,0
民生費,障害者福祉費,障害者自立,,,地域生活支援費,地域生活支援事業費,"地域活動支援ｾﾝﾀｰ　　14事業所　延べ20,040人",,0
民生費,障害者福祉費,障害者自立,,,地域生活支援費,地域生活支援事業費,"日中一時支援　　　　　　　　　　 　3,252件",,0
民生費,障害者福祉費,障害者自立,,,地域生活支援費,地域生活支援事業費,居室確保事業　　　　　　　　　　　　　41日,,0
民生費,障害者福祉費,障害者自立,,,地域生活支援費,社会参加促進支援事業費,,26285,26497
民生費,障害者福祉費,障害者自立,,,地域生活支援費,社会参加促進支援事業費,障害者移動支援　　　　　　　　　　　　92人,,0
民生費,障害者福祉費,障害者自立,,,地域生活支援費,社会参加促進支援事業費,カルチャー講座 華道、茶道、料理など全9講座,,
民生費,障害者福祉費,障害者自立,,,地域生活支援費,社会参加促進支援事業費,福祉機器リサイクル事業,,
民生費,障害者福祉費,障害者自立,,,地域生活支援費,社会参加促進支援事業費,心身障害児（者）ふれあい交流事業,,
民生費,障害者福祉費,障害者自立,,,地域生活支援費,社会参加促進支援事業費,障害福祉ポータルサイト運営事業,,
民生費,障害者福祉費,障害者自立,,,地域生活支援費,社会参加促進支援事業費,音声行政情報提供事業,,
民生費,障害者福祉費,障害者自立,,,地域生活支援費,社会参加促進支援事業費,奉仕員等養成事業　　　　　　　　　　 3事業,,0
民生費,障害者福祉費,障害者自立,,,地域生活支援費,社会参加促進支援事業費,手話言語普及啓発事業,,
民生費,障害者福祉費,障害者自立,,,地域生活支援費,社会参加促進支援事業費,芸術文化活動促進事業,,
民生費,障害者福祉費,障害者自立,,,地域生活支援費,社会参加促進支援事業費,身体障害者自動車運転免許取得費,650,650
民生費,障害者福祉費,障害者自立,,,地域生活支援費,日常生活用具給付事業費,,60924,61000
民生費,障害者福祉費,障害者自立,,,地域生活支援費,日常生活用具給付事業費,"日常生活用具給付件数　　　　　　　 5,892件",,0
民生費,障害者福祉費,障害者援護,,,,,,60156,60555
民生費,障害者福祉費,障害者援護,報償費,,,,,837,714
民生費,障害者福祉費,障害者援護,旅費,,,,,49,44
民生費,障害者福祉費,障害者援護,旅費,普通旅費,,,,49,44
民生費,障害者福祉費,障害者援護,需用費,,,,,749,749
民生費,障害者福祉費,障害者援護,需用費,消耗品費,,,,33,33
民生費,障害者福祉費,障害者援護,需用費,印刷製本費,,,,101,101
民生費,障害者福祉費,障害者援護,需用費,修繕料,,,,615,615
民生費,障害者福祉費,障害者援護,役務費,,,,,13,13
民生費,障害者福祉費,障害者援護,役務費,通信運搬費,,,,13,13
民生費,障害者福祉費,障害者援護,委託料,,,,,34218,34268
民生費,障害者福祉費,障害者援護,負担金、補助及び交付金,,,,,763,767
民生費,障害者福祉費,障害者援護,負担金、補助及び交付金,負担金,,,,3,7
民生費,障害者福祉費,障害者援護,負担金、補助及び交付金,補助金,,,,760,760
民生費,障害者福祉費,障害者援護,扶助費,,,,,23527,24000
民生費,障害者福祉費,障害者援護,,,障害者援護活動費,,,60156,60555
民生費,障害者福祉費,障害者援護,,,障害者援護活動費,援護活動事業費,,85,84
民生費,障害者福祉費,障害者援護,,,障害者援護活動費,援護活動事業費,県保健師会負担金,3,3
民生費,障害者福祉費,障害者援護,,,障害者援護活動費,障害者相談員事業費,,850,727
民生費,障害者福祉費,障害者援護,,,障害者援護活動費,障害者相談員事業費,身体障害者相談員　　　　　　　　　　　14人,,0
民生費,障害者福祉費,障害者援護,,,障害者援護活動費,障害者相談員事業費,知的障害者相談員　　　　　　　　　　　17人,,0
民生費,障害者福祉費,障害者援護,,,障害者援護活動費,障害者相談員事業費,精神障害者相談員　　　　　　　　　　　 3人,,
民生費,障害者福祉費,障害者援護,,,障害者援護活動費,地域生活安全事業費,,25579,26034
民生費,障害者福祉費,障害者援護,,,障害者援護活動費,地域生活安全事業費,緊急通報システム　　　　　　　　　　 3世帯,,0
民生費,障害者福祉費,障害者援護,,,障害者援護活動費,地域生活安全事業費,重度身体障害児（者）紙おむつ支給　　 220人,,0
民生費,障害者福祉費,障害者援護,,,障害者援護活動費,地域生活安全事業費,重度障害者タクシー利用助成　　　 351件／月,,0
民生費,障害者福祉費,障害者援護,,,障害者援護活動費,地域生活安全事業費,人工呼吸器用外部バッテリー　　　　　 　6件,,
民生費,障害者福祉費,障害者援護,,,障害者援護活動費,地域生活安全事業費,災害情報受信関連機器　　　　　　　　　 1件,,
民生費,障害者福祉費,障害者援護,,,障害者援護活動費,地域生活安全事業費,ライフサポート事業,,
民生費,障害者福祉費,障害者援護,,,障害者援護活動費,地域生活安全事業費,障害者配食サービス事業　　　　　　　　27人,,0
民生費,障害者福祉費,障害者援護,,,障害者援護活動費,入居支援事業費,,29215,29215
民生費,障害者福祉費,障害者援護,,,障害者援護活動費,入居支援事業費,あおぞら寮（指定管理）,,
民生費,障害者福祉費,障害者援護,,,障害者援護活動費,入居支援事業費,そびな寮（指定管理）,,
民生費,障害者福祉費,障害者援護,,,障害者援護活動費,就労機能パワーアップ事業費,,3667,3735
民生費,障害者福祉費,障害者援護,,,障害者援護活動費,就労機能パワーアップ事業費,就労支援コーディネーター　　　　　 　　2人,,
民生費,障害者福祉費,障害者援護,,,障害者援護活動費,援護助成費,,760,760
民生費,障害者福祉費,障害者援護,,,障害者援護活動費,援護助成費,身体障害者福祉会補助金,300,300
民生費,障害者福祉費,障害者援護,,,障害者援護活動費,援護助成費,福祉団体スポーツレクリエーション,100,100
民生費,障害者福祉費,障害者援護,,,障害者援護活動費,援護助成費,共生社会促進事業補助金,100,100
民生費,障害者福祉費,障害者援護,,,障害者援護活動費,援護助成費,精神障害者自立支援事業補助金,100,100
民生費,障害者福祉費,障害者援護,,,障害者援護活動費,援護助成費,障害者機能回復訓練支援事業補助金,160,160
民生費,障害者福祉費,障害児入所,,,,,,341485,381841
民生費,障害者福祉費,障害児入所,報酬,,,,,8868,9469
民生費,障害者福祉費,障害児入所,給料,,,,,97905,107653
民生費,障害者福祉費,障害児入所,職員手当等当,,,,,74383,80689
民生費,障害者福祉費,障害児入所,職員手当等当,管理職手当,,,,623,623
民生費,障害者福祉費,障害児入所,職員手当等当,扶養手当,,,,2014,1716
民生費,障害者福祉費,障害児入所,職員手当等当,地域手当,,,,3020,4400
民生費,障害者福祉費,障害児入所,職員手当等当,住居手当,,,,508,552
民生費,障害者福祉費,障害児入所,職員手当等当,通勤手当,,,,4414,4619
民生費,障害者福祉費,障害児入所,職員手当等当,特殊勤務手当,,,,2200,2200
民生費,障害者福祉費,障害児入所,職員手当等当,時間外勤務手,,,,10163,10163
民生費,障害者福祉費,障害児入所,職員手当等当,休日勤務手当,,,,4500,4500
民生費,障害者福祉費,障害児入所,職員手当等当,夜間勤務手当,,,,1200,1200
民生費,障害者福祉費,障害児入所,職員手当等当,宿日直手当,,,,7500,7500
民生費,障害者福祉費,障害児入所,職員手当等当,期末手当,,,,24077,26977
民生費,障害者福祉費,障害児入所,職員手当等当,勤勉手当,,,,14164,16239
民生費,障害者福祉費,障害児入所,共済費,,,,,35983,38837
民生費,障害者福祉費,障害児入所,報償費,,,,,12,8
民生費,障害者福祉費,障害児入所,旅費,,,,,818,805
民生費,障害者福祉費,障害児入所,旅費,費用弁償,,,,626,626
民生費,障害者福祉費,障害児入所,旅費,普通旅費,,,,66,66
民生費,障害者福祉費,障害児入所,旅費,特別旅費,,,,126,113
民生費,障害者福祉費,障害児入所,需用費,,,,,60798,90529
民生費,障害者福祉費,障害児入所,需用費,消耗品費,,,,2156,2156
民生費,障害者福祉費,障害児入所,需用費,燃料費,,,,5,3483
民生費,障害者福祉費,障害児入所,需用費,印刷製本費,,,,215,215
民生費,障害者福祉費,障害児入所,需用費,光熱水費,,,,18476,14500
民生費,障害者福祉費,障害児入所,需用費,修繕料,,,,17775,48547
民生費,障害者福祉費,障害児入所,需用費,賄材料費,,,,22000,21451
民生費,障害者福祉費,障害児入所,需用費,医薬材料費,,,,171,177
民生費,障害者福祉費,障害児入所,役務費,,,,,1809,1900
民生費,障害者福祉費,障害児入所,役務費,通信運搬費,,,,420,399
民生費,障害者福祉費,障害児入所,役務費,手数料,,,,777,890
民生費,障害者福祉費,障害児入所,役務費,保険料,,,,612,611
民生費,障害者福祉費,障害児入所,委託料,,,,,36989,33774
民生費,障害者福祉費,障害児入所,使用料及び賃借料,,,,,1484,1461
民生費,障害者福祉費,障害児入所,備品購入費,,,,,12638,7569
民生費,障害者福祉費,障害児入所,負担金、補助及び交付金,,,,,471,452
民生費,障害者福祉費,障害児入所,負担金、補助及び交付金,負担金,,,,471,452
民生費,障害者福祉費,障害児入所,扶助費,,,,,9327,8695
民生費,障害者福祉費,障害児入所,,,給与費,,,217765,237274
民生費,障害者福祉費,障害児入所,,,給与費,一般職　１８人,,145392,161776
民生費,障害者福祉費,障害児入所,,,給与費,フルタイム会計年度任用職員　１１人,,59054,61199
民生費,障害者福祉費,障害児入所,,,給与費,パートタイム会計年度任用職員,,13319,14299
民生費,障害者福祉費,障害児入所,,,ふじやま学園管理費,,,123720,144567
民生費,障害者福祉費,障害児入所,,,ふじやま学園管理費,ふじやま学園運営管理事業費,,34307,32347
民生費,障害者福祉費,障害児入所,,,ふじやま学園管理費,ふじやま学園運営管理事業費,入所定員　50人（18歳未満児）,,
民生費,障害者福祉費,障害児入所,,,ふじやま学園管理費,ふじやま学園運営管理事業費,県知的障害者福祉協会負担金,135,135
民生費,障害者福祉費,障害児入所,,,ふじやま学園管理費,ふじやま学園運営管理事業費,県・市社会福祉協議会負担金,18,18
民生費,障害者福祉費,障害児入所,,,ふじやま学園管理費,ふじやま学園運営管理事業費,その他各種団体負担金等,17,17
民生費,障害者福祉費,障害児入所,,,ふじやま学園管理費,ふじやま学園運営管理事業費,会議、研修会出席者負担金,133,114
民生費,障害者福祉費,障害児入所,,,ふじやま学園管理費,ふじやま学園短期入所事業費,,434,434
民生費,障害者福祉費,障害児入所,,,ふじやま学園管理費,ふじやま学園短期入所事業費,短期入所・日中一時支援事業利用者,,
民生費,障害者福祉費,障害児入所,,,ふじやま学園管理費,ふじやま学園短期入所事業費,会議、研修会出席者負担金,20,20
民生費,障害者福祉費,障害児入所,,,ふじやま学園管理費,ふじやま学園施設管理事業費,,30611,58578
民生費,障害者福祉費,障害児入所,,,ふじやま学園管理費,ふじやま学園施設管理事業費,居室空調設備改修,,0
民生費,障害者福祉費,障害児入所,,,ふじやま学園管理費,ふじやま学園施設管理事業費,建物、設備修繕,,
民生費,障害者福祉費,障害児入所,,,ふじやま学園管理費,ふじやま学園施設管理事業費,送迎用車両購入　1台,,0
民生費,障害者福祉費,障害児入所,,,ふじやま学園管理費,ふじやま学園施設管理事業費,空調設備等保守点検　ほか,,
民生費,障害者福祉費,障害児入所,,,ふじやま学園管理費,ふじやま学園給食事業費,,57629,52494
民生費,障害者福祉費,障害児入所,,,ふじやま学園管理費,ふじやま学園給食事業費,調理業務,,
民生費,障害者福祉費,障害児入所,,,ふじやま学園管理費,ふじやま学園給食事業費,県栄養士会等負担金,20,0
民生費,障害者福祉費,障害児入所,,,ふじやま学園管理費,ふじやま学園健康管理事業費,,519,492
民生費,障害者福祉費,障害児入所,,,ふじやま学園管理費,ふじやま学園健康管理事業費,健康管理、感染症予防対策　ほか,,
民生費,障害者福祉費,障害児入所,,,ふじやま学園管理費,計画相談事業費,,220,222
民生費,障害者福祉費,障害児入所,,,ふじやま学園管理費,計画相談事業費,サービス等及び障害児支援利用計画作成,,
民生費,障害者福祉費,障害児入所,,,ふじやま学園管理費,計画相談事業費,会議、研修会出席者負担金,128,128
民生費,障害者福祉費,こども発達,,,,,,369192,400856
民生費,障害者福祉費,こども発達,報酬,,,,,39986,37591
民生費,障害者福祉費,こども発達,給料,,,,,137112,143706
民生費,障害者福祉費,こども発達,職員手当等当,,,,,82822,88040
民生費,障害者福祉費,こども発達,職員手当等当,管理職手当,,,,1420,1420
民生費,障害者福祉費,こども発達,職員手当等当,扶養手当,,,,1194,1162
民生費,障害者福祉費,こども発達,職員手当等当,地域手当,,,,4192,5856
民生費,障害者福祉費,こども発達,職員手当等当,住居手当,,,,288,885
民生費,障害者福祉費,こども発達,職員手当等当,通勤手当,,,,3581,4011
民生費,障害者福祉費,こども発達,職員手当等当,特殊勤務手当,,,,2328,2328
民生費,障害者福祉費,こども発達,職員手当等当,時間外勤務手,,,,2491,2491
民生費,障害者福祉費,こども発達,職員手当等当,休日勤務手当,,,,50,50
民生費,障害者福祉費,こども発達,職員手当等当,期末手当,,,,39684,40899
民生費,障害者福祉費,こども発達,職員手当等当,勤勉手当,,,,27594,28938
民生費,障害者福祉費,こども発達,共済費,,,,,50800,52003
民生費,障害者福祉費,こども発達,報償費,,,,,461,455
民生費,障害者福祉費,こども発達,旅費,,,,,2069,1752
民生費,障害者福祉費,こども発達,旅費,費用弁償,,,,1770,1458
民生費,障害者福祉費,こども発達,旅費,普通旅費,,,,92,92
民生費,障害者福祉費,こども発達,旅費,特別旅費,,,,207,202
民生費,障害者福祉費,こども発達,需用費,,,,,21209,6690
民生費,障害者福祉費,こども発達,需用費,消耗品費,,,,1438,1472
民生費,障害者福祉費,こども発達,需用費,食糧費,,,,9,9
民生費,障害者福祉費,こども発達,需用費,印刷製本費,,,,254,254
民生費,障害者福祉費,こども発達,需用費,光熱水費,,,,3100,3500
民生費,障害者福祉費,こども発達,需用費,修繕料,,,,16164,1222
民生費,障害者福祉費,こども発達,需用費,賄材料費,,,,189,178
民生費,障害者福祉費,こども発達,需用費,医薬材料費,,,,55,55
民生費,障害者福祉費,こども発達,役務費,,,,,798,1141
民生費,障害者福祉費,こども発達,役務費,通信運搬費,,,,436,800
民生費,障害者福祉費,こども発達,役務費,手数料,,,,208,209
民生費,障害者福祉費,こども発達,役務費,保険料,,,,154,132
民生費,障害者福祉費,こども発達,委託料,,,,,31504,33025
民生費,障害者福祉費,こども発達,使用料及び賃借料,,,,,558,994
民生費,障害者福祉費,こども発達,原材料費,,,,,46,28
民生費,障害者福祉費,こども発達,備品購入費,,,,,1267,774
民生費,障害者福祉費,こども発達,負担金、補助及び交付金,,,,,560,549
民生費,障害者福祉費,こども発達,負担金、補助及び交付金,負担金,,,,560,549
民生費,障害者福祉費,こども発達,,,給与費,,,312486,322794
民生費,障害者福祉費,こども発達,,,給与費,一般職　３４人,,254785,268560
民生費,障害者福祉費,こども発達,,,給与費,パートタイム会計年度任用職員,,57701,54234
民生費,障害者福祉費,こども発達,,,こども発達センター管理費,,,32659,53878
民生費,障害者福祉費,こども発達,,,こども発達センター管理費,こども発達センター運営管理事業費,,11579,13718
民生費,障害者福祉費,こども発達,,,こども発達センター管理費,こども発達センター運営管理事業費,運営事務費,,
民生費,障害者福祉費,こども発達,,,こども発達センター管理費,こども発達センター運営管理事業費,無線電波利用負担金,1,1
民生費,障害者福祉費,こども発達,,,こども発達センター管理費,こども発達センター施設管理事業費,,21080,40160
民生費,障害者福祉費,こども発達,,,こども発達センター管理費,こども発達センター施設管理事業費,照明設備改修,,0
民生費,障害者福祉費,こども発達,,,こども発達センター管理費,こども発達センター施設管理事業費,建物、設備修繕,,
民生費,障害者福祉費,こども発達,,,こども発達センター管理費,こども発達センター施設管理事業費,空調設備等保守点検　ほか,,
民生費,障害者福祉費,こども発達,,,こども発達支援事業費,,,1552,1520
民生費,障害者福祉費,こども発達,,,こども発達支援事業費,発達相談事業費,,756,775
民生費,障害者福祉費,こども発達,,,こども発達支援事業費,発達相談事業費,発達相談・言語相談,,0
民生費,障害者福祉費,こども発達,,,こども発達支援事業費,発達相談事業費,日本理学療法士協会負担金,10,10
民生費,障害者福祉費,こども発達,,,こども発達支援事業費,発達相談事業費,日本作業療法士協会負担金,12,12
民生費,障害者福祉費,こども発達,,,こども発達支援事業費,発達相談事業費,その他各種団体負担金等,13,0
民生費,障害者福祉費,こども発達,,,こども発達支援事業費,発達相談事業費,会議、研修会出席者負担金,185,159
民生費,障害者福祉費,こども発達,,,こども発達支援事業費,早期発達支援事業費,,796,745
民生費,障害者福祉費,こども発達,,,こども発達支援事業費,早期発達支援事業費,早期発達支援・医療相談・保健指導,,0
民生費,障害者福祉費,こども発達,,,みはら園管理費,,,22495,22664
民生費,障害者福祉費,こども発達,,,みはら園管理費,みはら園運営管理事業費,,3917,4093
民生費,障害者福祉費,こども発達,,,みはら園管理費,みはら園運営管理事業費,対象児　就学前の幼児,,0
民生費,障害者福祉費,こども発達,,,みはら園管理費,みはら園運営管理事業費,通園児生活指導,,0
民生費,障害者福祉費,こども発達,,,みはら園管理費,みはら園運営管理事業費,家族支援・保健指導,,0
民生費,障害者福祉費,こども発達,,,みはら園管理費,みはら園運営管理事業費,医療的ケア児支援事業,,
民生費,障害者福祉費,こども発達,,,みはら園管理費,みはら園運営管理事業費,県知的障害者福祉協会負担金,101,101
民生費,障害者福祉費,こども発達,,,みはら園管理費,みはら園運営管理事業費,県・市社会福祉協議会負担金,18,18
民生費,障害者福祉費,こども発達,,,みはら園管理費,みはら園運営管理事業費,その他各種団体負担金等,17,0
民生費,障害者福祉費,こども発達,,,みはら園管理費,みはら園運営管理事業費,会議、研修会出席者負担金,165,161
民生費,障害者福祉費,こども発達,,,みはら園管理費,みはら園給食事業費,,18578,18571
民生費,障害者福祉費,こども発達,,,みはら園管理費,みはら園給食事業費,調理業務,,0
民生費,障害者福祉費,こども発達,,,みはら園管理費,みはら園給食事業費,県給食協会負担金,12,12
民生費,障害者福祉費,こども発達,,,みはら園管理費,みはら園給食事業費,県栄養士会負担金,8,8
民生費,障害者福祉費,こども発達,,,みはら園管理費,みはら園給食事業費,会議、研修会出席者負担金,18,22
民生費,障害者福祉費,こども発達,,,（廃目）,,,,0
民生費,生活保護費,,,,,,,3899011,3868390
民生費,生活保護費,生活保護総,,,,,,285788,295167
民生費,生活保護費,生活保護総,報酬,,,,,31776,33671
民生費,生活保護費,生活保護総,給料,,,,,101788,103785
民生費,生活保護費,生活保護総,職員手当等当,,,,,92428,94277
民生費,生活保護費,生活保護総,職員手当等当,管理職手当,,,,797,797
民生費,生活保護費,生活保護総,職員手当等当,扶養手当,,,,2254,2700
民生費,生活保護費,生活保護総,職員手当等当,地域手当,,,,3149,4292
民生費,生活保護費,生活保護総,職員手当等当,住居手当,,,,1894,1602
民生費,生活保護費,生活保護総,職員手当等当,通勤手当,,,,2632,2880
民生費,生活保護費,生活保護総,職員手当等当,特殊勤務手当,,,,1257,1257
民生費,生活保護費,生活保護総,職員手当等当,時間外勤務手,,,,30229,29000
民生費,生活保護費,生活保護総,職員手当等当,休日勤務手当,,,,50,50
民生費,生活保護費,生活保護総,職員手当等当,期末手当,,,,29752,30846
民生費,生活保護費,生活保護総,職員手当等当,勤勉手当,,,,20414,20853
民生費,生活保護費,生活保護総,共済費,,,,,43668,44852
民生費,生活保護費,生活保護総,報償費,,,,,550,556
民生費,生活保護費,生活保護総,旅費,,,,,1503,1509
民生費,生活保護費,生活保護総,旅費,費用弁償,,,,1347,1362
民生費,生活保護費,生活保護総,旅費,普通旅費,,,,111,110
民生費,生活保護費,生活保護総,旅費,特別旅費,,,,45,37
民生費,生活保護費,生活保護総,需用費,,,,,1775,1618
民生費,生活保護費,生活保護総,需用費,消耗品費,,,,869,818
民生費,生活保護費,生活保護総,需用費,印刷製本費,,,,906,800
民生費,生活保護費,生活保護総,役務費,,,,,8532,8630
民生費,生活保護費,生活保護総,役務費,通信運搬費,,,,5300,5630
民生費,生活保護費,生活保護総,役務費,手数料,,,,3232,3000
民生費,生活保護費,生活保護総,委託料,,,,,1000,5770
民生費,生活保護費,生活保護総,使用料及び賃借料,,,,,2547,283
民生費,生活保護費,生活保護総,負担金、補助及び交付金,,,,,220,215
民生費,生活保護費,生活保護総,負担金、補助及び交付金,負担金,,,,220,215
民生費,生活保護費,生活保護総,償還金、利子及び割引料,,,,,1,1
民生費,生活保護費,生活保護総,,,給与費,,,270975,277913
民生費,生活保護費,生活保護総,,,給与費,一般職　２７人,,224564,0
民生費,生活保護費,生活保護総,,,給与費,パートタイム会計年度任用職員,,46411,49336
民生費,生活保護費,生活保護総,,,給与費,パートタイム会計年度任用職員,生活保護支援員　　　　1人,,0
民生費,生活保護費,生活保護総,,,給与費,パートタイム会計年度任用職員,年金調査支援員　　　　1人,,0
民生費,生活保護費,生活保護総,,,給与費,パートタイム会計年度任用職員,就労支援員　　　　　　3人,,0
民生費,生活保護費,生活保護総,,,給与費,パートタイム会計年度任用職員,面接相談員　　　　　　1人,,0
民生費,生活保護費,生活保護総,,,給与費,パートタイム会計年度任用職員,進路選択支援員　　　　1人　ほか,,0
民生費,生活保護費,生活保護総,,,生活保護運営対策費,,,14813,17254
民生費,生活保護費,生活保護総,,,生活保護運営対策費,生活保護運営対策事業費,,14205,16663
民生費,生活保護費,生活保護総,,,生活保護運営対策費,生活保護運営対策事業費,生活保護嘱託医委託,,
民生費,生活保護費,生活保護総,,,生活保護運営対策費,生活保護運営対策事業費,レセプト点検,,0
民生費,生活保護費,生活保護総,,,生活保護運営対策費,生活保護運営対策事業費,医療扶助オンライン資格確認運営負担金,216,211
民生費,生活保護費,生活保護総,,,生活保護運営対策費,生活保護運営対策事業費,会議、研修会出席者負担金,4,4
民生費,生活保護費,生活保護総,,,生活保護運営対策費,社会福祉統計調査事業費,,608,591
民生費,生活保護費,生活保護総,,,生活保護運営対策費,社会福祉統計調査事業費,国民生活基礎調査　　　　　　　　　 6調査区,,0
民生費,生活保護費,扶助費,,,,,,3613223,3573223
民生費,生活保護費,扶助費,報償費,,,,,179,179
民生費,生活保護費,扶助費,旅費,,,,,13,13
民生費,生活保護費,扶助費,旅費,費用弁償,,,,13,13
民生費,生活保護費,扶助費,役務費,,,,,18,18
民生費,生活保護費,扶助費,役務費,手数料,,,,18,18
民生費,生活保護費,扶助費,扶助費,,,,,3613012,3573012
民生費,生活保護費,扶助費,償還金、利子及び割引料,,,,,1,1
民生費,生活保護費,扶助費,,,各種扶助費,,,3613223,3573223
民生費,生活保護費,扶助費,,,各種扶助費,生活保護扶助費,,3600001,3560001
民生費,生活保護費,扶助費,,,各種扶助費,生活保護扶助費,"生活扶助費　　　　　　　　　　 1,830人／月",,0
民生費,生活保護費,扶助費,,,各種扶助費,生活保護扶助費,"住宅扶助費　　　　　　　　　 1,510世帯／月",,0
民生費,生活保護費,扶助費,,,各種扶助費,生活保護扶助費,教育扶助費　　　　　　　　 　　　120人／月,,0
民生費,生活保護費,扶助費,,,各種扶助費,生活保護扶助費,介護扶助費　　　　　　　　　　　 370人／月,,0
民生費,生活保護費,扶助費,,,各種扶助費,生活保護扶助費,"医療扶助費　　　　　　　　　　 1,800人／月",,0
民生費,生活保護費,扶助費,,,各種扶助費,生活保護扶助費,出産扶助費　　　　　　　　　　　　 5件／年,,
民生費,生活保護費,扶助費,,,各種扶助費,生活保護扶助費,生業扶助費　　　　　　　　　　　　40人／月,,
民生費,生活保護費,扶助費,,,各種扶助費,生活保護扶助費,葬祭扶助費　　　　　　　　　　　　50件／年,,0
民生費,生活保護費,扶助費,,,各種扶助費,生活保護扶助費,施設事務費　　　　　　　　　　　　26人／月,,0
民生費,生活保護費,扶助費,,,各種扶助費,生活保護扶助費,委託事務費　　　　　　　　　　　　 4人／月,,0
民生費,生活保護費,扶助費,,,各種扶助費,生活保護扶助費,就労自立給付金　　　　　　　　　　25件／年,,0
民生費,生活保護費,扶助費,,,各種扶助費,生活保護扶助費,進学・就職準備給付金　　　　　　　15件／年,,0
民生費,生活保護費,扶助費,,,各種扶助費,中国残留邦人生活支援給付費,,13222,13222
民生費,生活保護費,扶助費,,,各種扶助費,中国残留邦人生活支援給付費,生活支援費　　　　　　　　　　 　5世帯／月,,0
民生費,生活保護費,扶助費,,,各種扶助費,中国残留邦人生活支援給付費,住宅支援費　　　　　　　　　　 　4世帯／月,,0
民生費,生活保護費,扶助費,,,各種扶助費,中国残留邦人生活支援給付費,医療支援費　　　　　　　　　　 　　5人／月,,0
民生費,生活保護費,扶助費,,,各種扶助費,中国残留邦人生活支援給付費,介護支援費　　　　　　　　　 　　　2人／月,,0
民生費,生活保護費,扶助費,,,各種扶助費,中国残留邦人生活支援給付費,配偶者支援金　　　　　　　　　　 　2人／月,,0
民生費,災害救助費,,,,,,,508,808
民生費,災害救助費,災害救助費,,,,,,508,808
民生費,災害救助費,災害救助費,旅費,,,,,1,1
民生費,災害救助費,災害救助費,旅費,普通旅費,,,,1,1
民生費,災害救助費,災害救助費,需用費,,,,,7,7
民生費,災害救助費,災害救助費,需用費,消耗品費,,,,7,7
民生費,災害救助費,災害救助費,扶助費,,,,,500,800
民生費,災害救助費,災害救助費,,,災害救助費,,,508,808
民生費,災害救助費,災害救助費,,,災害救助費,災害救助事業費,,508,808
民生費,災害救助費,災害救助費,,,災害救助費,災害救助事業費,罹災者見舞金,,
衛生費,,,,,,,,10223982,10396106
衛生費,保健衛生費,,,,,,,3002882,3049304
衛生費,保健衛生費,保健衛生総,,,,,,803429,865315
衛生費,保健衛生費,保健衛生総,報酬,,,,,9070,6086
衛生費,保健衛生費,保健衛生総,給料,,,,,205306,226046
衛生費,保健衛生費,保健衛生総,職員手当等当,,,,,123978,138328
衛生費,保健衛生費,保健衛生総,職員手当等当,管理職手当,,,,4142,4274
衛生費,保健衛生費,保健衛生総,職員手当等当,扶養手当,,,,1744,1882
衛生費,保健衛生費,保健衛生総,職員手当等当,地域手当,,,,6321,9302
衛生費,保健衛生費,保健衛生総,職員手当等当,住居手当,,,,2484,2344
衛生費,保健衛生費,保健衛生総,職員手当等当,通勤手当,,,,6057,6488
衛生費,保健衛生費,保健衛生総,職員手当等当,時間外勤務手,,,,14531,16000
衛生費,保健衛生費,保健衛生総,職員手当等当,休日勤務手当,,,,400,400
衛生費,保健衛生費,保健衛生総,職員手当等当,期末手当,,,,49119,53732
衛生費,保健衛生費,保健衛生総,職員手当等当,勤勉手当,,,,39180,43906
衛生費,保健衛生費,保健衛生総,共済費,,,,,68400,74795
衛生費,保健衛生費,保健衛生総,報償費,,,,,56,139
衛生費,保健衛生費,保健衛生総,旅費,,,,,518,312
衛生費,保健衛生費,保健衛生総,旅費,費用弁償,,,,337,117
衛生費,保健衛生費,保健衛生総,旅費,普通旅費,,,,35,35
衛生費,保健衛生費,保健衛生総,旅費,特別旅費,,,,146,160
衛生費,保健衛生費,保健衛生総,需用費,,,,,5191,5953
衛生費,保健衛生費,保健衛生総,需用費,消耗品費,,,,749,3131
衛生費,保健衛生費,保健衛生総,需用費,燃料費,,,,11,11
衛生費,保健衛生費,保健衛生総,需用費,食糧費,,,,5,5
衛生費,保健衛生費,保健衛生総,需用費,印刷製本費,,,,316,497
衛生費,保健衛生費,保健衛生総,需用費,修繕料,,,,4065,2264
衛生費,保健衛生費,保健衛生総,需用費,医薬材料費,,,,45,45
衛生費,保健衛生費,保健衛生総,役務費,,,,,509,509
衛生費,保健衛生費,保健衛生総,役務費,保険料,,,,509,509
衛生費,保健衛生費,保健衛生総,委託料,,,,,351108,369624
衛生費,保健衛生費,保健衛生総,使用料及び賃借料,,,,,11228,10821
衛生費,保健衛生費,保健衛生総,負担金、補助及び交付金,,,,,28065,30390
衛生費,保健衛生費,保健衛生総,負担金、補助及び交付金,負担金,,,,463,424
衛生費,保健衛生費,保健衛生総,負担金、補助及び交付金,補助金,,,,27602,29966
衛生費,保健衛生費,保健衛生総,,,給与費,,,407074,445355
衛生費,保健衛生費,保健衛生総,,,給与費,健康づくり推進協議会委員　１０人,,192,192
衛生費,保健衛生費,保健衛生総,,,給与費,一般職　５５人,,393835,0
衛生費,保健衛生費,保健衛生総,,,給与費,パートタイム会計年度任用職員　（保健医療）,,3512,3808
衛生費,保健衛生費,保健衛生総,,,給与費,パートタイム会計年度任用職員　（地域保健）,,9535,4822
衛生費,保健衛生費,保健衛生総,,,保健衛生管理費,,,26924,30923
衛生費,保健衛生費,保健衛生総,,,保健衛生管理費,保健衛生管理費,,292,292
衛生費,保健衛生費,保健衛生総,,,保健衛生管理費,保健衛生管理費,医薬品等備蓄センター運営費負担金,144,144
衛生費,保健衛生費,保健衛生総,,,保健衛生管理費,保健衛生管理費,アイバンク運営費負担金,61,61
衛生費,保健衛生費,保健衛生総,,,保健衛生管理費,保健衛生管理費,県保健師会負担金,3,3
衛生費,保健衛生費,保健衛生総,,,保健衛生管理費,保健衛生管理費,会議、研修会出席者負担金,15,15
衛生費,保健衛生費,保健衛生総,,,保健衛生管理費,地域医療推進助成費,,18000,18000
衛生費,保健衛生費,保健衛生総,,,保健衛生管理費,地域医療推進助成費,地域保健医療促進事業協力補助金,,
衛生費,保健衛生費,保健衛生総,,,保健衛生管理費,感染症対策費,,539,400
衛生費,保健衛生費,保健衛生総,,,保健衛生管理費,感染症対策費,感染症対策消耗品備蓄,,
衛生費,保健衛生費,保健衛生総,,,保健衛生管理費,看護師就業対策事業費,,1210,2546
衛生費,保健衛生費,保健衛生総,,,保健衛生管理費,看護師就業対策事業費,看護師実務研修　　5回　 延べ100人,,
衛生費,保健衛生費,保健衛生総,,,保健衛生管理費,看護師就業対策事業費,民間病院等看護職員修学資金,1100,2450
衛生費,保健衛生費,保健衛生総,,,保健衛生管理費,災害時医療対策事業費,,6883,9685
衛生費,保健衛生費,保健衛生総,,,保健衛生管理費,災害時医療対策事業費,医療救護所資器材等整備,,
衛生費,保健衛生費,保健衛生総,,,救急医療管理費,,,348728,366618
衛生費,保健衛生費,保健衛生総,,,救急医療管理費,救急医療センター運営管理費,,290740,303418
衛生費,保健衛生費,保健衛生総,,,救急医療管理費,救急医療センター運営管理費,救急医療センター運営委託（指定管理）,,
衛生費,保健衛生費,保健衛生総,,,救急医療管理費,救急医療センター運営管理費,超音波画像診断装置借上,,
衛生費,保健衛生費,保健衛生総,,,救急医療管理費,救急医療センター運営管理費,解析付心電計借上,,
衛生費,保健衛生費,保健衛生総,,,救急医療管理費,救急医療センター運営管理費,医用画像保管装置借上,,
衛生費,保健衛生費,保健衛生総,,,救急医療管理費,救急医療センター運営管理費,医療事務システム借上,,
衛生費,保健衛生費,保健衛生総,,,救急医療管理費,救急医療センター運営管理費,生体情報モニター借上,,
衛生費,保健衛生費,保健衛生総,,,救急医療管理費,救急医療推進事業費,,57988,63200
衛生費,保健衛生費,保健衛生総,,,救急医療管理費,救急医療推進事業費,一次救急医療在宅輪番制,,
衛生費,保健衛生費,保健衛生総,,,救急医療管理費,救急医療推進事業費,一次救急医療（平日昼間、朝・夕）事業,,0
衛生費,保健衛生費,保健衛生総,,,（内科・外科）,,,,
衛生費,保健衛生費,保健衛生総,,,（内科・外科）,二次救急医療,,,
衛生費,保健衛生費,保健衛生総,,,（内科・外科）,救急歯科医療,,,
衛生費,保健衛生費,保健衛生総,,,（内科・外科）,ＡＥＤ配備　　　　　　　　　　 175台,,,0
衛生費,保健衛生費,保健衛生総,,,（内科・外科）,私的二次救急医療機関補助金,,8502,9516
衛生費,保健衛生費,保健衛生総,,,健康対策運営費,,,19960,21650
衛生費,保健衛生費,保健衛生総,,,健康対策運営費,健康対策運営費,,19960,21650
衛生費,保健衛生費,保健衛生総,,,健康対策運営費,健康対策運営費,健康づくり推進協議会開催,,
衛生費,保健衛生費,保健衛生総,,,健康対策運営費,健康対策運営費,健康管理システム,,
衛生費,保健衛生費,保健衛生総,,,地域保健対策運営費,,,743,769
衛生費,保健衛生費,保健衛生総,,,地域保健対策運営費,地域保健対策運営費,,743,769
衛生費,保健衛生費,保健衛生総,,,地域保健対策運営費,地域保健対策運営費,地区活動研修会,,
衛生費,保健衛生費,保健衛生総,,,地域保健対策運営費,地域保健対策運営費,県保健師会負担金,84,99
衛生費,保健衛生費,保健衛生総,,,地域保健対策運営費,地域保健対策運営費,全国保健師長会負担金,20,20
衛生費,保健衛生費,保健衛生総,,,地域保健対策運営費,地域保健対策運営費,県栄養士会負担金,56,56
衛生費,保健衛生費,保健衛生総,,,地域保健対策運営費,地域保健対策運営費,行政栄養士会負担金,21,21
衛生費,保健衛生費,保健衛生総,,,地域保健対策運営費,地域保健対策運営費,会議、研修会出席者負担金,59,5
衛生費,保健衛生費,予防接種費,,,,,,943749,899458
衛生費,保健衛生費,予防接種費,報酬,,,,,9621,10206
衛生費,保健衛生費,予防接種費,職員手当等,,,,,737,816
衛生費,保健衛生費,予防接種費,職員手当等,期末手当,,,,635,698
衛生費,保健衛生費,予防接種費,職員手当等,勤勉手当,,,,102,118
衛生費,保健衛生費,予防接種費,共済費,,,,,623,665
衛生費,保健衛生費,予防接種費,報償費,,,,,30,30
衛生費,保健衛生費,予防接種費,旅費,,,,,610,527
衛生費,保健衛生費,予防接種費,旅費,費用弁償,,,,590,507
衛生費,保健衛生費,予防接種費,旅費,普通旅費,,,,3,3
衛生費,保健衛生費,予防接種費,旅費,特別旅費,,,,17,17
衛生費,保健衛生費,予防接種費,需用費,,,,,11129,11055
衛生費,保健衛生費,予防接種費,需用費,消耗品費,,,,971,788
衛生費,保健衛生費,予防接種費,需用費,印刷製本費,,,,416,824
衛生費,保健衛生費,予防接種費,需用費,医薬材料費,,,,9742,9443
衛生費,保健衛生費,予防接種費,役務費,,,,,4782,4451
衛生費,保健衛生費,予防接種費,役務費,通信運搬費,,,,4241,3914
衛生費,保健衛生費,予防接種費,役務費,保険料,,,,541,537
衛生費,保健衛生費,予防接種費,委託料,,,,,913588,867255
衛生費,保健衛生費,予防接種費,負担金、補助及び交付金,,,,,2628,2953
衛生費,保健衛生費,予防接種費,負担金、補助及び交付金,補助金,,,,2628,2953
衛生費,保健衛生費,予防接種費,償還金、利子及び割引料,,,,,1,0
衛生費,保健衛生費,予防接種費,,,給与費,,,11564,12187
衛生費,保健衛生費,予防接種費,,,給与費,予防接種健康被害調査委員会委員　４人,,120,120
衛生費,保健衛生費,予防接種費,,,給与費,パートタイム会計年度任用職員,,11444,12067
衛生費,保健衛生費,予防接種費,,,予防接種費,,,932185,887271
衛生費,保健衛生費,予防接種費,,,予防接種費,こども定期予防接種事業費,,549830,515042
衛生費,保健衛生費,予防接種費,,,予防接種費,こども定期予防接種事業費,"ＢＣＧ（乳児）　　　　　　　 1,350人",,0
衛生費,保健衛生費,予防接種費,,,予防接種費,こども定期予防接種事業費,"５種混合（乳幼児）　　　 延べ5,700人",,0
衛生費,保健衛生費,予防接種費,,,予防接種費,こども定期予防接種事業費,４種混合（乳幼児）　　　 　延べ200人,,0
衛生費,保健衛生費,予防接種費,,,予防接種費,こども定期予防接種事業費,"２種混合（小学生）　　　 　　1,800人",,0
衛生費,保健衛生費,予防接種費,,,予防接種費,こども定期予防接種事業費,"ＭＲ第１期　　　　　　　　　 1,500人",,0
衛生費,保健衛生費,予防接種費,,,予防接種費,こども定期予防接種事業費,"ＭＲ第２期　　　　　　　　　 1,800人",,0
衛生費,保健衛生費,予防接種費,,,予防接種費,こども定期予防接種事業費,"日本脳炎（乳幼児）　　　延べ10,500人",,0
衛生費,保健衛生費,予防接種費,,,予防接種費,こども定期予防接種事業費,"日本脳炎（小学生）　　　　　 2,300人",,0
衛生費,保健衛生費,予防接種費,,,予防接種費,こども定期予防接種事業費,Ｈｉｂ（乳幼児）　　　　 　延べ200人,,0
衛生費,保健衛生費,予防接種費,,,予防接種費,こども定期予防接種事業費,"小児用肺炎球菌　　　　　 延べ5,300人",,0
衛生費,保健衛生費,予防接種費,,,予防接種費,こども定期予防接種事業費,"子宮頸がん予防　　　　　 延べ2,000人",,0
衛生費,保健衛生費,予防接種費,,,予防接種費,こども定期予防接種事業費,子宮頸がん予防　　　　　　 延べ300人,,0
衛生費,保健衛生費,予防接種費,,,予防接種費,こども定期予防接種事業費,（キャッチアップ接種　H9年度～20年度生まれ女性),,0
衛生費,保健衛生費,予防接種費,,,予防接種費,こども定期予防接種事業費,"水痘（幼児）　　　　　　 延べ2,800人",,0
衛生費,保健衛生費,予防接種費,,,予防接種費,こども定期予防接種事業費,"Ｂ型肝炎（乳児）　　　　 延べ4,000人",,0
衛生費,保健衛生費,予防接種費,,,予防接種費,こども定期予防接種事業費,"ロタウイルス　　　　　　 延べ3,640人",,0
衛生費,保健衛生費,予防接種費,,,予防接種費,こども定期予防接種事業費,定期予防接種費補助金　　　 延べ156人,2276,0
衛生費,保健衛生費,予防接種費,,,予防接種費,高齢者等定期予防接種事業費,,357256,347478
衛生費,保健衛生費,予防接種費,,,予防接種費,高齢者等定期予防接種事業費,"インフルエンザ（高齢者）　　38,500人",,0
衛生費,保健衛生費,予防接種費,,,予防接種費,高齢者等定期予防接種事業費,"高齢者肺炎球菌　　　　　　　 1,620人",,
衛生費,保健衛生費,予防接種費,,,予防接種費,高齢者等定期予防接種事業費,"新型コロナ（高齢者）　　　　10,800人",,0
衛生費,保健衛生費,予防接種費,,,予防接種費,高齢者等定期予防接種事業費,"帯状疱疹（高齢者）　　　 延べ5,310人",,0
衛生費,保健衛生費,予防接種費,,,予防接種費,高齢者等定期予防接種事業費,定期予防接種費補助金　　　　 延べ6人,72,0
衛生費,保健衛生費,予防接種費,,,予防接種費,その他予防接種事業費,,25099,24751
衛生費,保健衛生費,予防接種費,,,予防接種費,その他予防接種事業費,インフルエンザ（高校生まで）,,
衛生費,保健衛生費,予防接種費,,,予防接種費,その他予防接種事業費,風しん・ＭＲ　　　　　　　　　 350人,,0
衛生費,保健衛生費,予防接種費,,,予防接種費,その他予防接種事業費,"おたふくかぜ　　　　　　　　 2,035人",,0
衛生費,保健衛生費,予防接種費,,,予防接種費,その他予防接種事業費,こどもインフルエンザ,70,90
衛生費,保健衛生費,予防接種費,,,予防接種費,その他予防接種事業費,風しん・ＭＲワクチン,10,10
衛生費,保健衛生費,予防接種費,,,予防接種費,その他予防接種事業費,予防接種の再接種費補助金,200,200
衛生費,保健衛生費,動物愛護管,,,,,,14365,13273
衛生費,保健衛生費,動物愛護管,報酬,,,,,2454,2632
衛生費,保健衛生費,動物愛護管,職員手当等,,,,,568,643
衛生費,保健衛生費,動物愛護管,職員手当等,期末手当,,,,489,550
衛生費,保健衛生費,動物愛護管,職員手当等,勤勉手当,,,,79,93
衛生費,保健衛生費,動物愛護管,共済費,,,,,490,534
衛生費,保健衛生費,動物愛護管,旅費,,,,,105,105
衛生費,保健衛生費,動物愛護管,旅費,費用弁償,,,,100,100
衛生費,保健衛生費,動物愛護管,旅費,普通旅費,,,,5,5
衛生費,保健衛生費,動物愛護管,需用費,,,,,2241,720
衛生費,保健衛生費,動物愛護管,需用費,消耗品費,,,,2165,400
衛生費,保健衛生費,動物愛護管,需用費,印刷製本費,,,,76,320
衛生費,保健衛生費,動物愛護管,役務費,,,,,3158,3031
衛生費,保健衛生費,動物愛護管,役務費,通信運搬費,,,,1700,1700
衛生費,保健衛生費,動物愛護管,役務費,手数料,,,,1458,1331
衛生費,保健衛生費,動物愛護管,委託料,,,,,159,360
衛生費,保健衛生費,動物愛護管,備品購入費,,,,,42,0
衛生費,保健衛生費,動物愛護管,負担金、補助及び交付金,,,,,5148,5248
衛生費,保健衛生費,動物愛護管,負担金、補助及び交付金,負担金,,,,348,348
衛生費,保健衛生費,動物愛護管,負担金、補助及び交付金,補助金,,,,4800,4900
衛生費,保健衛生費,動物愛護管,,,給与費,,,3612,3909
衛生費,保健衛生費,動物愛護管,,,給与費,パートタイム会計年度任用職員,,3612,3909
衛生費,保健衛生費,動物愛護管,,,動物愛護管理費,,,10753,9364
衛生費,保健衛生費,動物愛護管,,,動物愛護管理費,動物愛護管理費,,10753,9364
衛生費,保健衛生費,動物愛護管,,,動物愛護管理費,動物愛護管理費,ペット同行避難スターターキット配備,,0
衛生費,保健衛生費,動物愛護管,,,動物愛護管理費,動物愛護管理費,犬の登録及び狂犬病予防注射済票交付,,
衛生費,保健衛生費,動物愛護管,,,動物愛護管理費,動物愛護管理費,猫の去勢・避妊手術補助金,4000,4000
衛生費,保健衛生費,動物愛護管,,,動物愛護管理費,動物愛護管理費,猫の適正管理推進モデル事業補助金,200,200
衛生費,保健衛生費,動物愛護管,,,動物愛護管理費,動物愛護管理費,動物愛護事業補助金　4団体,600,0
衛生費,保健衛生費,動物愛護管,,,動物愛護管理費,動物愛護管理費,県動物保護協会負担金,348,348
衛生費,保健衛生費,保健活動費,,,,,,549755,563424
衛生費,保健衛生費,保健活動費,報酬,,,,,19781,20225
衛生費,保健衛生費,保健活動費,職員手当等,,,,,809,2188
衛生費,保健衛生費,保健活動費,職員手当等,期末手当,,,,697,1872
衛生費,保健衛生費,保健活動費,職員手当等,勤勉手当,,,,112,316
衛生費,保健衛生費,保健活動費,共済費,,,,,422,1521
衛生費,保健衛生費,保健活動費,報償費,,,,,4846,5126
衛生費,保健衛生費,保健活動費,旅費,,,,,1355,1464
衛生費,保健衛生費,保健活動費,旅費,費用弁償,,,,1186,1297
衛生費,保健衛生費,保健活動費,旅費,普通旅費,,,,36,34
衛生費,保健衛生費,保健活動費,旅費,特別旅費,,,,133,133
衛生費,保健衛生費,保健活動費,需用費,,,,,9958,11631
衛生費,保健衛生費,保健活動費,需用費,消耗品費,,,,3329,3542
衛生費,保健衛生費,保健活動費,需用費,燃料費,,,,121,110
衛生費,保健衛生費,保健活動費,需用費,食糧費,,,,8,7
衛生費,保健衛生費,保健活動費,需用費,印刷製本費,,,,5433,7009
衛生費,保健衛生費,保健活動費,需用費,修繕料,,,,90,90
衛生費,保健衛生費,保健活動費,需用費,医薬材料費,,,,977,873
衛生費,保健衛生費,保健活動費,役務費,,,,,21122,20549
衛生費,保健衛生費,保健活動費,役務費,通信運搬費,,,,21051,20440
衛生費,保健衛生費,保健活動費,役務費,手数料,,,,3,41
衛生費,保健衛生費,保健活動費,役務費,保険料,,,,68,68
衛生費,保健衛生費,保健活動費,委託料,,,,,427311,437774
衛生費,保健衛生費,保健活動費,使用料及び賃借料,,,,,1079,640
衛生費,保健衛生費,保健活動費,備品購入費,,,,,932,605
衛生費,保健衛生費,保健活動費,負担金、補助及び交付金,,,,,61996,61542
衛生費,保健衛生費,保健活動費,負担金、補助及び交付金,負担金,,,,245,290
衛生費,保健衛生費,保健活動費,負担金、補助及び交付金,補助金,,,,61751,61252
衛生費,保健衛生費,保健活動費,扶助費,,,,,139,154
衛生費,保健衛生費,保健活動費,償還金、利子及び割引料,,,,,5,5
衛生費,保健衛生費,保健活動費,,,給与費,,,22163,25209
衛生費,保健衛生費,保健活動費,,,給与費,自殺対策推進会議委員　８人,,56,56
衛生費,保健衛生費,保健活動費,,,給与費,パートタイム会計年度任用職員　（健康政策）,,3328,3628
衛生費,保健衛生費,保健活動費,,,給与費,パートタイム会計年度任用職員　（地域保健）,,18779,21525
衛生費,保健衛生費,保健活動費,,,健康教育・相談費,,,2683,2873
衛生費,保健衛生費,保健活動費,,,健康教育・相談費,健康教育事業費,,484,485
衛生費,保健衛生費,保健活動費,,,健康教育・相談費,健康教育事業費,生活習慣病等予防教育,,
衛生費,保健衛生費,保健活動費,,,健康教育・相談費,健康教育事業費,地区健康教育活動,,
衛生費,保健衛生費,保健活動費,,,健康教育・相談費,健康教育事業費,がん共生セミナー開催,,0
衛生費,保健衛生費,保健活動費,,,健康教育・相談費,健康教育事業費,ふじ職域健康リーダー事業,,
衛生費,保健衛生費,保健活動費,,,健康教育・相談費,健康教育事業費,会議、研修会出席者負担金,28,28
衛生費,保健衛生費,保健活動費,,,健康教育・相談費,健康相談事業費,,1084,1147
衛生費,保健衛生費,保健活動費,,,健康教育・相談費,健康相談事業費,生活習慣改善等健康相談,,
衛生費,保健衛生費,保健活動費,,,健康教育・相談費,健康相談事業費,まちの保健室事業,,
衛生費,保健衛生費,保健活動費,,,健康教育・相談費,自殺予防対策事業費,,1115,1241
衛生費,保健衛生費,保健活動費,,,健康教育・相談費,自殺予防対策事業費,相談事業,,
衛生費,保健衛生費,保健活動費,,,健康教育・相談費,自殺予防対策事業費,こころのゲートキーパー養成,,
衛生費,保健衛生費,保健活動費,,,健康教育・相談費,自殺予防対策事業費,普及啓発活動,,
衛生費,保健衛生費,保健活動費,,,健康教育・相談費,自殺予防対策事業費,うつ病家族講座,,
衛生費,保健衛生費,保健活動費,,,健康教育・相談費,自殺予防対策事業費,自殺対策推進会議開催,,
衛生費,保健衛生費,保健活動費,,,健康教育・相談費,自殺予防対策事業費,災害時メンタルヘルス対策,,
衛生費,保健衛生費,保健活動費,,,健康診査費,,,248602,244775
衛生費,保健衛生費,保健活動費,,,健康診査費,健康診査事業費,,1916,9515
衛生費,保健衛生費,保健活動費,,,健康診査費,健康診査事業費,生活保護受給者等健康診査　　　 150人,,0
衛生費,保健衛生費,保健活動費,,,健康診査費,がん検診事業費,,146878,134197
衛生費,保健衛生費,保健活動費,,,健康診査費,がん検診事業費,胃がんリスク検診　　　　　 　　690人,,0
衛生費,保健衛生費,保健活動費,,,健康診査費,がん検診事業費,胃部エックス線検診　　　　 　  940人,,0
衛生費,保健衛生費,保健活動費,,,健康診査費,がん検診事業費,"胃内視鏡検診　　　　　　　 　2,080人",,0
衛生費,保健衛生費,保健活動費,,,健康診査費,がん検診事業費,"肺がん検診　　　　　　　　　 8,630人",,0
衛生費,保健衛生費,保健活動費,,,健康診査費,がん検診事業費,"大腸がん検診　　　　　　　　13,375人",,0
衛生費,保健衛生費,保健活動費,,,健康診査費,がん検診事業費,"前立腺がん検診　　　　　　　 5,905人",,0
衛生費,保健衛生費,保健活動費,,,健康診査費,がん検診事業費,"肝炎ウイルス検診　　　　　　 1,168人",,0
衛生費,保健衛生費,保健活動費,,,健康診査費,がん検診事業費,県対がん協会負担金,130,130
衛生費,保健衛生費,保健活動費,,,健康診査費,女性特有のがん検診事業費,,99808,101063
衛生費,保健衛生費,保健活動費,,,健康診査費,女性特有のがん検診事業費,"子宮がん検診　　　　　　　　 9,755人",,0
衛生費,保健衛生費,保健活動費,,,健康診査費,女性特有のがん検診事業費,ＨＰＶ検査　　　　　　　　　　 885人,,0
衛生費,保健衛生費,保健活動費,,,健康診査費,女性特有のがん検診事業費,"乳がん検診　　　　　　　　　 5,510人",,0
衛生費,保健衛生費,保健活動費,,,母子保健費,,,265517,281093
衛生費,保健衛生費,保健活動費,,,母子保健費,妊産婦保健事業費,,55857,63340
衛生費,保健衛生費,保健活動費,,,母子保健費,妊産婦保健事業費,母父教室　　　　　　　　　　　　18回,,0
衛生費,保健衛生費,保健活動費,,,母子保健費,妊産婦保健事業費,プレパパママと先輩パパママ交流事業,,0
衛生費,保健衛生費,保健活動費,,,母子保健費,妊産婦保健事業費,一般不妊治療費補助金　　　 　　 56人,3048,0
衛生費,保健衛生費,保健活動費,,,母子保健費,妊産婦保健事業費,生殖補助医療費補助金　　　　　 251人,51931,0
衛生費,保健衛生費,保健活動費,,,母子保健費,妊産婦保健事業費,不育治療費補助金　　　　　　　　 8人,195,0
衛生費,保健衛生費,保健活動費,,,母子保健費,妊産婦支援事業費,,166029,174065
衛生費,保健衛生費,保健活動費,,,母子保健費,妊産婦支援事業費,妊産婦避難所資器材等整備,,
衛生費,保健衛生費,保健活動費,,,母子保健費,妊産婦支援事業費,"母子健康手帳交付　　　　 　　1,330人",,0
衛生費,保健衛生費,保健活動費,,,母子保健費,妊産婦支援事業費,"妊婦健康診査　　 16回　　　　1,300人",,
衛生費,保健衛生費,保健活動費,,,母子保健費,妊産婦支援事業費,多胎妊婦健康診査　5回　　　 　　 2人,,0
衛生費,保健衛生費,保健活動費,,,母子保健費,妊産婦支援事業費,妊婦歯科健康診査　1回　　　　　675人,,0
衛生費,保健衛生費,保健活動費,,,母子保健費,妊産婦支援事業費,"産婦健康診査　　　2回　　　　1,250人",,0
衛生費,保健衛生費,保健活動費,,,母子保健費,妊産婦支援事業費,"新生児聴覚スクリーニング検査 1,200人",,0
衛生費,保健衛生費,保健活動費,,,母子保健費,妊産婦支援事業費,産後ケア事業,,
衛生費,保健衛生費,保健活動費,,,母子保健費,妊産婦支援事業費,産後ケア事業初回無料チケット　 250人,,0
衛生費,保健衛生費,保健活動費,,,母子保健費,妊産婦支援事業費,産前産後サポート事業　　4か所　132回,,0
衛生費,保健衛生費,保健活動費,,,母子保健費,妊産婦支援事業費,家事育児サポート事業,,
衛生費,保健衛生費,保健活動費,,,母子保健費,妊産婦支援事業費,多胎妊婦交流会,,
衛生費,保健衛生費,保健活動費,,,母子保健費,妊産婦支援事業費,特定妊婦等交通費支援事業　　　　 8人,,0
衛生費,保健衛生費,保健活動費,,,母子保健費,妊産婦支援事業費,妊産婦健康診査補助金,2761,2467
衛生費,保健衛生費,保健活動費,,,母子保健費,妊産婦支援事業費,新生児等聴覚,244,200
衛生費,保健衛生費,保健活動費,,,母子保健費,思春期保健事業費,,20,52
衛生費,保健衛生費,保健活動費,,,母子保健費,思春期保健事業費,思春期講座,,
衛生費,保健衛生費,保健活動費,,,母子保健費,思春期保健事業費,思春期講座サポーター養成事業,,
衛生費,保健衛生費,保健活動費,,,母子保健費,乳幼児健康診査事業費,,40213,39997
衛生費,保健衛生費,保健活動費,,,母子保健費,乳幼児健康診査事業費,"1か月児健康診査　　　　　　　1,350人",,0
衛生費,保健衛生費,保健活動費,,,母子保健費,乳幼児健康診査事業費,"4か月児・10か月児健康診査　　2,650人",,0
衛生費,保健衛生費,保健活動費,,,母子保健費,乳幼児健康診査事業費,1歳6か月児健康診査　　　　 　 　33回,,0
衛生費,保健衛生費,保健活動費,,,母子保健費,乳幼児健康診査事業費,3歳児健康診査　　　　　　　　　 38回,,0
衛生費,保健衛生費,保健活動費,,,母子保健費,乳幼児健康診査事業費,5歳児健康診査　　　　　　　　　 38回,,0
衛生費,保健衛生費,保健活動費,,,母子保健費,乳幼児健康診査事業費,健診事後おやこ相談　　　　　　　28回,,0
衛生費,保健衛生費,保健活動費,,,母子保健費,乳幼児健康診査事業費,健診事後おやこ教室　　　　　　　12回,,
衛生費,保健衛生費,保健活動費,,,母子保健費,乳幼児健康診査事業費,乳児健康診査費補助金　　　　　　85人,548,0
衛生費,保健衛生費,保健活動費,,,母子保健費,乳幼児健康診査事業費,会議、研修会出席者負担金,29,39
衛生費,保健衛生費,保健活動費,,,母子保健費,乳幼児保健事業費,,656,948
衛生費,保健衛生費,保健活動費,,,母子保健費,乳幼児保健事業費,6か月児すくすく赤ちゃん講座　　 30回,,0
衛生費,保健衛生費,保健活動費,,,母子保健費,乳幼児保健事業費,離乳食講習会　　　　　　　　　　36回,,
衛生費,保健衛生費,保健活動費,,,母子保健費,乳幼児保健事業費,会議、研修会出席者負担金,29,28
衛生費,保健衛生費,保健活動費,,,母子保健費,母子訪問指導事業費,,855,803
衛生費,保健衛生費,保健活動費,,,母子保健費,母子訪問指導事業費,乳児家庭全戸訪問,,
衛生費,保健衛生費,保健活動費,,,母子保健費,母子訪問指導事業費,父親支援事業,,
衛生費,保健衛生費,保健活動費,,,母子保健費,母子訪問指導事業費,養育支援訪問,,
衛生費,保健衛生費,保健活動費,,,母子保健費,母子訪問指導事業費,未熟児訪問指導　ほか,,0
衛生費,保健衛生費,保健活動費,,,母子保健費,母子訪問指導事業費,会議、研修会出席者負担金,29,28
衛生費,保健衛生費,保健活動費,,,母子保健費,母子歯科保健事業費,,1887,1888
衛生費,保健衛生費,保健活動費,,,母子保健費,母子歯科保健事業費,フッ化物塗布　　　　　　　　　 109回,,0
衛生費,保健衛生費,保健活動費,,,母子保健費,母子歯科保健事業費,フッ化物洗口法　　　　　　　　　31園,,
衛生費,保健衛生費,保健活動費,,,結核健康診断費,,,7706,6338
衛生費,保健衛生費,保健活動費,,,結核健康診断費,結核健康診断事業費,,7706,6338
衛生費,保健衛生費,保健活動費,,,結核健康診断費,結核健康診断事業費,"胸部エックス線検査　　　　　 6,925人",,0
衛生費,保健衛生費,保健活動費,,,若年がん患者等支援費,,,3084,3136
衛生費,保健衛生費,保健活動費,,,若年がん患者等支援費,若年がん患者等支援事業費,,3084,3136
衛生費,保健衛生費,保健活動費,,,若年がん患者等支援費,若年がん患者等支援事業費,若年がん患者等妊よう性温存,400,400
衛生費,保健衛生費,保健活動費,,,若年がん患者等支援費,若年がん患者等支援事業費,がん患者医療用補整具,2120,2120
衛生費,保健衛生費,保健活動費,,,若年がん患者等支援費,若年がん患者等支援事業費,若年がん患者在宅療養,504,504
衛生費,保健衛生費,健康ふじ,,,,,,20834,16901
衛生費,保健衛生費,健康ふじ,報酬,,,,,354,354
衛生費,保健衛生費,健康ふじ,報償費,,,,,813,775
衛生費,保健衛生費,健康ふじ,旅費,,,,,87,116
衛生費,保健衛生費,健康ふじ,旅費,費用弁償,,,,14,35
衛生費,保健衛生費,健康ふじ,旅費,普通旅費,,,,12,12
衛生費,保健衛生費,健康ふじ,旅費,特別旅費,,,,61,69
衛生費,保健衛生費,健康ふじ,需用費,,,,,2350,2604
衛生費,保健衛生費,健康ふじ,需用費,消耗品費,,,,1432,1444
衛生費,保健衛生費,健康ふじ,需用費,食糧費,,,,10,12
衛生費,保健衛生費,健康ふじ,需用費,印刷製本費,,,,908,1137
衛生費,保健衛生費,健康ふじ,役務費,,,,,1812,1777
衛生費,保健衛生費,健康ふじ,役務費,通信運搬費,,,,1801,1766
衛生費,保健衛生費,健康ふじ,役務費,手数料,,,,11,11
衛生費,保健衛生費,健康ふじ,委託料,,,,,15362,11224
衛生費,保健衛生費,健康ふじ,備品購入費,,,,,9,0
衛生費,保健衛生費,健康ふじ,負担金、補助及び交付金,,,,,47,51
衛生費,保健衛生費,健康ふじ,負担金、補助及び交付金,負担金,,,,47,51
衛生費,保健衛生費,健康ふじ,,,給与費,,,354,354
衛生費,保健衛生費,健康ふじ,,,給与費,食育推進会議委員　１５人,,354,354
衛生費,保健衛生費,健康ふじ,,,食育推進費,,,3835,3864
衛生費,保健衛生費,健康ふじ,,,食育推進費,食育推進事業費,,3835,3864
衛生費,保健衛生費,健康ふじ,,,食育推進費,食育推進事業費,第4次富士山おむすび計画の推進,,
衛生費,保健衛生費,健康ふじ,,,食育推進費,食育推進事業費,小中学生栄養調査,,
衛生費,保健衛生費,健康ふじ,,,食育推進費,食育推進事業費,食生活推進員活動支援,,
衛生費,保健衛生費,健康ふじ,,,食育推進費,食育推進事業費,食育推進地区事業,,
衛生費,保健衛生費,健康ふじ,,,食育推進費,食育推進事業費,（富士見台地区、神戸地区、吉永北地区）,,0
衛生費,保健衛生費,健康ふじ,,,食育推進費,食育推進事業費,食育推進校事業,,
衛生費,保健衛生費,健康ふじ,,,食育推進費,食育推進事業費,（富士見台・神戸・吉永第二小学校、吉原北中学校）,,0
衛生費,保健衛生費,健康ふじ,,,食育推進費,食育推進事業費,食育啓発講座,,
衛生費,保健衛生費,健康ふじ,,,食育推進費,食育推進事業費,会議、研修会出席者負担金,38,40
衛生費,保健衛生費,健康ふじ,,,健康ふじ２１推進費,,,16645,12683
衛生費,保健衛生費,健康ふじ,,,健康ふじ２１推進費,健康ふじ２１計画推進事業費,,3561,607
衛生費,保健衛生費,健康ふじ,,,健康ふじ２１推進費,健康ふじ２１計画推進事業費,健康ふじ２１計画進行管理,,
衛生費,保健衛生費,健康ふじ,,,健康ふじ２１推進費,健康ふじ２１計画推進事業費,市民健康意識調査,,0
衛生費,保健衛生費,健康ふじ,,,健康ふじ２１推進費,市民健康行動支援事業費,,6104,6065
衛生費,保健衛生費,健康ふじ,,,健康ふじ２１推進費,市民健康行動支援事業費,ふじ健康ポイント事業,,
衛生費,保健衛生費,健康ふじ,,,健康ふじ２１推進費,市民健康行動支援事業費,健康教育（講座・研修会）,,
衛生費,保健衛生費,健康ふじ,,,健康ふじ２１推進費,市民健康行動支援事業費,訪問指導・重症化予防事業,,
衛生費,保健衛生費,健康ふじ,,,健康ふじ２１推進費,市民健康行動支援事業費,ウォークラリーイベント開催,,
衛生費,保健衛生費,健康ふじ,,,健康ふじ２１推進費,市民健康行動支援事業費,会議、研修会出席者負担金,9,11
衛生費,保健衛生費,健康ふじ,,,健康ふじ２１推進費,８０２０推進事業費,,6980,6011
衛生費,保健衛生費,健康ふじ,,,健康ふじ２１推進費,８０２０推進事業費,20・30・40・50・60・70歳歯周病個別検診,,
衛生費,保健衛生費,健康ふじ,,,健康ふじ２１推進費,８０２０推進事業費,歯と口の健康週間事業,,
衛生費,保健衛生費,健康ふじ,,,健康ふじ２１推進費,８０２０推進事業費,住民歯科会議開催,,
衛生費,保健衛生費,指定難病等,,,,,,30188,30090
衛生費,保健衛生費,指定難病等,需用費,,,,,99,99
衛生費,保健衛生費,指定難病等,需用費,印刷製本費,,,,99,99
衛生費,保健衛生費,指定難病等,委託料,,,,,1239,1141
衛生費,保健衛生費,指定難病等,負担金、補助及び交付金,,,,,920,920
衛生費,保健衛生費,指定難病等,負担金、補助及び交付金,補助金,,,,920,920
衛生費,保健衛生費,指定難病等,扶助費,,,,,27930,27930
衛生費,保健衛生費,指定難病等,,,指定難病等対策費,,,30188,30090
衛生費,保健衛生費,指定難病等,,,指定難病等対策費,指定難病等対策事業費,,30188,30090
衛生費,保健衛生費,指定難病等,,,指定難病等対策費,指定難病等対策事業費,指定難病等患者・小児慢性特定疾病患者,,
衛生費,保健衛生費,指定難病等,,,指定難病等対策費,指定難病等対策事業費,療養扶助費,,
衛生費,保健衛生費,指定難病等,,,指定難病等対策費,指定難病等対策事業費,難病患者介護家族リフレッシュ事業,,
衛生費,保健衛生費,指定難病等,,,指定難病等対策費,指定難病等対策事業費,小児慢性特定疾病児童日常生活用具給付,,
衛生費,保健衛生費,指定難病等,,,指定難病等対策費,指定難病等対策事業費,難病団体援護活動費補助金,500,500
衛生費,保健衛生費,指定難病等,,,指定難病等対策費,指定難病等対策事業費,骨髄移植ドナー支援奨励金　　　　 2件,420,420
衛生費,保健衛生費,環境衛生費,,,,,,78129,97479
衛生費,保健衛生費,環境衛生費,報酬,,,,,2546,2724
衛生費,保健衛生費,環境衛生費,職員手当等,,,,,590,665
衛生費,保健衛生費,環境衛生費,職員手当等,期末手当,,,,508,569
衛生費,保健衛生費,環境衛生費,職員手当等,勤勉手当,,,,82,96
衛生費,保健衛生費,環境衛生費,共済費,,,,,493,537
衛生費,保健衛生費,環境衛生費,旅費,,,,,174,170
衛生費,保健衛生費,環境衛生費,旅費,費用弁償,,,,78,78
衛生費,保健衛生費,環境衛生費,旅費,普通旅費,,,,46,42
衛生費,保健衛生費,環境衛生費,旅費,特別旅費,,,,50,50
衛生費,保健衛生費,環境衛生費,需用費,,,,,3782,3528
衛生費,保健衛生費,環境衛生費,需用費,消耗品費,,,,3708,3528
衛生費,保健衛生費,環境衛生費,需用費,印刷製本費,,,,74,0
衛生費,保健衛生費,環境衛生費,委託料,,,,,5300,7616
衛生費,保健衛生費,環境衛生費,備品購入費,,,,,1997,0
衛生費,保健衛生費,環境衛生費,負担金、補助及び交付金,,,,,63247,82223
衛生費,保健衛生費,環境衛生費,負担金、補助及び交付金,負担金,,,,1544,78436
衛生費,保健衛生費,環境衛生費,負担金、補助及び交付金,補助金,,,,61703,3787
衛生費,保健衛生費,環境衛生費,,,給与費,,,3707,4004
衛生費,保健衛生費,環境衛生費,,,給与費,パートタイム会計年度任用職員,,3707,4004
衛生費,保健衛生費,環境衛生費,,,防疫対策費,,,3746,3542
衛生費,保健衛生費,環境衛生費,,,防疫対策費,衛生害虫対策事業費,,3738,3534
衛生費,保健衛生費,環境衛生費,,,防疫対策費,衛生害虫対策事業費,脱皮阻害剤配布,,
衛生費,保健衛生費,環境衛生費,,,防疫対策費,衛生害虫対策事業費,会議、研修会出席者負担金,20,20
衛生費,保健衛生費,環境衛生費,,,防疫対策費,防疫消毒事業費,,8,8
衛生費,保健衛生費,環境衛生費,,,防疫対策費,防疫消毒事業費,消毒資材購入,,
衛生費,保健衛生費,環境衛生費,,,簡易水道対策費,,,68188,87445
衛生費,保健衛生費,環境衛生費,,,簡易水道対策費,簡易水道管理費,,1021,1521
衛生費,保健衛生費,環境衛生費,,,簡易水道対策費,簡易水道管理費,簡易水道施設等水質検査,,
衛生費,保健衛生費,環境衛生費,,,簡易水道対策費,簡易水道管理費,会議、研修会出席者負担金,5,5
衛生費,保健衛生費,環境衛生費,,,簡易水道対策費,簡易水道統合推進事業費,,67167,85924
衛生費,保健衛生費,環境衛生費,,,簡易水道対策費,簡易水道統合推進事業費,給水装置工事申請受付業務,,
衛生費,保健衛生費,環境衛生費,,,簡易水道対策費,簡易水道統合推進事業費,量水器購入,,0
衛生費,保健衛生費,環境衛生費,,,簡易水道対策費,簡易水道統合推進事業費,簡易水道統合事業費助成金,59293,1377
衛生費,保健衛生費,環境衛生費,,,簡易水道対策費,簡易水道統合推進事業費,量水器修繕負担金,1479,2682
衛生費,保健衛生費,環境衛生費,,,環境衛生団体助成費,,,2410,2410
衛生費,保健衛生費,環境衛生費,,,環境衛生団体助成費,環境衛生団体助成費,,2410,2410
衛生費,保健衛生費,環境衛生費,,,環境衛生団体助成費,環境衛生団体助成費,環境衛生自治推進事業補助金,2250,2250
衛生費,保健衛生費,環境衛生費,,,環境衛生団体助成費,環境衛生団体助成費,食品衛生啓発事業補助金,160,160
衛生費,保健衛生費,環境衛生費,,,墓地対策費,,,78,78
衛生費,保健衛生費,環境衛生費,,,墓地対策費,墓地管理事業費,,78,78
衛生費,保健衛生費,環境衛生費,,,墓地対策費,墓地管理事業費,会議、研修会出席者負担金,40,40
衛生費,保健衛生費,森林墓園費,,,,,,30990,39614
衛生費,保健衛生費,森林墓園費,報酬,,,,,6400,6870
衛生費,保健衛生費,森林墓園費,職員手当等,,,,,1482,1678
衛生費,保健衛生費,森林墓園費,職員手当等,期末手当,,,,1277,1436
衛生費,保健衛生費,森林墓園費,職員手当等,勤勉手当,,,,205,242
衛生費,保健衛生費,森林墓園費,共済費,,,,,1309,1421
衛生費,保健衛生費,森林墓園費,旅費,,,,,643,643
衛生費,保健衛生費,森林墓園費,旅費,費用弁償,,,,641,641
衛生費,保健衛生費,森林墓園費,旅費,普通旅費,,,,2,2
衛生費,保健衛生費,森林墓園費,需用費,,,,,4106,3926
衛生費,保健衛生費,森林墓園費,需用費,消耗品費,,,,994,994
衛生費,保健衛生費,森林墓園費,需用費,燃料費,,,,314,287
衛生費,保健衛生費,森林墓園費,需用費,印刷製本費,,,,66,145
衛生費,保健衛生費,森林墓園費,需用費,光熱水費,,,,1500,1500
衛生費,保健衛生費,森林墓園費,需用費,修繕料,,,,1232,1000
衛生費,保健衛生費,森林墓園費,役務費険料,,,,,832,767
衛生費,保健衛生費,森林墓園費,役務費険料,通信運搬費,,,,727,660
衛生費,保健衛生費,森林墓園費,役務費険料,自動車損害保,,,,105,107
衛生費,保健衛生費,森林墓園費,委託料,,,,,15386,23546
衛生費,保健衛生費,森林墓園費,使用料及び賃借料,,,,,582,763
衛生費,保健衛生費,森林墓園費,償還金、利子及び割引料,,,,,250,0
衛生費,保健衛生費,森林墓園費,,,給与費,,,9832,10610
衛生費,保健衛生費,森林墓園費,,,給与費,パートタイム会計年度任用職員,,9832,10610
衛生費,保健衛生費,森林墓園費,,,森林墓園管理事業費,,,21158,29004
衛生費,保健衛生費,森林墓園費,,,森林墓園管理事業費,森林墓園運営管理費,,21158,29004
衛生費,保健衛生費,森林墓園費,,,森林墓園管理事業費,森林墓園運営管理費,"普通墓所 3,500区画　芝生墓所 1,500区画",,
衛生費,保健衛生費,森林墓園費,,,森林墓園管理事業費,森林墓園運営管理費,（使用承認済）,,
衛生費,保健衛生費,森林墓園費,,,森林墓園管理事業費,森林墓園運営管理費,"合葬式墓所 5,000体",,
衛生費,保健衛生費,森林墓園費,,,森林墓園管理事業費,森林墓園運営管理費,運営管理、清掃等施設維持,,
衛生費,保健衛生費,斎場費,,,,,,135546,148803
衛生費,保健衛生費,斎場費,報酬,,,,,28048,33640
衛生費,保健衛生費,斎場費,給料,,,,,3848,4402
衛生費,保健衛生費,斎場費,職員手当等,,,,,7386,9733
衛生費,保健衛生費,斎場費,職員手当等,管理職手当,,,,623,623
衛生費,保健衛生費,斎場費,職員手当等,地域手当,,,,135,201
衛生費,保健衛生費,斎場費,職員手当等,通勤手当,,,,180,180
衛生費,保健衛生費,斎場費,職員手当等,期末手当,,,,5315,6860
衛生費,保健衛生費,斎場費,職員手当等,勤勉手当,,,,1133,1869
衛生費,保健衛生費,斎場費,共済費,,,,,6156,7546
衛生費,保健衛生費,斎場費,旅費,,,,,719,903
衛生費,保健衛生費,斎場費,旅費,費用弁償,,,,718,902
衛生費,保健衛生費,斎場費,旅費,普通旅費,,,,1,1
衛生費,保健衛生費,斎場費,需用費,,,,,58761,56820
衛生費,保健衛生費,斎場費,需用費,消耗品費,,,,2838,2716
衛生費,保健衛生費,斎場費,需用費,燃料費,,,,15695,17117
衛生費,保健衛生費,斎場費,需用費,印刷製本費,,,,19,17
衛生費,保健衛生費,斎場費,需用費,光熱水費,,,,10209,10876
衛生費,保健衛生費,斎場費,需用費,修繕料,,,,30000,26094
衛生費,保健衛生費,斎場費,役務費,,,,,77,105
衛生費,保健衛生費,斎場費,役務費,通信運搬費,,,,77,72
衛生費,保健衛生費,斎場費,委託料,,,,,29451,32750
衛生費,保健衛生費,斎場費,使用料及び賃借料,,,,,1100,1092
衛生費,保健衛生費,斎場費,,,給与費,,,46156,56223
衛生費,保健衛生費,斎場費,,,給与費,一般職　１人,,6758,8808
衛生費,保健衛生費,斎場費,,,給与費,パートタイム会計年度任用職員,,39398,47415
衛生費,保健衛生費,斎場費,,,斎場運営費,,,89390,92580
衛生費,保健衛生費,斎場費,,,斎場運営費,斎場運営管理費,,53490,60472
衛生費,保健衛生費,斎場費,,,斎場運営費,斎場運営管理費,施設の運営及び霊柩車運転管理,,
衛生費,保健衛生費,斎場費,,,斎場運営費,斎場施設管理費,,35900,32108
衛生費,保健衛生費,斎場費,,,斎場運営費,斎場施設管理費,修繕、設備保守管理　ほか,,
衛生費,保健衛生費,フィランセ,,,,,,135302,135677
衛生費,保健衛生費,フィランセ,報酬,,,,,7738,8263
衛生費,保健衛生費,フィランセ,職員手当等,,,,,1797,2020
衛生費,保健衛生費,フィランセ,職員手当等,期末手当,,,,1549,1729
衛生費,保健衛生費,フィランセ,職員手当等,勤勉手当,,,,248,291
衛生費,保健衛生費,フィランセ,共済費,,,,,1488,1585
衛生費,保健衛生費,フィランセ,旅費,,,,,220,320
衛生費,保健衛生費,フィランセ,旅費,費用弁償,,,,220,320
衛生費,保健衛生費,フィランセ,需用費,,,,,19120,19529
衛生費,保健衛生費,フィランセ,需用費,消耗品費,,,,693,692
衛生費,保健衛生費,フィランセ,需用費,燃料費,,,,30,34
衛生費,保健衛生費,フィランセ,需用費,印刷製本費,,,,341,633
衛生費,保健衛生費,フィランセ,需用費,光熱水費,,,,14466,15020
衛生費,保健衛生費,フィランセ,需用費,修繕料,,,,3590,3150
衛生費,保健衛生費,フィランセ,役務費,,,,,3693,2461
衛生費,保健衛生費,フィランセ,役務費,通信運搬費,,,,3279,1934
衛生費,保健衛生費,フィランセ,役務費,手数料,,,,414,527
衛生費,保健衛生費,フィランセ,委託料,,,,,79877,79890
衛生費,保健衛生費,フィランセ,使用料及び賃借料,,,,,21365,21353
衛生費,保健衛生費,フィランセ,負担金、補助及び交付金,,,,,4,8
衛生費,保健衛生費,フィランセ,負担金、補助及び交付金,負担金,,,,4,8
衛生費,保健衛生費,フィランセ,,,給与費,,,11243,12188
衛生費,保健衛生費,フィランセ,,,給与費,パートタイム会計年度任用職員,,11243,12188
衛生費,保健衛生費,フィランセ,,,フィランセ費,,,124059,123489
衛生費,保健衛生費,フィランセ,,,フィランセ費,フィランセ運営管理費,,61849,61453
衛生費,保健衛生費,フィランセ,,,フィランセ費,フィランセ運営管理費,警備、清掃、緑地管理　ほか,,
衛生費,保健衛生費,フィランセ,,,フィランセ費,フィランセ運営管理費,会議、研修会出席者負担金,4,8
衛生費,保健衛生費,フィランセ,,,フィランセ費,フィランセ施設管理費,,62210,62036
衛生費,保健衛生費,フィランセ,,,フィランセ費,フィランセ施設管理費,空調設備ＥＳＣＯ事業,,
衛生費,保健衛生費,フィランセ,,,フィランセ費,フィランセ施設管理費,フィランセ用地・駐車場用地借上,,
衛生費,保健衛生費,フィランセ,,,フィランセ費,フィランセ施設管理費,各種設備保守点検　ほか,,
衛生費,保健衛生費,看護専門学,,,,,,260595,239270
衛生費,保健衛生費,看護専門学,報酬,,,,,6443,6886
衛生費,保健衛生費,看護専門学,給料,,,,,83142,89467
衛生費,保健衛生費,看護専門学,職員手当等当,,,,,54162,60147
衛生費,保健衛生費,看護専門学,職員手当等当,管理職手当,,,,2240,2240
衛生費,保健衛生費,看護専門学,職員手当等当,扶養手当,,,,2355,2232
衛生費,保健衛生費,看護専門学,職員手当等当,地域手当,,,,2631,3760
衛生費,保健衛生費,看護専門学,職員手当等当,住居手当,,,,591,546
衛生費,保健衛生費,看護専門学,職員手当等当,通勤手当,,,,1970,1969
衛生費,保健衛生費,看護専門学,職員手当等当,時間外勤務手,,,,8353,8437
衛生費,保健衛生費,看護専門学,職員手当等当,休日勤務手当,,,,50,50
衛生費,保健衛生費,看護専門学,職員手当等当,期末手当,,,,20261,22905
衛生費,保健衛生費,看護専門学,職員手当等当,勤勉手当,,,,15711,18008
衛生費,保健衛生費,看護専門学,共済費,,,,,30448,31447
衛生費,保健衛生費,看護専門学,報償費,,,,,9116,8995
衛生費,保健衛生費,看護専門学,旅費,,,,,1587,2054
衛生費,保健衛生費,看護専門学,旅費,費用弁償,,,,775,940
衛生費,保健衛生費,看護専門学,旅費,普通旅費,,,,307,307
衛生費,保健衛生費,看護専門学,旅費,特別旅費,,,,505,807
衛生費,保健衛生費,看護専門学,需用費,,,,,16791,7714
衛生費,保健衛生費,看護専門学,需用費,消耗品費,,,,2586,2606
衛生費,保健衛生費,看護専門学,需用費,燃料費,,,,59,7
衛生費,保健衛生費,看護専門学,需用費,食糧費,,,,284,251
衛生費,保健衛生費,看護専門学,需用費,印刷製本費,,,,542,540
衛生費,保健衛生費,看護専門学,需用費,光熱水費,,,,3095,3160
衛生費,保健衛生費,看護専門学,需用費,修繕料,,,,10225,1150
衛生費,保健衛生費,看護専門学,役務費,,,,,551,712
衛生費,保健衛生費,看護専門学,役務費,通信運搬費,,,,260,418
衛生費,保健衛生費,看護専門学,役務費,手数料,,,,279,280
衛生費,保健衛生費,看護専門学,役務費,筆耕翻訳料,,,,6,8
衛生費,保健衛生費,看護専門学,役務費,保険料,,,,6,6
衛生費,保健衛生費,看護専門学,委託料,,,,,15240,16551
衛生費,保健衛生費,看護専門学,使用料及び賃借料,,,,,13745,12749
衛生費,保健衛生費,看護専門学,工事請負費,,,,,26700,0
衛生費,保健衛生費,看護専門学,備品購入費,,,,,1852,1789
衛生費,保健衛生費,看護専門学,負担金、補助及び交付金,,,,,818,759
衛生費,保健衛生費,看護専門学,負担金、補助及び交付金,負担金,,,,818,759
衛生費,保健衛生費,看護専門学,,,給与費,,,174397,188287
衛生費,保健衛生費,看護専門学,,,給与費,一般職　１８人,,165298,178277
衛生費,保健衛生費,看護専門学,,,給与費,パートタイム会計年度任用職員,,9099,10010
衛生費,保健衛生費,看護専門学,,,看護専門学校管理費,,,86198,50983
衛生費,保健衛生費,看護専門学,,,看護専門学校管理費,看護専門学校教育事業費,,23539,23355
衛生費,保健衛生費,看護専門学,,,看護専門学校管理費,看護専門学校教育事業費,学生　3学年　各40人　（定員　120人）,,
衛生費,保健衛生費,看護専門学,,,看護専門学校管理費,看護専門学校教育事業費,日本看護協会負担金,75,75
衛生費,保健衛生費,看護専門学,,,看護専門学校管理費,看護専門学校教育事業費,日本看護学教育学会負担金,53,53
衛生費,保健衛生費,看護専門学,,,看護専門学校管理費,看護専門学校教育事業費,日本精神科看護協会負担金,5,5
衛生費,保健衛生費,看護専門学,,,看護専門学校管理費,看護専門学校教育事業費,日本母性看護学会負担金,4,4
衛生費,保健衛生費,看護専門学,,,看護専門学校管理費,看護専門学校教育事業費,県自治体立看護学校協議会負担金,35,25
衛生費,保健衛生費,看護専門学,,,看護専門学校管理費,看護専門学校教育事業費,日本看護学校協議会負担金,50,50
衛生費,保健衛生費,看護専門学,,,看護専門学校管理費,看護専門学校教育事業費,東海北陸地区自治体立看護学校,10,10
衛生費,保健衛生費,看護専門学,,,看護専門学校管理費,看護専門学校教育事業費,県専任教員養成講習会受講者負担金,300,0
衛生費,保健衛生費,看護専門学,,,看護専門学校管理費,看護専門学校教育事業費,会議、研修会出席者負担金,286,264
衛生費,保健衛生費,看護専門学,,,看護専門学校管理費,看護専門学校運営管理費,,12622,12594
衛生費,保健衛生費,看護専門学,,,看護専門学校管理費,看護専門学校運営管理費,学生募集,,
衛生費,保健衛生費,看護専門学,,,看護専門学校管理費,看護専門学校運営管理費,看護教育用機材維持管理,,
衛生費,保健衛生費,看護専門学,,,看護専門学校管理費,看護専門学校運営管理費,ＩＣＴ教育・看護実践教育の環境整備,,
衛生費,保健衛生費,看護専門学,,,看護専門学校管理費,看護専門学校施設管理費,,50037,15034
衛生費,保健衛生費,看護専門学,,,看護専門学校管理費,看護専門学校施設管理費,警備、清掃等施設保守管理,,
衛生費,保健衛生費,看護専門学,,,看護専門学校管理費,看護専門学校施設管理費,校舎屋上防水改修,,0
衛生費,清掃費,,,,,,,3326667,3463928
衛生費,清掃費,清掃総務費,,,,,,578944,602842
衛生費,清掃費,清掃総務費,報酬,,,,,393,262
衛生費,清掃費,清掃総務費,給料,,,,,222326,233620
衛生費,清掃費,清掃総務費,職員手当等当,,,,,140151,148517
衛生費,清掃費,清掃総務費,職員手当等当,管理職手当,,,,1594,1594
衛生費,清掃費,清掃総務費,職員手当等当,扶養手当,,,,5314,5112
衛生費,清掃費,清掃総務費,職員手当等当,地域手当,,,,6880,9613
衛生費,清掃費,清掃総務費,職員手当等当,住居手当,,,,1936,1632
衛生費,清掃費,清掃総務費,職員手当等当,通勤手当,,,,5769,6069
衛生費,清掃費,清掃総務費,職員手当等当,特殊勤務手当,,,,5000,5000
衛生費,清掃費,清掃総務費,職員手当等当,時間外勤務手,,,,12589,11000
衛生費,清掃費,清掃総務費,職員手当等当,休日勤務手当,,,,10800,10500
衛生費,清掃費,清掃総務費,職員手当等当,期末手当,,,,49964,53886
衛生費,清掃費,清掃総務費,職員手当等当,勤勉手当,,,,40305,44111
衛生費,清掃費,清掃総務費,共済費,,,,,73879,78562
衛生費,清掃費,清掃総務費,報償費,,,,,917,1036
衛生費,清掃費,清掃総務費,旅費,,,,,352,345
衛生費,清掃費,清掃総務費,旅費,費用弁償,,,,36,24
衛生費,清掃費,清掃総務費,旅費,普通旅費,,,,117,206
衛生費,清掃費,清掃総務費,旅費,特別旅費,,,,199,115
衛生費,清掃費,清掃総務費,需用費,,,,,4787,6044
衛生費,清掃費,清掃総務費,需用費,消耗品費,,,,2215,4075
衛生費,清掃費,清掃総務費,需用費,食糧費,,,,6,5
衛生費,清掃費,清掃総務費,需用費,印刷製本費,,,,1340,764
衛生費,清掃費,清掃総務費,需用費,修繕料,,,,1226,1200
衛生費,清掃費,清掃総務費,役務費,,,,,196,174
衛生費,清掃費,清掃総務費,役務費,通信運搬費,,,,37,37
衛生費,清掃費,清掃総務費,役務費,手数料,,,,60,50
衛生費,清掃費,清掃総務費,役務費,保険料,,,,99,87
衛生費,清掃費,清掃総務費,委託料,,,,,133669,133263
衛生費,清掃費,清掃総務費,使用料及び賃借料,,,,,632,632
衛生費,清掃費,清掃総務費,工事請負費,,,,,1300,0
衛生費,清掃費,清掃総務費,備品購入費,,,,,38,193
衛生費,清掃費,清掃総務費,負担金、補助及び交付金,,,,,304,194
衛生費,清掃費,清掃総務費,負担金、補助及び交付金,負担金,,,,304,194
衛生費,清掃費,清掃総務費,,,給与費,,,436749,460961
衛生費,清掃費,清掃総務費,,,給与費,廃棄物減量化等推進審議会委員　１５人,,393,262
衛生費,清掃費,清掃総務費,,,給与費,一般職　５５人,,436356,460699
衛生費,清掃費,清掃総務費,,,ごみ処理計画推進費,,,26628,28317
衛生費,清掃費,清掃総務費,,,ごみ処理計画推進費,ごみ処理計画推進事業費,,22536,23599
衛生費,清掃費,清掃総務費,,,ごみ処理計画推進費,ごみ処理計画推進事業費,ごみ処理に関する啓発,,
衛生費,清掃費,清掃総務費,,,ごみ処理計画推進費,ごみ処理計画推進事業費,リサイクル施設親子探検ツアー,,0
衛生費,清掃費,清掃総務費,,,ごみ処理計画推進費,ごみ処理計画推進事業費,家庭系可燃ごみ組成分析調査,,0
衛生費,清掃費,清掃総務費,,,ごみ処理計画推進費,ごみ処理計画推進事業費,一般廃棄物処理業許可及び指導,,0
衛生費,清掃費,清掃総務費,,,ごみ処理計画推進費,ごみ処理計画推進事業費,公共施設廃棄物収集運搬・処分,,0
衛生費,清掃費,清掃総務費,,,ごみ処理計画推進費,ごみ処理計画推進事業費,災害時臨時集積所指定,,0
衛生費,清掃費,清掃総務費,,,ごみ処理計画推進費,ごみ処理計画推進事業費,ごみ情報誌発行,,0
衛生費,清掃費,清掃総務費,,,ごみ処理計画推進費,ごみ処理計画推進事業費,全国都市清掃会議負担金,150,0
衛生費,清掃費,清掃総務費,,,ごみ処理計画推進費,ごみ処理計画推進事業費,県都市清掃協議会負担金,30,0
衛生費,清掃費,清掃総務費,,,ごみ処理計画推進費,ごみ処理計画推進事業費,会議、研修会出席者負担金,124,0
衛生費,清掃費,清掃総務費,,,ごみ処理計画推進費,ごみ減量化推進事業費,,2710,3337
衛生費,清掃費,清掃総務費,,,ごみ処理計画推進費,ごみ減量化推進事業費,生ごみ堆肥化推進事業,,
衛生費,清掃費,清掃総務費,,,ごみ処理計画推進費,ごみ減量化推進事業費,トートバッグ型コンポスト配布,,
衛生費,清掃費,清掃総務費,,,ごみ処理計画推進費,ごみ減量化推進事業費,ごみ減量化につながる暮らし講座,,0
衛生費,清掃費,清掃総務費,,,ごみ処理計画推進費,ごみ減量化推進事業費,食品ロス削減推進事業,,
衛生費,清掃費,清掃総務費,,,ごみ処理計画推進費,不法投棄対策費,,1382,1381
衛生費,清掃費,清掃総務費,,,ごみ処理計画推進費,不法投棄対策費,不法投棄監視パトロール,,
衛生費,清掃費,清掃総務費,,,ごみ処理計画推進費,不法投棄対策費,隊員　8ブロック12地区21人,,
衛生費,清掃費,清掃総務費,,,ごみ処理計画推進費,不法投棄対策費,不法投棄物処理,,
衛生費,清掃費,清掃総務費,,,最終処分場跡地管理費,,,15191,14332
衛生費,清掃費,清掃総務費,,,最終処分場跡地管理費,最終処分場跡地管理費,,15191,14332
衛生費,清掃費,清掃総務費,,,最終処分場跡地管理費,最終処分場跡地管理費,最終処分場跡地浸出液等水質調査,,
衛生費,清掃費,清掃総務費,,,最終処分場跡地管理費,最終処分場跡地管理費,御所舟・狐久保最終処分場維持管理,,
衛生費,清掃費,清掃総務費,,,最終処分場跡地管理費,最終処分場跡地管理費,御所舟処分場用地借上,,
衛生費,清掃費,清掃総務費,,,リサイクル推進費,,,100376,99232
衛生費,清掃費,清掃総務費,,,リサイクル推進費,リサイクル推進事業費,,100376,99232
衛生費,清掃費,清掃総務費,,,リサイクル推進費,リサイクル推進事業費,中間処理（びん・ペットボトル・プラスチック製容器包装）,,
衛生費,清掃費,清掃総務費,,,リサイクル推進費,リサイクル推進事業費,リサイクル処理（びん・プラスチック製容器包装）,,
衛生費,清掃費,塵芥処理費,,,,,,1935263,2035748
衛生費,清掃費,塵芥処理費,報酬,,,,,24380,22479
衛生費,清掃費,塵芥処理費,職員手当等,,,,,4939,4761
衛生費,清掃費,塵芥処理費,職員手当等,期末手当,,,,4257,4075
衛生費,清掃費,塵芥処理費,職員手当等,勤勉手当,,,,682,686
衛生費,清掃費,塵芥処理費,共済費,,,,,4585,4322
衛生費,清掃費,塵芥処理費,報償費,,,,,3605,3100
衛生費,清掃費,塵芥処理費,旅費,,,,,1268,1301
衛生費,清掃費,塵芥処理費,旅費,費用弁償,,,,974,833
衛生費,清掃費,塵芥処理費,旅費,普通旅費,,,,145,306
衛生費,清掃費,塵芥処理費,旅費,特別旅費,,,,149,162
衛生費,清掃費,塵芥処理費,需用費,,,,,21180,20730
衛生費,清掃費,塵芥処理費,需用費,消耗品費,,,,6472,6472
衛生費,清掃費,塵芥処理費,需用費,燃料費,,,,7963,7424
衛生費,清掃費,塵芥処理費,需用費,印刷製本費,,,,436,436
衛生費,清掃費,塵芥処理費,需用費,光熱水費,,,,22,23
衛生費,清掃費,塵芥処理費,需用費,修繕料,,,,6287,6375
衛生費,清掃費,塵芥処理費,役務費険料,,,,,3090,3067
衛生費,清掃費,塵芥処理費,役務費険料,通信運搬費,,,,894,898
衛生費,清掃費,塵芥処理費,役務費険料,手数料,,,,1035,1062
衛生費,清掃費,塵芥処理費,役務費険料,保険料,,,,798,783
衛生費,清掃費,塵芥処理費,役務費険料,自動車損害保,,,,363,324
衛生費,清掃費,塵芥処理費,委託料,,,,,1856358,1959997
衛生費,清掃費,塵芥処理費,使用料及び賃借料,,,,,4722,4570
衛生費,清掃費,塵芥処理費,備品購入費,,,,,766,320
衛生費,清掃費,塵芥処理費,負担金、補助及び交付金,,,,,3307,3469
衛生費,清掃費,塵芥処理費,負担金、補助及び交付金,負担金,,,,3307,3469
衛生費,清掃費,塵芥処理費,積立金,,,,,5805,5359
衛生費,清掃費,塵芥処理費,公課費,,,,,1258,1175
衛生費,清掃費,塵芥処理費,,,給与費,,,34878,32395
衛生費,清掃費,塵芥処理費,,,給与費,パートタイム会計年度任用職員,,34878,32395
衛生費,清掃費,塵芥処理費,,,新環境クリーンセンター管理費,,,1197785,1217752
衛生費,清掃費,塵芥処理費,,,新環境クリーンセンター管理費,新環境クリーンセンター運営管理事業費,,855392,889838
衛生費,清掃費,塵芥処理費,,,新環境クリーンセンター管理費,新環境クリーンセンター運営管理事業費,プラント運転管理,,
衛生費,清掃費,塵芥処理費,,,新環境クリーンセンター管理費,新環境クリーンセンター運営管理事業費,ごみ焼却余熱利用促進市町村等,25,25
衛生費,清掃費,塵芥処理費,,,新環境クリーンセンター管理費,新環境クリーンセンター運営管理事業費,会議、研修会出席者負担金,58,83
衛生費,清掃費,塵芥処理費,,,新環境クリーンセンター管理費,新環境クリーンセンター焼却残渣資源化事業費,,342393,327914
衛生費,清掃費,塵芥処理費,,,新環境クリーンセンター管理費,新環境クリーンセンター焼却残渣資源化事業費,"焼却残渣資源化量　　　　　　　 6,020ｔ",,0
衛生費,清掃費,塵芥処理費,,,新環境クリーンセンター管理費,新環境クリーンセンター焼却残渣資源化事業費,環境保全協力金,3068,3177
衛生費,清掃費,塵芥処理費,,,収集管理費,,,678733,762680
衛生費,清掃費,塵芥処理費,,,収集管理費,収集管理費,,678733,762680
衛生費,清掃費,塵芥処理費,,,収集管理費,収集管理費,ごみ収集業務,,
衛生費,清掃費,塵芥処理費,,,収集管理費,収集管理費,富士労働基準協会会費,8,8
衛生費,清掃費,塵芥処理費,,,収集管理費,収集管理費,会議、研修会出席者負担金,91,122
衛生費,清掃費,塵芥処理費,,,車両管理費,,,18062,17562
衛生費,清掃費,塵芥処理費,,,車両管理費,車両管理費,,18062,17562
衛生費,清掃費,塵芥処理費,,,車両管理費,車両管理費,塵芥車 　 　　  　　　12台,,0
衛生費,清掃費,塵芥処理費,,,車両管理費,車両管理費,連絡車 　 　　  　　　 3台,,0
衛生費,清掃費,塵芥処理費,,,車両管理費,車両管理費,その他 　 　　  　　　11台,,0
衛生費,清掃費,塵芥処理費,,,車両管理費,車両管理費,ＭＣＡ無線電波利用負担金,4,4
衛生費,清掃費,塵芥処理費,,,車両管理費,車両管理費,富士地区安全運転管理協会負担金,43,40
衛生費,清掃費,塵芥処理費,,,車両管理費,車両管理費,会議、研修会出席者負担金,10,10
衛生費,清掃費,塵芥処理費,,,新環境クリーンセンター建設基金積立費,,,5805,5359
衛生費,清掃費,塵芥処理費,,,新環境クリーンセンター建設基金積立費,新環境クリーンセンター建設基金積立事業費,,5805,5359
衛生費,清掃費,塵芥処理費,,,新環境クリーンセンター建設基金積立費,新環境クリーンセンター建設基金積立事業費,新環境クリーンセンター建設基金積立金,,
衛生費,清掃費,生活排水処,,,,,,747130,767918
衛生費,清掃費,生活排水処,報酬,,,,,9464,9865
衛生費,清掃費,生活排水処,給料,,,,,29489,31002
衛生費,清掃費,生活排水処,職員手当等当,,,,,21137,22901
衛生費,清掃費,生活排水処,職員手当等当,管理職手当,,,,797,797
衛生費,清掃費,生活排水処,職員手当等当,扶養手当,,,,580,514
衛生費,清掃費,生活排水処,職員手当等当,地域手当,,,,930,1297
衛生費,清掃費,生活排水処,職員手当等当,住居手当,,,,292,591
衛生費,清掃費,生活排水処,職員手当等当,通勤手当,,,,545,527
衛生費,清掃費,生活排水処,職員手当等当,時間外勤務手,,,,2962,2962
衛生費,清掃費,生活排水処,職員手当等当,休日勤務手当,,,,50,50
衛生費,清掃費,生活排水処,職員手当等当,期末手当,,,,8887,9572
衛生費,清掃費,生活排水処,職員手当等当,勤勉手当,,,,6094,6591
衛生費,清掃費,生活排水処,共済費,,,,,11334,12173
衛生費,清掃費,生活排水処,旅費,,,,,781,793
衛生費,清掃費,生活排水処,旅費,費用弁償,,,,706,706
衛生費,清掃費,生活排水処,旅費,普通旅費,,,,75,71
衛生費,清掃費,生活排水処,需用費,,,,,2714,6714
衛生費,清掃費,生活排水処,需用費,消耗品費,,,,169,169
衛生費,清掃費,生活排水処,需用費,印刷製本費,,,,545,545
衛生費,清掃費,生活排水処,需用費,修繕料,,,,2000,6000
衛生費,清掃費,生活排水処,役務費,,,,,29197,28441
衛生費,清掃費,生活排水処,役務費,通信運搬費,,,,36,36
衛生費,清掃費,生活排水処,役務費,手数料,,,,29156,28400
衛生費,清掃費,生活排水処,役務費,保険料,,,,5,5
衛生費,清掃費,生活排水処,委託料,,,,,355299,373152
衛生費,清掃費,生活排水処,使用料及び賃借料,,,,,13,13
衛生費,清掃費,生活排水処,工事請負費,,,,,17787,13640
衛生費,清掃費,生活排水処,備品購入費,,,,,2320,12850
衛生費,清掃費,生活排水処,負担金、補助及び交付金,,,,,267595,256374
衛生費,清掃費,生活排水処,負担金、補助及び交付金,負担金,,,,3996,3991
衛生費,清掃費,生活排水処,負担金、補助及び交付金,補助金,,,,263599,252383
衛生費,清掃費,生活排水処,,,給与費,,,72130,76647
衛生費,清掃費,生活排水処,,,給与費,一般職　７人,,57943,61688
衛生費,清掃費,生活排水処,,,給与費,パートタイム会計年度任用職員,,14187,14959
衛生費,清掃費,生活排水処,,,給与費,パートタイム会計年度任用職員,浄化槽維持管理指導員　 2人,,0
衛生費,清掃費,生活排水処,,,クリーンセンターききょう運営費,,,366212,407936
衛生費,清掃費,生活排水処,,,クリーンセンターききょう運営費,クリーンセンターききょう運営管理事業費,,366212,407936
衛生費,清掃費,生活排水処,,,クリーンセンターききょう運営費,クリーンセンターききょう運営管理事業費,施設管理運転業務（包括的民間委託）,,
衛生費,清掃費,生活排水処,,,クリーンセンターききょう運営費,クリーンセンターききょう運営管理事業費,下水道共同化基礎調査,,0
衛生費,清掃費,生活排水処,,,浄化槽対策費,,,267357,244389
衛生費,清掃費,生活排水処,,,浄化槽対策費,浄化槽対策事務費,,3898,15046
衛生費,清掃費,生活排水処,,,浄化槽対策費,浄化槽対策事務費,浄化槽法適正管理,,
衛生費,清掃費,生活排水処,,,浄化槽対策費,浄化槽対策事務費,浄化槽法定協議会運営,,
衛生費,清掃費,生活排水処,,,浄化槽対策費,浄化槽対策事務費,浄化槽適正維持管理指導補助金,140,140
衛生費,清掃費,生活排水処,,,浄化槽対策費,浄化槽対策事務費,総合管理システム保守負担金,658,438
衛生費,清掃費,生活排水処,,,浄化槽対策費,浄化槽対策事務費,総合管理システムサーバーリース負担金,324,216
衛生費,清掃費,生活排水処,,,浄化槽対策費,浄化槽対策事務費,総合管理システム住宅地図データ,46,55
衛生費,清掃費,生活排水処,,,浄化槽対策費,浄化槽対策事務費,県浄化槽普及促進協議会負担金,37,38
衛生費,清掃費,生活排水処,,,浄化槽対策費,浄化槽対策事務費,県富士総合庁舎使用負担金,2020,2127
衛生費,清掃費,生活排水処,,,浄化槽対策費,浄化槽設置助成費,,140384,105863
衛生費,清掃費,生活排水処,,,浄化槽対策費,浄化槽設置助成費,浄化槽設置費補助金,,
衛生費,清掃費,生活排水処,,,浄化槽対策費,浄化槽維持管理助成費,,123075,123480
衛生費,清掃費,生活排水処,,,浄化槽対策費,浄化槽維持管理助成費,浄化槽維持管理費等補助金,,122880
衛生費,清掃費,生活排水処,,,中野台下水処理施設管理費,,,41431,38946
衛生費,清掃費,生活排水処,,,中野台下水処理施設管理費,中野台下水処理施設管理運転事業費,,41431,38946
衛生費,清掃費,生活排水処,,,中野台下水処理施設管理費,中野台下水処理施設管理運転事業費,施設管理運転業務（包括的民間委託）,,
衛生費,清掃費,生活排水処,,,中野台下水処理施設管理費,中野台下水処理施設管理運転事業費,使用料徴収事務手数料負担金,911,924
衛生費,清掃費,新環境クリ,,,,,,65330,57420
衛生費,清掃費,新環境クリ,委託料,,,,,65330,55120
衛生費,清掃費,新環境クリ,,,新環境クリーンセンター循環啓発棟運営費,,,65330,57420
衛生費,清掃費,新環境クリ,,,新環境クリーンセンター循環啓発棟運営費,新環境クリーンセンター循環啓発棟運営事業費,,65330,57420
衛生費,清掃費,新環境クリ,,,新環境クリーンセンター循環啓発棟運営費,新環境クリーンセンター循環啓発棟運営事業費,循環啓発棟運営管理（指定管理）,,
衛生費,環境対策費,,,,,,,929503,925484
衛生費,環境対策費,環境政策費,,,,,,380170,369343
衛生費,環境対策費,環境政策費,報酬,,,,,6499,6949
衛生費,環境対策費,環境政策費,給料,,,,,133466,144255
衛生費,環境対策費,環境政策費,職員手当等当,,,,,85018,94608
衛生費,環境対策費,環境政策費,職員手当等当,管理職手当,,,,3345,3477
衛生費,環境対策費,環境政策費,職員手当等当,扶養手当,,,,3929,4456
衛生費,環境対策費,環境政策費,職員手当等当,地域手当,,,,4216,6079
衛生費,環境対策費,環境政策費,職員手当等当,住居手当,,,,1290,962
衛生費,環境対策費,環境政策費,職員手当等当,通勤手当,,,,3826,3767
衛生費,環境対策費,環境政策費,職員手当等当,時間外勤務手,,,,8500,10000
衛生費,環境対策費,環境政策費,職員手当等当,休日勤務手当,,,,700,700
衛生費,環境対策費,環境政策費,職員手当等当,期末手当,,,,33003,36325
衛生費,環境対策費,環境政策費,職員手当等当,勤勉手当,,,,26209,28842
衛生費,環境対策費,環境政策費,共済費,,,,,45899,49812
衛生費,環境対策費,環境政策費,報償費,,,,,3063,3383
衛生費,環境対策費,環境政策費,旅費,,,,,464,497
衛生費,環境対策費,環境政策費,旅費,費用弁償,,,,218,247
衛生費,環境対策費,環境政策費,旅費,普通旅費,,,,211,227
衛生費,環境対策費,環境政策費,旅費,特別旅費,,,,35,23
衛生費,環境対策費,環境政策費,需用費,,,,,1904,2842
衛生費,環境対策費,環境政策費,需用費,消耗品費,,,,800,814
衛生費,環境対策費,環境政策費,需用費,食糧費,,,,10,8
衛生費,環境対策費,環境政策費,需用費,印刷製本費,,,,954,929
衛生費,環境対策費,環境政策費,需用費,修繕料,,,,140,1091
衛生費,環境対策費,環境政策費,役務費,,,,,1024,1145
衛生費,環境対策費,環境政策費,役務費,通信運搬費,,,,65,65
衛生費,環境対策費,環境政策費,役務費,手数料,,,,360,366
衛生費,環境対策費,環境政策費,役務費,保険料,,,,599,714
衛生費,環境対策費,環境政策費,委託料,,,,,9423,8197
衛生費,環境対策費,環境政策費,工事請負費,,,,,1445,180
衛生費,環境対策費,環境政策費,負担金、補助及び交付金,,,,,91908,47410
衛生費,環境対策費,環境政策費,負担金、補助及び交付金,負担金,,,,258,270
衛生費,環境対策費,環境政策費,負担金、補助及び交付金,補助金,,,,91650,47140
衛生費,環境対策費,環境政策費,積立金,,,,,57,10041
衛生費,環境対策費,環境政策費,,,給与費,,,271038,295824
衛生費,環境対策費,環境政策費,,,給与費,環境審議会委員　１６人,,568,392
衛生費,環境対策費,環境政策費,,,給与費,地球温暖化対策実行計画協議会委員　１６人,,276,276
衛生費,環境対策費,環境政策費,,,給与費,一般職　３２人,,262176,0
衛生費,環境対策費,環境政策費,,,給与費,パートタイム会計年度任用職員,,8018,9039
衛生費,環境対策費,環境政策費,,,温暖化対策費,,,94733,51257
衛生費,環境対策費,環境政策費,,,温暖化対策費,環境政策事務費,,1837,2673
衛生費,環境対策費,環境政策費,,,温暖化対策費,環境政策事務費,マナー条例の啓発、,,
衛生費,環境対策費,環境政策費,,,温暖化対策費,新エネルギー・省エネルギー普及事業費,,92896,48584
衛生費,環境対策費,環境政策費,,,温暖化対策費,新エネルギー・省エネルギー普及事業費,市民ゼロカーボンチャレンジ補助金,43750,31840
衛生費,環境対策費,環境政策費,,,温暖化対策費,新エネルギー・省エネルギー普及事業費,中小企業者等ゼロカーボンチャレンジ,46800,15000
衛生費,環境対策費,環境政策費,,,温暖化対策費,新エネルギー・省エネルギー普及事業費,中小企業者等ゼロカーボン経営移行,300,300
衛生費,環境対策費,環境政策費,,,温暖化対策費,新エネルギー・省エネルギー普及事業費,中小企業者等脱炭素事業融資保証料,800,0
衛生費,環境対策費,環境政策費,,,地球環境問題啓発費,,,2771,3828
衛生費,環境対策費,環境政策費,,,地球環境問題啓発費,環境啓発事業費,,488,492
衛生費,環境対策費,環境政策費,,,地球環境問題啓発費,環境啓発事業費,ゼロカーボンチャレンジイベント開催,,
衛生費,環境対策費,環境政策費,,,地球環境問題啓発費,環境教育推進事業費,,2283,3336
衛生費,環境対策費,環境政策費,,,地球環境問題啓発費,環境教育推進事業費,環境アドバイザー派遣,,
衛生費,環境対策費,環境政策費,,,地球環境問題啓発費,環境教育推進事業費,地球温暖化防止ポスターコンクール,,
衛生費,環境対策費,環境政策費,,,地球環境問題啓発費,環境教育推進事業費,こどもエコクラブ活動支援,,
衛生費,環境対策費,環境政策費,,,環境計画費,,,11571,8393
衛生費,環境対策費,環境政策費,,,環境計画費,環境審議会事務費,,43,31
衛生費,環境対策費,環境政策費,,,環境計画費,脱炭素促進事業費,,1842,1105
衛生費,環境対策費,環境政策費,,,環境計画費,脱炭素促進事業費,ゼロカーボン金融連携推進協議会運営,,
衛生費,環境対策費,環境政策費,,,環境計画費,庁内環境配慮推進事業費,,2219,1854
衛生費,環境対策費,環境政策費,,,環境計画費,庁内環境配慮推進事業費,道路・公園照明灯ＬＥＤ化ＥＳＣＯ事業推進,,0
衛生費,環境対策費,環境政策費,,,環境計画費,庁内環境配慮推進事業費,地球温暖化対策実行計画,,
衛生費,環境対策費,環境政策費,,,環境計画費,庁内環境配慮推進事業費,外部環境監査,,
衛生費,環境対策費,環境政策費,,,環境計画費,庁内環境配慮推進事業費,会議、研修会出席者負担金,16,16
衛生費,環境対策費,環境政策費,,,環境計画費,富士・愛鷹山麓地域環境管理計画推進事業費,,7467,5403
衛生費,環境対策費,環境政策費,,,環境計画費,富士・愛鷹山麓地域環境管理計画推進事業費,計画進行管理,,
衛生費,環境対策費,環境政策費,,,環境計画費,富士・愛鷹山麓地域環境管理計画推進事業費,森林面積等測量ドローン運用,,
衛生費,環境対策費,環境政策費,,,環境計画費,富士・愛鷹山麓地域環境管理計画推進事業費,自然の復元ゾーン植林,,
衛生費,環境対策費,環境政策費,,,環境計画費,富士・愛鷹山麓地域環境管理計画推進事業費,会議、研修会出席者負担金,242,242
衛生費,環境対策費,環境政策費,,,富士・愛鷹山麓地域森林機能保全基金積立費,,,57,10041
衛生費,環境対策費,環境政策費,,,富士・愛鷹山麓地域森林機能保全基金積立費,富士・愛鷹山麓地域森林機能保全基金積立事業費,,,
衛生費,環境対策費,環境政策費,,,富士・愛鷹山麓地域森林機能保全基金積立費,富士・愛鷹山麓地域森林機能保全基金積立事業費,富士・愛鷹山麓地域森林機能保全基金積立金,,
衛生費,環境対策費,環境保全費,,,,,,56169,57534
衛生費,環境対策費,環境保全費,旅費,,,,,217,250
衛生費,環境対策費,環境保全費,旅費,普通旅費,,,,103,103
衛生費,環境対策費,環境保全費,旅費,特別旅費,,,,114,147
衛生費,環境対策費,環境保全費,需用費,,,,,3922,2385
衛生費,環境対策費,環境保全費,需用費,消耗品費,,,,727,727
衛生費,環境対策費,環境保全費,需用費,印刷製本費,,,,267,260
衛生費,環境対策費,環境保全費,需用費,光熱水費,,,,1333,1018
衛生費,環境対策費,環境保全費,需用費,修繕料,,,,1595,380
衛生費,環境対策費,環境保全費,役務費,,,,,1097,522
衛生費,環境対策費,環境保全費,役務費,通信運搬費,,,,717,320
衛生費,環境対策費,環境保全費,役務費,手数料,,,,380,202
衛生費,環境対策費,環境保全費,委託料,,,,,45087,37574
衛生費,環境対策費,環境保全費,使用料及び賃借料,,,,,1821,4115
衛生費,環境対策費,環境保全費,備品購入費,,,,,2378,585
衛生費,環境対策費,環境保全費,負担金、補助及び交付金,,,,,1647,1655
衛生費,環境対策費,環境保全費,負担金、補助及び交付金,負担金,,,,1647,1655
衛生費,環境対策費,環境保全費,,,環境保全費,,,56169,54086
衛生費,環境対策費,環境保全費,,,環境保全費,環境保全事業費,,347,349
衛生費,環境対策費,環境保全費,,,環境保全費,環境保全事業費,県都市環境保全行政研究会負担金,30,30
衛生費,環境対策費,環境保全費,,,環境保全費,環境保全事業費,会議、研修会出席者負担金,12,12
衛生費,環境対策費,環境保全費,,,環境保全費,大気汚染対策費,,30278,28136
衛生費,環境対策費,環境保全費,,,環境保全費,大気汚染対策費,大気汚染常時監視,,
衛生費,環境対策費,環境保全費,,,環境保全費,大気汚染対策費,環境大気中有害物質調査,,
衛生費,環境対策費,環境保全費,,,環境保全費,大気汚染対策費,工場大気立入検査及び指導,,
衛生費,環境対策費,環境保全費,,,環境保全費,大気汚染対策費,県大気測定局電気料負担金,56,5
衛生費,環境対策費,環境保全費,,,環境保全費,大気汚染対策費,会議、研修会出席者負担金,58,125
衛生費,環境対策費,環境保全費,,,環境保全費,悪臭対策費,,1517,1431
衛生費,環境対策費,環境保全費,,,環境保全費,悪臭対策費,工場等悪臭調査,,
衛生費,環境対策費,環境保全費,,,環境保全費,騒音振動対策費,,3323,3469
衛生費,環境対策費,環境保全費,,,環境保全費,騒音振動対策費,幹線道路騒音調査,,
衛生費,環境対策費,環境保全費,,,環境保全費,騒音振動対策費,工場等騒音･振動調査,,
衛生費,環境対策費,環境保全費,,,環境保全費,騒音振動対策費,日本騒音制御工学会負担金,10,10
衛生費,環境対策費,環境保全費,,,環境保全費,騒音振動対策費,会議、研修会出席者負担金,44,36
衛生費,環境対策費,環境保全費,,,環境保全費,水質汚濁対策費,,19239,19236
衛生費,環境対策費,環境保全費,,,環境保全費,水質汚濁対策費,公共用水域及び地下水水質調査,,
衛生費,環境対策費,環境保全費,,,環境保全費,水質汚濁対策費,工場排水等水質調査,,
衛生費,環境対策費,環境保全費,,,環境保全費,水質汚濁対策費,苦情対応有害物質調査,,
衛生費,環境対策費,環境保全費,,,環境保全費,水質汚濁対策費,ダイオキシン類等有害物質調査,,
衛生費,環境対策費,環境保全費,,,環境保全費,水質汚濁対策費,会議、研修会出席者負担金,17,17
衛生費,環境対策費,環境保全費,,,環境保全費,地下水等保全事業費,,1465,1465
衛生費,環境対策費,環境保全費,,,環境保全費,地下水等保全事業費,湧水量調査,,
衛生費,環境対策費,環境保全費,,,環境保全費,地下水等保全事業費,岳南地域地下水利用対策協議会負担金,1420,1420
衛生費,環境対策費,自然保護費,,,,,,14001,15593
衛生費,環境対策費,自然保護費,報酬,,,,,2559,2742
衛生費,環境対策費,自然保護費,職員手当等,,,,,533,606
衛生費,環境対策費,自然保護費,職員手当等,期末手当,,,,459,518
衛生費,環境対策費,自然保護費,職員手当等,勤勉手当,,,,74,88
衛生費,環境対策費,自然保護費,共済費,,,,,448,493
衛生費,環境対策費,自然保護費,旅費,,,,,20,70
衛生費,環境対策費,自然保護費,旅費,普通旅費,,,,20,48
衛生費,環境対策費,自然保護費,需用費,,,,,751,627
衛生費,環境対策費,自然保護費,需用費,消耗品費,,,,323,313
衛生費,環境対策費,自然保護費,需用費,燃料費,,,,12,12
衛生費,環境対策費,自然保護費,需用費,印刷製本費,,,,209,44
衛生費,環境対策費,自然保護費,需用費,修繕料,,,,207,258
衛生費,環境対策費,自然保護費,役務費,,,,,443,488
衛生費,環境対策費,自然保護費,役務費,手数料,,,,125,170
衛生費,環境対策費,自然保護費,役務費,保険料,,,,318,318
衛生費,環境対策費,自然保護費,委託料,,,,,5854,7515
衛生費,環境対策費,自然保護費,使用料及び賃借料,,,,,790,198
衛生費,環境対策費,自然保護費,備品購入費,,,,,403,654
衛生費,環境対策費,自然保護費,負担金、補助及び交付金,,,,,2200,2200
衛生費,環境対策費,自然保護費,負担金、補助及び交付金,補助金,,,,2200,2200
衛生費,環境対策費,自然保護費,,,給与費,,,3540,3841
衛生費,環境対策費,自然保護費,,,給与費,自然巡視員　１１人,,264,264
衛生費,環境対策費,自然保護費,,,給与費,パートタイム会計年度任用職員,,3276,3577
衛生費,環境対策費,自然保護費,,,自然環境保全費,,,7736,8976
衛生費,環境対策費,自然保護費,,,自然環境保全費,自然環境保全事業費,,73,63
衛生費,環境対策費,自然保護費,,,自然環境保全費,自然環境保全事業費,自然公園法許可申請受付,,
衛生費,環境対策費,自然保護費,,,自然環境保全費,富士山麓ブナ林創造事業費,,6208,6650
衛生費,環境対策費,自然保護費,,,自然環境保全費,富士山麓ブナ林創造事業費,ブナ等苗木の植樹,,
衛生費,環境対策費,自然保護費,,,自然環境保全費,富士山麓ブナ林創造事業費,植栽地維持、防護柵設置,,
衛生費,環境対策費,自然保護費,,,自然環境保全費,富士山麓ブナ林創造事業費,自然観察会開催,,
衛生費,環境対策費,自然保護費,,,自然環境保全費,生物多様性地域戦略事業費,,867,1354
衛生費,環境対策費,自然保護費,,,自然環境保全費,生物多様性地域戦略事業費,生物多様性ふじ戦略推進事業,,
衛生費,環境対策費,自然保護費,,,自然環境保全費,鳥獣保護事業費,,588,909
衛生費,環境対策費,自然保護費,,,自然環境保全費,鳥獣保護事業費,鳥獣保護管理法許可申請受付,,
衛生費,環境対策費,自然保護費,,,自然環境保全費,鳥獣保護事業費,野生動物対策,,
衛生費,環境対策費,自然保護費,,,ふるさとの森事業費,,,2725,2776
衛生費,環境対策費,自然保護費,,,ふるさとの森事業費,樹林樹木保護事業費,,2725,2776
衛生費,環境対策費,自然保護費,,,ふるさとの森事業費,樹林樹木保護事業費,保護指定樹林樹木維持管理補助金,2200,2200
衛生費,環境対策費,公害病補償,,,,,,476060,479713
衛生費,環境対策費,公害病補償,報酬,,,,,3098,3195
衛生費,環境対策費,公害病補償,給料,,,,,12725,12030
衛生費,環境対策費,公害病補償,職員手当等当,,,,,7537,7397
衛生費,環境対策費,公害病補償,職員手当等当,扶養手当,,,,105,0
衛生費,環境対策費,公害病補償,職員手当等当,地域手当,,,,382,482
衛生費,環境対策費,公害病補償,職員手当等当,住居手当,,,,45,336
衛生費,環境対策費,公害病補償,職員手当等当,通勤手当,,,,288,220
衛生費,環境対策費,公害病補償,職員手当等当,時間外勤務手,,,,1263,1263
衛生費,環境対策費,公害病補償,職員手当等当,休日勤務手当,,,,50,50
衛生費,環境対策費,公害病補償,職員手当等当,期末手当,,,,2957,2740
衛生費,環境対策費,公害病補償,職員手当等当,勤勉手当,,,,2447,2306
衛生費,環境対策費,公害病補償,共済費,,,,,4113,3991
衛生費,環境対策費,公害病補償,報償費,,,,,21,28
衛生費,環境対策費,公害病補償,旅費,,,,,146,235
衛生費,環境対策費,公害病補償,旅費,費用弁償,,,,65,65
衛生費,環境対策費,公害病補償,旅費,特別旅費,,,,81,170
衛生費,環境対策費,公害病補償,需用費,,,,,502,501
衛生費,環境対策費,公害病補償,需用費,消耗品費,,,,117,117
衛生費,環境対策費,公害病補償,需用費,食糧費,,,,15,14
衛生費,環境対策費,公害病補償,需用費,印刷製本費,,,,370,370
衛生費,環境対策費,公害病補償,役務費,,,,,11681,11071
衛生費,環境対策費,公害病補償,役務費,通信運搬費,,,,733,704
衛生費,環境対策費,公害病補償,役務費,手数料,,,,10939,10362
衛生費,環境対策費,公害病補償,役務費,保険料,,,,9,5
衛生費,環境対策費,公害病補償,委託料,,,,,424,983
衛生費,環境対策費,公害病補償,扶助費,,,,,1548,694
衛生費,環境対策費,公害病補償,補償、補塡及び賠償金塡金,,,,,434264,439581
衛生費,環境対策費,公害病補償,補償、補塡及び賠償金塡金,補償金及び補,,,,434264,439581
衛生費,環境対策費,公害病補償,償還金、利子及び割引料,,,,,1,1
衛生費,環境対策費,公害病補償,,,給与費,,,27538,26678
衛生費,環境対策費,公害病補償,,,給与費,公害健康被害認定審査会委員　８人,,1200,1200
衛生費,環境対策費,公害病補償,,,給与費,公害診療報酬審査会委員　３人,,378,378
衛生費,環境対策費,公害病補償,,,給与費,一般職　３人,,24375,23418
衛生費,環境対策費,公害病補償,,,給与費,パートタイム会計年度任用職員,,1585,1682
衛生費,環境対策費,公害病補償,,,公害病補償給付費,,,446837,452209
衛生費,環境対策費,公害病補償,,,公害病補償給付費,公害病補償給付事務費,,12573,12628
衛生費,環境対策費,公害病補償,,,公害病補償給付費,公害病補償給付事務費,認定更新及び等級見直し,,
衛生費,環境対策費,公害病補償,,,公害病補償給付費,公害病補償給付費,,434264,439581
衛生費,環境対策費,公害病補償,,,公害病補償給付費,公害病補償給付費,公害健康被害の補償等に関する法律分,,
衛生費,環境対策費,公害病補償,,,公害病補償給付費,公害病補償給付費,公害健康被害補償条例分,,
衛生費,環境対策費,公害病補償,,,公害病補償給付費,公害病補償給付費,補償給付費,,
衛生費,環境対策費,公害病補償,,,公害保健福祉対策費,,,1685,826
衛生費,環境対策費,公害病補償,,,公害保健福祉対策費,リハビリテーション事業費,,101,97
衛生費,環境対策費,公害病補償,,,公害保健福祉対策費,リハビリテーション事業費,呼吸機能訓練教室,,
衛生費,環境対策費,公害病補償,,,公害保健福祉対策費,予防接種費用助成費,,1584,729
衛生費,環境対策費,公害病補償,,,公害保健福祉対策費,予防接種費用助成費,インフルエンザ　139人,,0
衛生費,環境対策費,公害病補償,,,公害保健福祉対策費,予防接種費用助成費,新型コロナ　　　115人,,0
衛生費,環境対策費,健康被害予,,,,,,3103,3301
衛生費,環境対策費,健康被害予,報償費,,,,,50,140
衛生費,環境対策費,健康被害予,旅費,,,,,24,24
衛生費,環境対策費,健康被害予,旅費,普通旅費,,,,12,12
衛生費,環境対策費,健康被害予,旅費,特別旅費,,,,12,12
衛生費,環境対策費,健康被害予,需用費,,,,,160,193
衛生費,環境対策費,健康被害予,需用費,消耗品費,,,,51,67
衛生費,環境対策費,健康被害予,需用費,印刷製本費,,,,65,71
衛生費,環境対策費,健康被害予,需用費,医薬材料費,,,,44,55
衛生費,環境対策費,健康被害予,役務費,,,,,340,371
衛生費,環境対策費,健康被害予,役務費,通信運搬費,,,,64,93
衛生費,環境対策費,健康被害予,役務費,手数料,,,,143,143
衛生費,環境対策費,健康被害予,役務費,保険料,,,,133,135
衛生費,環境対策費,健康被害予,委託料,,,,,2236,2236
衛生費,環境対策費,健康被害予,使用料及び賃借料,,,,,293,329
衛生費,環境対策費,健康被害予,,,健康被害予防費,,,3103,3301
衛生費,環境対策費,健康被害予,,,健康被害予防費,機能訓練事業費,,3103,3301
衛生費,環境対策費,健康被害予,,,健康被害予防費,機能訓練事業費,ぜん息児水泳教室（20回）,,0
衛生費,環境対策費,健康被害予,,,健康被害予防費,機能訓練事業費,ぜん息・ＣＯＰＤ講演会,,0
衛生費,病院費,,,,,,,2955852,2948526
衛生費,病院費,病院事業費,,,,,,2955852,2948526
衛生費,病院費,病院事業費,負担金、補助及び交付金,,,,,2334170,2763136
衛生費,病院費,病院事業費,負担金、補助及び交付金,負担金,,,,2069281,2510588
衛生費,病院費,病院事業費,負担金、補助及び交付金,補助金,,,,264889,252548
衛生費,病院費,病院事業費,投資及び出資金,,,,,303140,144625
衛生費,病院費,病院事業費,積立金,,,,,318542,40765
衛生費,病院費,病院事業費,,,中央病院事業費,,,2091140,2353499
衛生費,病院費,病院事業費,,,中央病院事業費,中央病院事業会計負担金等,,2091140,2353499
衛生費,病院費,病院事業費,,,中央病院事業費,中央病院事業会計負担金等,高度医療・救急医療等負担金,1788000,2026840
衛生費,病院費,病院事業費,,,中央病院事業費,中央病院事業会計負担金等,医療器械整備等に係る出資金,303140,0
衛生費,病院費,病院事業費,,,蒲原病院事業費,,,546170,554262
衛生費,病院費,病院事業費,,,蒲原病院事業費,蒲原病院組合負担金,,281281,301714
衛生費,病院費,病院事業費,,,蒲原病院事業費,蒲原病院組合負担金,病院事業費負担金,278985,300142
衛生費,病院費,病院事業費,,,蒲原病院事業費,蒲原病院組合負担金,介護老人保健施設事業費負担金,2296,1572
衛生費,病院費,病院事業費,,,蒲原病院事業費,蒲原病院組合補助金,,264889,252548
衛生費,病院費,病院事業費,,,蒲原病院事業費,蒲原病院組合補助金,当年度欠損金見込分,,
衛生費,病院費,病院事業費,,,新病院建設基金積立費,,,318542,40765
衛生費,病院費,病院事業費,,,新病院建設基金積立費,新病院建設基金積立事業費,,318542,40765
衛生費,病院費,病院事業費,,,新病院建設基金積立費,新病院建設基金積立事業費,新病院建設基金積立金,,
衛生費,上水道費,,,,,,,9078,8864
衛生費,上水道費,上水道事業,,,,,,9078,8864
衛生費,上水道費,上水道事業,負担金、補助及び交付金,,,,,9078,8864
衛生費,上水道費,上水道事業,負担金、補助及び交付金,負担金,,,,9078,8864
衛生費,上水道費,上水道事業,,,上水道事業費,,,9078,8864
衛生費,上水道費,上水道事業,,,上水道事業費,水道事業会計負担金,,9078,8864
衛生費,上水道費,上水道事業,,,上水道事業費,水道事業会計負担金,消火栓等水道使用負担金,5798,5384
衛生費,上水道費,上水道事業,,,上水道事業費,水道事業会計負担金,水道職員児童手当相当額負担金,3280,3480
労働費,,,,,,,,256499,159963
労働費,労働費,,,,,,,256499,159963
労働費,労働費,労政費,,,,,,114424,132209
労働費,労働費,労政費,報酬,,,,,1253,1343
労働費,労働費,労政費,給料,,,,,19305,19614
労働費,労働費,労政費,職員手当等当,,,,,12101,12860
労働費,労働費,労政費,職員手当等当,扶養手当,,,,381,423
労働費,労働費,労政費,職員手当等当,地域手当,,,,588,798
労働費,労働費,労政費,職員手当等当,住居手当,,,,621,684
労働費,労働費,労政費,職員手当等当,通勤手当,,,,507,680
労働費,労働費,労政費,職員手当等当,時間外勤務手,,,,2000,2000
労働費,労働費,労政費,職員手当等当,休日勤務手当,,,,50,50
労働費,労働費,労政費,職員手当等当,期末手当,,,,4481,4640
労働費,労働費,労政費,職員手当等当,勤勉手当,,,,3473,3585
労働費,労働費,労政費,共済費,,,,,6367,6523
労働費,労働費,労政費,報償費,,,,,765,867
労働費,労働費,労政費,旅費,,,,,136,140
労働費,労働費,労政費,旅費,費用弁償,,,,78,78
労働費,労働費,労政費,旅費,普通旅費,,,,58,62
労働費,労働費,労政費,需用費,,,,,415,611
労働費,労働費,労政費,需用費,消耗品費,,,,115,143
労働費,労働費,労政費,需用費,食糧費,,,,1,1
労働費,労働費,労政費,需用費,印刷製本費,,,,299,467
労働費,労働費,労政費,役務費,,,,,88,88
労働費,労働費,労政費,役務費,広告料,,,,88,88
労働費,労働費,労政費,委託料,,,,,8224,20324
労働費,労働費,労政費,負担金、補助及び交付金,,,,,65770,69839
労働費,労働費,労政費,負担金、補助及び交付金,負担金,,,,2953,2950
労働費,労働費,労政費,負担金、補助及び交付金,補助金,,,,62817,66889
労働費,労働費,労政費,,,給与費,,,39104,40418
労働費,労働費,労政費,,,給与費,ふじマイスター選定委員会委員　５人,,38,0
労働費,労働費,労政費,,,給与費,一般職　５人,,37243,38408
労働費,労働費,労政費,,,給与費,パートタイム会計年度任用職員,,1823,1979
労働費,労働費,労政費,,,給与費,パートタイム会計年度任用職員,内職相談員　1人,,0
労働費,労働費,労政費,,,労政対策費,,,28884,38369
労働費,労働費,労政費,,,労政対策費,労政対策事務費,,270,281
労働費,労働費,労政費,,,労政対策費,労政対策事務費,県ｼﾙﾊﾞｰ人材ｾﾝﾀｰ連合会負担金,50,50
労働費,労働費,労政費,,,労政対策費,労働啓発事業費,,9164,16878
労働費,労働費,労政費,,,労政対策費,労働啓発事業費,労働教育講座開催,,
労働費,労働費,労政費,,,労政対策費,労働啓発事業費,キャリア教育支援事業,,
労働費,労働費,労政費,,,労政対策費,労働啓発事業費,出産子育て環境整備企業応援セミナー開催,,0
労働費,労働費,労政費,,,労政対策費,労働啓発事業費,キッズジョブ2025開催負担金,2800,0
労働費,労働費,労政費,,,労政対策費,勤労者福利厚生助成費,,19450,19450
労働費,労働費,労政費,,,労政対策費,勤労者福利厚生助成費,勤労者福祉ｻｰﾋﾞｽｾﾝﾀｰ事業費補助金,19000,19000
労働費,労働費,労政費,,,労政対策費,勤労者福利厚生助成費,富士地区労働者福祉協議会補助金,350,350
労働費,労働費,労政費,,,労政対策費,勤労者福利厚生助成費,連合静岡メーデー補助金,100,100
労働費,労働費,労政費,,,雇用対策費,,,8520,12486
労働費,労働費,労政費,,,雇用対策費,就職支援事業費,,8520,12486
労働費,労働費,労政費,,,雇用対策費,就職支援事業費,学生と企業の交流イベント開催,,
労働費,労働費,労政費,,,雇用対策費,就職支援事業費,人材アシストU-30合同企業説明会開催,,0
労働費,労働費,労政費,,,雇用対策費,就職支援事業費,富士地区合同企業ガイダンス補助金,700,700
労働費,労働費,労政費,,,雇用対策費,就職支援事業費,中小企業等奨学金返還支援補助金,5280,6400
労働費,労働費,労政費,,,雇用対策費,就職支援事業費,高校生のための合同企業説明会負担金,100,100
労働費,労働費,労政費,,,技能振興費,,,1146,1117
労働費,労働費,労政費,,,技能振興費,技能者表彰事業費,,376,437
労働費,労働費,労政費,,,技能振興費,技能者表彰事業費,技能功労者・優秀技能者表彰,,
労働費,労働費,労政費,,,技能振興費,技能者表彰事業費,会議、研修会出席者負担金,3,0
労働費,労働費,労政費,,,技能振興費,技能振興事業費,,679,582
労働費,労働費,労政費,,,技能振興費,技能振興事業費,技能者奨励金,,
労働費,労働費,労政費,,,技能振興費,技能振興事業費,技能職団体連絡協議会補助金,265,265
労働費,労働費,労政費,,,技能振興費,技能振興事業費,技能フェスティバル開催事業補助金,255,255
労働費,労働費,労政費,,,技能振興費,技能振興事業費,全国菓子大博覧会補助金,97,0
労働費,労働費,労政費,,,技能振興費,マイスター事業費,,91,98
労働費,労働費,労政費,,,技能振興費,マイスター事業費,ものづくり教室開催,,
労働費,労働費,労政費,,,勤労者資金貸付費,,,36770,39819
労働費,労働費,労政費,,,勤労者資金貸付費,勤労者住宅建設資金貸付事業費,,32745,35882
労働費,労働費,労政費,,,勤労者資金貸付費,勤労者住宅建設資金貸付事業費,勤労者住宅建設資金利子補給金,32745,35882
労働費,労働費,労政費,,,勤労者資金貸付費,勤労者教育資金貸付事業費,,3709,3664
労働費,労働費,労政費,,,勤労者資金貸付費,勤労者教育資金貸付事業費,勤労者教育資金利子補給金,3709,3664
労働費,労働費,労政費,,,勤労者資金貸付費,勤労者くらしの資金貸付事業費,,316,273
労働費,労働費,労政費,,,勤労者資金貸付費,勤労者くらしの資金貸付事業費,勤労者くらしの資金利子補給金,316,273
労働費,労働費,勤労者総合,,,,,,72993,0
労働費,労働費,勤労者総合,需用費,,,,,30,0
労働費,労働費,勤労者総合,需用費,光熱水費,,,,30,0
労働費,労働費,勤労者総合,役務費,,,,,363,0
労働費,労働費,勤労者総合,役務費,手数料,,,,363,0
労働費,労働費,勤労者総合,工事請負費,,,,,72600,0
労働費,労働費,勤労者総合,,,勤労者総合福祉センター管理費,,,72993,0
労働費,労働費,勤労者総合,,,勤労者総合福祉センター管理費,勤労者総合福祉センター施設管理事業費,,72993,0
労働費,労働費,勤労者総合,,,勤労者総合福祉センター管理費,勤労者総合福祉センター施設管理事業費,勤労者総合福祉センター解体撤去,,0
労働費,労働費,高齢者就業,,,,,,69082,27754
労働費,労働費,高齢者就業,需用費,,,,,5745,1498
労働費,労働費,高齢者就業,需用費,消耗品費,,,,22,22
労働費,労働費,高齢者就業,需用費,印刷製本費,,,,5,0
労働費,労働費,高齢者就業,需用費,光熱水費,,,,1291,1276
労働費,労働費,高齢者就業,需用費,修繕料,,,,4427,200
労働費,労働費,高齢者就業,委託料,,,,,3333,3252
労働費,労働費,高齢者就業,使用料及び賃借料,,,,,4,4
労働費,労働費,高齢者就業,工事請負費,,,,,37000,0
労働費,労働費,高齢者就業,負担金、補助及び交付金,,,,,23000,23000
労働費,労働費,高齢者就業,負担金、補助及び交付金,補助金,,,,23000,23000
労働費,労働費,高齢者就業,,,高齢者就業センター管理費,,,46082,4754
労働費,労働費,高齢者就業,,,高齢者就業センター管理費,高齢者就業センター施設管理事業費,,46082,4754
労働費,労働費,高齢者就業,,,高齢者就業センター管理費,高齢者就業センター施設管理事業費,外壁改修,,0
労働費,労働費,高齢者就業,,,高齢者就業センター管理費,高齢者就業センター施設管理事業費,不特定緊急維持補修,,
労働費,労働費,高齢者就業,,,高齢者就労支援費,,,23000,23000
労働費,労働費,高齢者就業,,,高齢者就労支援費,高齢者就労支援事業費,,23000,23000
労働費,労働費,高齢者就業,,,高齢者就労支援費,高齢者就労支援事業費,シルバー人材センター事業費補助金,23000,23000
農林水産業費,,,,,,,,982157,1010897
農林水産業費,農業費,,,,,,,547555,575433
農林水産業費,農業費,農業委員会,,,,,,46623,49752
農林水産業費,農業費,農業委員会,報酬,,,,,12303,11853
農林水産業費,農業費,農業委員会,給料,,,,,17489,18397
農林水産業費,農業費,農業委員会,職員手当等当,,,,,9259,10985
農林水産業費,農業費,農業委員会,職員手当等当,扶養手当,,,,336,624
農林水産業費,農業費,農業委員会,職員手当等当,地域手当,,,,535,761
農林水産業費,農業費,農業委員会,職員手当等当,通勤手当,,,,200,122
農林水産業費,農業費,農業委員会,職員手当等当,時間外勤務手,,,,751,751
農林水産業費,農業費,農業委員会,職員手当等当,休日勤務手当,,,,50,50
農林水産業費,農業費,農業委員会,職員手当等当,期末手当,,,,4298,4921
農林水産業費,農業費,農業委員会,職員手当等当,勤勉手当,,,,3089,3756
農林水産業費,農業費,農業委員会,共済費,,,,,5749,6091
農林水産業費,農業費,農業委員会,報償費,,,,,10,5
農林水産業費,農業費,農業委員会,旅費,,,,,180,188
農林水産業費,農業費,農業委員会,旅費,費用弁償,,,,149,157
農林水産業費,農業費,農業委員会,旅費,普通旅費,,,,31,31
農林水産業費,農業費,農業委員会,需用費,,,,,415,416
農林水産業費,農業費,農業委員会,需用費,消耗品費,,,,255,260
農林水産業費,農業費,農業委員会,需用費,食糧費,,,,5,5
農林水産業費,農業費,農業委員会,需用費,印刷製本費,,,,155,151
農林水産業費,農業費,農業委員会,役務費,,,,,30,28
農林水産業費,農業費,農業委員会,役務費,通信運搬費,,,,30,28
農林水産業費,農業費,農業委員会,委託料,,,,,528,883
農林水産業費,農業費,農業委員会,負担金、補助及び交付金,,,,,660,906
農林水産業費,農業費,農業委員会,負担金、補助及び交付金,負担金,,,,660,906
農林水産業費,農業費,農業委員会,,,給与費,,,44942,47478
農林水産業費,農業費,農業委員会,,,給与費,農業委員　１９人,,7128,7128
農林水産業費,農業費,農業委員会,,,給与費,農地利用最適化推進委員　２７人,,3380,0
農林水産業費,農業費,農業委員会,,,給与費,一般職　４人,,31851,34601
農林水産業費,農業費,農業委員会,,,給与費,パートタイム会計年度任用職員,,2583,2949
農林水産業費,農業費,農業委員会,,,農業委員会費,,,1681,2274
農林水産業費,農業費,農業委員会,,,農業委員会費,農地法調整事業費,,1384,2183
農林水産業費,農業費,農業委員会,,,農業委員会費,農地法調整事業費,"農業委員会だより発行　　　 2,000部",,
農林水産業費,農業費,農業委員会,,,農業委員会費,農地法調整事業費,農地調査図データ作成,,
農林水産業費,農業費,農業委員会,,,農業委員会費,農地法調整事業費,県農業会議会費,660,660
農林水産業費,農業費,農業委員会,,,農業委員会費,農地利用集積活動事業費,,297,91
農林水産業費,農業費,農業委員会,,,農業委員会費,農地利用集積活動事業費,農地利用集積活動事業,,
農林水産業費,農業費,農業総務費,,,,,,99984,96889
農林水産業費,農業費,農業総務費,報酬,,,,,3043,3244
農林水産業費,農業費,農業総務費,給料,,,,,48243,46318
農林水産業費,農業費,農業総務費,職員手当等当,,,,,31609,31150
農林水産業費,農業費,農業総務費,職員手当等当,管理職手当,,,,797,797
農林水産業費,農業費,農業総務費,職員手当等当,扶養手当,,,,588,358
農林水産業費,農業費,農業総務費,職員手当等当,地域手当,,,,1489,1904
農林水産業費,農業費,農業総務費,職員手当等当,住居手当,,,,969,1259
農林水産業費,農業費,農業総務費,職員手当等当,通勤手当,,,,1311,1180
農林水産業費,農業費,農業総務費,職員手当等当,時間外勤務手,,,,5000,5000
農林水産業費,農業費,農業総務費,職員手当等当,休日勤務手当,,,,330,330
農林水産業費,農業費,農業総務費,職員手当等当,期末手当,,,,11722,11379
農林水産業費,農業費,農業総務費,職員手当等当,勤勉手当,,,,9403,8943
農林水産業費,農業費,農業総務費,共済費,,,,,16868,15971
農林水産業費,農業費,農業総務費,旅費,,,,,163,151
農林水産業費,農業費,農業総務費,旅費,費用弁償,,,,125,122
農林水産業費,農業費,農業総務費,旅費,普通旅費,,,,38,29
農林水産業費,農業費,農業総務費,需用費,,,,,58,55
農林水産業費,農業費,農業総務費,需用費,消耗品費,,,,5,5
農林水産業費,農業費,農業総務費,需用費,印刷製本費,,,,53,50
農林水産業費,農業費,農業総務費,,,給与費,,,99885,96805
農林水産業費,農業費,農業総務費,,,給与費,鳥獣被害対策実施隊員　２３人,,552,0
農林水産業費,農業費,農業総務費,,,給与費,一般職　１２人,,95653,92253
農林水産業費,農業費,農業総務費,,,給与費,パートタイム会計年度任用職員,,3680,3976
農林水産業費,農業費,農業総務費,,,農業管理費,,,99,84
農林水産業費,農業費,農業総務費,,,農業管理費,農業管理事務費,,99,84
農林水産業費,農業費,農業振興費,,,,,,35782,45886
農林水産業費,農業費,農業振興費,報酬,,,,,5729,5967
農林水産業費,農業費,農業振興費,職員手当等,,,,,1336,1448
農林水産業費,農業費,農業振興費,職員手当等,期末手当,,,,1151,1239
農林水産業費,農業費,農業振興費,職員手当等,勤勉手当,,,,185,209
農林水産業費,農業費,農業振興費,共済費,,,,,1051,1161
農林水産業費,農業費,農業振興費,報償費,,,,,262,262
農林水産業費,農業費,農業振興費,旅費,,,,,497,461
農林水産業費,農業費,農業振興費,旅費,費用弁償,,,,230,251
農林水産業費,農業費,農業振興費,旅費,普通旅費,,,,267,210
農林水産業費,農業費,農業振興費,需用費,,,,,619,600
農林水産業費,農業費,農業振興費,需用費,消耗品費,,,,342,308
農林水産業費,農業費,農業振興費,需用費,燃料費,,,,7,7
農林水産業費,農業費,農業振興費,需用費,印刷製本費,,,,270,285
農林水産業費,農業費,農業振興費,役務費,,,,,741,752
農林水産業費,農業費,農業振興費,役務費,通信運搬費,,,,725,736
農林水産業費,農業費,農業振興費,役務費,筆耕翻訳料,,,,16,16
農林水産業費,農業費,農業振興費,委託料,,,,,1690,1880
農林水産業費,農業費,農業振興費,使用料及び賃借料,,,,,548,533
農林水産業費,農業費,農業振興費,負担金、補助及び交付金,,,,,23309,32822
農林水産業費,農業費,農業振興費,負担金、補助及び交付金,負担金,,,,3557,3537
農林水産業費,農業費,農業振興費,負担金、補助及び交付金,補助金,,,,19752,29285
農林水産業費,農業費,農業振興費,,,給与費,,,8337,8818
農林水産業費,農業費,農業振興費,,,給与費,パートタイム会計年度任用職員,,8337,8818
農林水産業費,農業費,農業振興費,,,農業振興費,,,25574,35194
農林水産業費,農業費,農業振興費,,,農業振興費,農業振興地域整備計画事務費,,1430,1606
農林水産業費,農業費,農業振興費,,,農業振興費,農業振興地域整備計画事務費,農用地管理システム保守・データ更新,,
農林水産業費,農業費,農業振興費,,,農業振興費,担い手育成総合支援事業費,,3170,1650
農林水産業費,農業費,農業振興費,,,農業振興費,担い手育成総合支援事業費,新規就農者育成総合対策事業,3000,1500
農林水産業費,農業費,農業振興費,,,農業振興費,担い手育成総合支援事業費,農業再生協議会負担金,170,150
農林水産業費,農業費,農業振興費,,,農業振興費,農業経営支援事業費,,4547,5391
農林水産業費,農業費,農業振興費,,,農業振興費,農業経営支援事業費,農業制度資金利子補給金,307,331
農林水産業費,農業費,農業振興費,,,農業振興費,農業経営支援事業費,環境保全型農業直接支払補助金,2160,3080
農林水産業費,農業費,農業振興費,,,農業振興費,農業経営支援事業費,茶園転換支援事業補助金,930,930
農林水産業費,農業費,農業振興費,,,農業振興費,農業経営支援事業費,６次産業化促進支援事業補助金,300,300
農林水産業費,農業費,農業振興費,,,農業振興費,農業経営支援事業費,農業経営ＧＡＰ認証取得支援補助金,100,0
農林水産業費,農業費,農業振興費,,,農業振興費,農業経営支援事業費,落葉果樹及びかんきつ類,750,750
農林水産業費,農業費,農業振興費,,,農業振興費,農地中間管理事業費,,376,376
農林水産業費,農業費,農業振興費,,,農業振興費,農地中間管理事業費,農地中間管理,,
農林水産業費,農業費,農業振興費,,,農業振興費,農業団体支援事業費,,5027,4977
農林水産業費,農業費,農業振興費,,,農業振興費,農業団体支援事業費,農業振興活動事業補助金,2200,2150
農林水産業費,農業費,農業振興費,,,農業振興費,農業団体支援事業費,県農業共済組合負担金,2792,2792
農林水産業費,農業費,農業振興費,,,農業振興費,農業団体支援事業費,各種団体負担金,35,35
農林水産業費,農業費,農業振興費,,,農業振興費,水田営農振興事業費,,966,984
農林水産業費,農業費,農業振興費,,,農業振興費,水田営農振興事業費,確認野帳管理,,
農林水産業費,農業費,農業振興費,,,農業振興費,茶業推進事業費,,3614,13757
農林水産業費,農業費,農業振興費,,,農業振興費,茶業推進事業費,富士のお茶振興推進事業補助金,873,873
農林水産業費,農業費,農業振興費,,,農業振興費,茶業推進事業費,市茶手揉保存会育成補助金,400,400
農林水産業費,農業費,農業振興費,,,農業振興費,茶業推進事業費,富士のお茶販路拡大支援補助金,1500,1400
農林水産業費,農業費,農業振興費,,,農業振興費,茶業推進事業費,世界緑茶協会負担金,160,160
農林水産業費,農業費,農業振興費,,,農業振興費,茶業推進事業費,おにぎり協会負担金,400,400
農林水産業費,農業費,農業振興費,,,農業振興費,地産地消推進事業費,,120,120
農林水産業費,農業費,農業振興費,,,農業振興費,地産地消推進事業費,学校給食等地場産品導入事業補助金,120,120
農林水産業費,農業費,農業振興費,,,農業振興費,農林水産業表彰事業費,,212,221
農林水産業費,農業費,農業振興費,,,農業振興費,農林水産業表彰事業費,農林水産業表彰,,
農林水産業費,農業費,農業振興費,,,農業振興費,鳥獣被害対策事業費,,6112,6112
農林水産業費,農業費,農業振興費,,,農業振興費,鳥獣被害対策事業費,鳥獣被害防止総合対策事業費補助金,3963,3963
農林水産業費,農業費,農業振興費,,,農業振興費,鳥獣被害対策事業費,農作物被害対策事業補助金,450,450
農林水産業費,農業費,農業振興費,,,農業振興費,鳥獣被害対策事業費,農作物被害対策防除事業費補助金,1300,1400
農林水産業費,農業費,農業振興費,,,農業振興費,鳥獣被害対策事業費,小動物等被害対策捕獲事業補助金,338,238
農林水産業費,農業費,農業振興費,,,農業振興費,鳥獣被害対策事業費,わな猟免許取得費補助金,61,61
農林水産業費,農業費,農業振興費,,,遊休農地活用事業費,,,1871,1874
農林水産業費,農業費,農業振興費,,,遊休農地活用事業費,ファミリー農園事業費,,475,489
農林水産業費,農業費,農業振興費,,,遊休農地活用事業費,ファミリー農園事業費,"農園用農地借上　　7か所　7,231㎡",,
農林水産業費,農業費,農業振興費,,,遊休農地活用事業費,農業アカデミー事業費,,396,385
農林水産業費,農業費,農業振興費,,,遊休農地活用事業費,農業アカデミー事業費,農業アカデミー運営事業,,
農林水産業費,農業費,農業振興費,,,遊休農地活用事業費,農業アカデミー事業費,"農地借上　　　　　1か所　1,262㎡",,
農林水産業費,農業費,農業振興費,,,遊休農地活用事業費,農業アカデミー事業費,農福連携事業,,
農林水産業費,農業費,農業振興費,,,遊休農地活用事業費,荒廃農地再生利用対策事業費,,1000,1000
農林水産業費,農業費,農業振興費,,,遊休農地活用事業費,荒廃農地再生利用対策事業費,荒廃農地再生・集積促進事業費補助金,1000,1000
農林水産業費,農業費,畜産業費,,,,,,75,42
農林水産業費,農業費,畜産業費,旅費,,,,,9,9
農林水産業費,農業費,畜産業費,旅費,普通旅費,,,,9,9
農林水産業費,農業費,畜産業費,需用費,,,,,17,17
農林水産業費,農業費,畜産業費,需用費,消耗品費,,,,17,17
農林水産業費,農業費,畜産業費,負担金、補助及び交付金,,,,,49,16
農林水産業費,農業費,畜産業費,負担金、補助及び交付金,負担金,,,,49,16
農林水産業費,農業費,畜産業費,,,畜産業振興費,,,75,42
農林水産業費,農業費,畜産業費,,,畜産業振興費,畜産業振興事業費,,75,42
農林水産業費,農業費,畜産業費,,,畜産業振興費,畜産業振興事業費,家畜疾病予防消毒薬購入,,
農林水産業費,農業費,畜産業費,,,畜産業振興費,畜産業振興事業費,東部家畜保健衛生推進協議会会費,16,16
農林水産業費,農業費,畜産業費,,,畜産業振興費,畜産業振興事業費,県食肉センター再編整備事業負担金,33,0
農林水産業費,農業費,土地改良費,,,,,,274551,279813
農林水産業費,農業費,土地改良費,給料,,,,,17166,17724
農林水産業費,農業費,土地改良費,職員手当等当,,,,,11266,12436
農林水産業費,農業費,土地改良費,職員手当等当,扶養手当,,,,534,1194
農林水産業費,農業費,土地改良費,職員手当等当,地域手当,,,,531,757
農林水産業費,農業費,土地改良費,職員手当等当,住居手当,,,,672,336
農林水産業費,農業費,土地改良費,職員手当等当,通勤手当,,,,299,377
農林水産業費,農業費,土地改良費,職員手当等当,時間外勤務手,,,,1730,1730
農林水産業費,農業費,土地改良費,職員手当等当,休日勤務手当,,,,50,50
農林水産業費,農業費,土地改良費,職員手当等当,期末手当,,,,4101,4459
農林水産業費,農業費,土地改良費,職員手当等当,勤勉手当,,,,3349,3533
農林水産業費,農業費,土地改良費,共済費,,,,,5680,5871
農林水産業費,農業費,土地改良費,旅費,,,,,52,33
農林水産業費,農業費,土地改良費,旅費,普通旅費,,,,41,22
農林水産業費,農業費,土地改良費,旅費,特別旅費,,,,11,11
農林水産業費,農業費,土地改良費,需用費,,,,,166,166
農林水産業費,農業費,土地改良費,需用費,消耗品費,,,,26,26
農林水産業費,農業費,土地改良費,需用費,印刷製本費,,,,140,140
農林水産業費,農業費,土地改良費,委託料,,,,,10500,3300
農林水産業費,農業費,土地改良費,工事請負費,,,,,42000,52000
農林水産業費,農業費,土地改良費,公有財産購入費,,,,,593,0
農林水産業費,農業費,土地改良費,負担金、補助及び交付金,,,,,187091,180130
農林水産業費,農業費,土地改良費,負担金、補助及び交付金,負担金,,,,10338,7595
農林水産業費,農業費,土地改良費,負担金、補助及び交付金,補助金,,,,176753,172535
農林水産業費,農業費,土地改良費,積立金,,,,,37,33
農林水産業費,農業費,土地改良費,,,給与費,,,34112,36031
農林水産業費,農業費,土地改良費,,,給与費,一般職　４人,,34112,36031
農林水産業費,農業費,土地改良費,,,土地改良管理費,,,531,645
農林水産業費,農業費,土地改良費,,,土地改良管理費,土地改良管理事務費,,531,645
農林水産業費,農業費,土地改良費,,,土地改良管理費,土地改良管理事務費,農道台帳管理事業負担金,30,30
農林水産業費,農業費,土地改良費,,,土地改良管理費,土地改良管理事務費,県土地改良事業団体連合会負担金,138,395
農林水産業費,農業費,土地改良費,,,土地改良管理費,土地改良管理事務費,各種団体負担金,60,60
農林水産業費,農業費,土地改良費,,,土地改良管理費,土地改良管理事務費,会議、研修会出席者負担金,30,30
農林水産業費,農業費,土地改良費,,,団体営土地改良費,,,52969,63420
農林水産業費,農業費,土地改良費,,,団体営土地改良費,農業基盤整備事業費（中川）,,42469,20000
農林水産業費,農業費,土地改良費,,,団体営土地改良費,農業基盤整備事業費（中川）,排水路工      　     　　Ｌ＝50ｍ,,0
農林水産業費,農業費,土地改良費,,,団体営土地改良費,農業基盤整備事業費（中川）,用地取得      　     　　Ａ＝300㎡,,0
農林水産業費,農業費,土地改良費,,,団体営土地改良費,水無し・十一ヶゴム堰整備事業費,,5000,3300
農林水産業費,農業費,土地改良費,,,団体営土地改良費,水無し・十一ヶゴム堰整備事業費,占用・協議資料作成,,0
農林水産業費,農業費,土地改良費,,,団体営土地改良費,ため池等整備事業費（原方池）,,5500,40120
農林水産業費,農業費,土地改良費,,,団体営土地改良費,ため池等整備事業費（原方池）,付替水路測量設計,,0
農林水産業費,農業費,土地改良費,,,県営土地改良事業負担金,,,10000,7000
農林水産業費,農業費,土地改良費,,,県営土地改良事業負担金,農業農村整備調査費（四ケ郷）,,5000,0
農林水産業費,農業費,土地改良費,,,県営土地改良事業負担金,農業農村整備調査費（四ケ郷）,堤体補修基本設計  　     　　50％負担,,0
農林水産業費,農業費,土地改良費,,,県営土地改良事業負担金,農業農村整備調査費（江尾江川２期）,,5000,0
農林水産業費,農業費,土地改良費,,,県営土地改良事業負担金,農業農村整備調査費（江尾江川２期）,除塵機基本設計    　     　　50％負担,,0
農林水産業費,農業費,土地改良費,,,土地改良区助成費,,,144736,140592
農林水産業費,農業費,土地改良費,,,土地改良区助成費,事務費等助成費,,8200,8200
農林水産業費,農業費,土地改良費,,,土地改良区助成費,事務費等助成費,浮島土地改良区事務費補助金,1900,1900
農林水産業費,農業費,土地改良費,,,土地改良区助成費,事務費等助成費,富士東部土地改良区事務費補助金,6300,6300
農林水産業費,農業費,土地改良費,,,土地改良区助成費,農業施設管理助成費,,20197,20000
農林水産業費,農業費,土地改良費,,,土地改良区助成費,農業施設管理助成費,富士川用水共用施設維持管理費,,
農林水産業費,農業費,土地改良費,,,土地改良区助成費,水利施設保全高度化事業助成費（江尾）,,15000,15000
農林水産業費,農業費,土地改良費,,,土地改良区助成費,水利施設保全高度化事業助成費（江尾）,水利施設保全高度化事業補助金,,
農林水産業費,農業費,土地改良費,,,土地改良区助成費,水利施設保全高度化事業助成費（間門）,,3750,4125
農林水産業費,農業費,土地改良費,,,土地改良区助成費,水利施設保全高度化事業助成費（間門）,水利施設保全高度化事業補助金,,
農林水産業費,農業費,土地改良費,,,土地改良区助成費,水利施設保全高度化事業助成費（浮島）,,22400,21000
農林水産業費,農業費,土地改良費,,,土地改良区助成費,水利施設保全高度化事業助成費（浮島）,水利施設保全高度化事業補助金,,
農林水産業費,農業費,土地改良費,,,土地改良区助成費,水利施設整備事業助成費（富士東部）,,7974,4764
農林水産業費,農業費,土地改良費,,,土地改良区助成費,水利施設整備事業助成費（富士東部）,水利施設整備事業補助金,,
農林水産業費,農業費,土地改良費,,,土地改良区助成費,農林漁業資金償還助成費,,67215,67503
農林水産業費,農業費,土地改良費,,,土地改良区助成費,農林漁業資金償還助成費,農林漁業資金償還補助金（元金）,66469,66818
農林水産業費,農業費,土地改良費,,,土地改良区助成費,農林漁業資金償還助成費,農林漁業資金償還補助金（利子）,746,685
農林水産業費,農業費,土地改良費,,,農用地地域共同活動費,,,32166,32092
農林水産業費,農業費,土地改良費,,,農用地地域共同活動費,農用地地域共同活動事業費,,32166,32092
農林水産業費,農業費,土地改良費,,,農用地地域共同活動費,農用地地域共同活動事業費,農地・農業用水等の保全活動,,
農林水産業費,農業費,土地改良費,,,農用地地域共同活動費,農用地地域共同活動事業費,多面的機能支払補助金,32017,31943
農林水産業費,農業費,土地改良費,,,農用地地域共同活動費,農用地地域共同活動事業費,ふじのくに美しく品格のある,80,80
農林水産業費,農業費,土地改良費,,,ふるさと・水と土基金積立費,,,37,33
農林水産業費,農業費,土地改良費,,,ふるさと・水と土基金積立費,ふるさと・水と土基金積立事業費,,37,33
農林水産業費,農業費,土地改良費,,,ふるさと・水と土基金積立費,ふるさと・水と土基金積立事業費,ふるさと・水と土基金積立金,,
農林水産業費,農業費,農業施設管,,,,,,90540,103051
農林水産業費,農業費,農業施設管,旅費,,,,,36,47
農林水産業費,農業費,農業施設管,旅費,普通旅費,,,,10,10
農林水産業費,農業費,農業施設管,旅費,特別旅費,,,,26,37
農林水産業費,農業費,農業施設管,需用費,,,,,16318,18699
農林水産業費,農業費,農業施設管,需用費,消耗品費,,,,160,197
農林水産業費,農業費,農業施設管,需用費,燃料費,,,,16,16
農林水産業費,農業費,農業施設管,需用費,光熱水費,,,,12943,13470
農林水産業費,農業費,農業施設管,需用費,修繕料,,,,3199,5016
農林水産業費,農業費,農業施設管,役務費険料,,,,,1312,0
農林水産業費,農業費,農業施設管,役務費険料,通信運搬費,,,,1249,0
農林水産業費,農業費,農業施設管,役務費険料,手数料,,,,21,0
農林水産業費,農業費,農業施設管,役務費険料,保険料,,,,23,0
農林水産業費,農業費,農業施設管,役務費険料,自動車損害保,,,,19,0
農林水産業費,農業費,農業施設管,委託料,,,,,16552,17135
農林水産業費,農業費,農業施設管,工事請負費,,,,,53500,62700
農林水産業費,農業費,農業施設管,原材料費,,,,,570,570
農林水産業費,農業費,農業施設管,公有財産購入費,,,,,200,150
農林水産業費,農業費,農業施設管,備品購入費,,,,,2000,2329
農林水産業費,農業費,農業施設管,負担金、補助及び交付金,,,,,45,78
農林水産業費,農業費,農業施設管,負担金、補助及び交付金,負担金,,,,45,78
農林水産業費,農業費,農業施設管,公課費,,,,,7,0
農林水産業費,農業費,農業施設管,,,農業施設管理費,,,90540,103051
農林水産業費,農業費,農業施設管,,,農業施設管理費,農道管理費,,49922,55753
農林水産業費,農業費,農業施設管,,,農業施設管理費,農道管理費,農道等農業施設維持修繕,,
農林水産業費,農業費,農業施設管,,,農業施設管理費,農道管理費,会議、研修会出席者負担金,45,78
農林水産業費,農業費,農業施設管,,,農業施設管理費,農業用水・排水施設管理事業費,,22818,25798
農林水産業費,農業費,農業施設管,,,農業施設管理費,農業用水・排水施設管理事業費,農業用施設の管理,,
農林水産業費,農業費,農業施設管,,,農業施設管理費,農業用水・排水施設管理事業費,排水機場等の運転,,
農林水産業費,農業費,農業施設管,,,農業施設管理費,農免富士川線落石防止柵設置事業費,,7900,5000
農林水産業費,農業費,農業施設管,,,農業施設管理費,農免富士川線落石防止柵設置事業費,落石防止柵設置工　　　Ｌ＝29ｍ,,0
農林水産業費,農業費,農業施設管,,,農業施設管理費,農地浸水対策事業費,,9900,11500
農林水産業費,農業費,農業施設管,,,農業施設管理費,農地浸水対策事業費,水路・調整池浚渫工,,0
農林水産業費,林業費,,,,,,,431652,432880
農林水産業費,林業費,林業総務費,,,,,,58135,61191
農林水産業費,林業費,林業総務費,給料,,,,,26925,28128
農林水産業費,林業費,林業総務費,職員手当等当,,,,,18901,20205
農林水産業費,林業費,林業総務費,職員手当等当,管理職手当,,,,797,797
農林水産業費,林業費,林業総務費,職員手当等当,扶養手当,,,,588,744
農林水産業費,林業費,林業総務費,職員手当等当,地域手当,,,,850,1187
農林水産業費,林業費,林業総務費,職員手当等当,住居手当,,,,306,306
農林水産業費,林業費,林業総務費,職員手当等当,通勤手当,,,,542,501
農林水産業費,林業費,林業総務費,職員手当等当,時間外勤務手,,,,4000,4000
農林水産業費,林業費,林業総務費,職員手当等当,休日勤務手当,,,,50,50
農林水産業費,林業費,林業総務費,職員手当等当,期末手当,,,,6453,6927
農林水産業費,林業費,林業総務費,職員手当等当,勤勉手当,,,,5315,5693
農林水産業費,林業費,林業総務費,共済費,,,,,9343,9887
農林水産業費,林業費,林業総務費,報償費,,,,,360,360
農林水産業費,林業費,林業総務費,旅費,,,,,99,101
農林水産業費,林業費,林業総務費,旅費,普通旅費,,,,48,48
農林水産業費,林業費,林業総務費,旅費,特別旅費,,,,51,53
農林水産業費,林業費,林業総務費,需用費,,,,,22,22
農林水産業費,林業費,林業総務費,需用費,消耗品費,,,,22,22
農林水産業費,林業費,林業総務費,委託料,,,,,48,48
農林水産業費,林業費,林業総務費,原材料費,,,,,116,105
農林水産業費,林業費,林業総務費,負担金、補助及び交付金,,,,,2321,2335
農林水産業費,林業費,林業総務費,負担金、補助及び交付金,負担金,,,,1421,1435
農林水産業費,林業費,林業総務費,負担金、補助及び交付金,補助金,,,,900,900
農林水産業費,林業費,林業総務費,,,給与費,,,55169,58220
農林水産業費,林業費,林業総務費,,,給与費,一般職　６人,,55169,58220
農林水産業費,林業費,林業総務費,,,林業管理費,,,2966,2971
農林水産業費,林業費,林業総務費,,,林業管理費,林業管理事務費,,1520,1536
農林水産業費,林業費,林業総務費,,,林業管理費,林業管理事務費,県山林協会負担金,572,576
農林水産業費,林業費,林業総務費,,,林業管理費,林業管理事務費,富士流域林業活性化センター負担金,282,282
農林水産業費,林業費,林業総務費,,,林業管理費,林業管理事務費,富士地区林業振興対策協議会負担金,557,557
農林水産業費,林業費,林業総務費,,,林業管理費,林業管理事務費,会議、研修会出席者負担金,10,20
農林水産業費,林業費,林業総務費,,,林業管理費,山林保護対策事業費,,1446,1435
農林水産業費,林業費,林業総務費,,,林業管理費,山林保護対策事業費,山林監視員　3人,,
農林水産業費,林業費,林業総務費,,,林業管理費,山林保護対策事業費,林野火災予防事業補助金,250,250
農林水産業費,林業費,林業総務費,,,林業管理費,山林保護対策事業費,有害鳥獣駆除事業補助金,450,450
農林水産業費,林業費,林業総務費,,,林業管理費,山林保護対策事業費,田子浦海岸保安林を守る会補助金,200,200
農林水産業費,林業費,林業振興費,,,,,,220484,219036
農林水産業費,林業費,林業振興費,報酬,,,,,2724,2812
農林水産業費,林業費,林業振興費,職員手当等,,,,,637,690
農林水産業費,林業費,林業振興費,職員手当等,期末手当,,,,549,590
農林水産業費,林業費,林業振興費,職員手当等,勤勉手当,,,,88,100
農林水産業費,林業費,林業振興費,共済費,,,,,535,511
農林水産業費,林業費,林業振興費,報償費,,,,,56,56
農林水産業費,林業費,林業振興費,旅費,,,,,362,401
農林水産業費,林業費,林業振興費,旅費,費用弁償,,,,100,100
農林水産業費,林業費,林業振興費,旅費,普通旅費,,,,118,182
農林水産業費,林業費,林業振興費,旅費,特別旅費,,,,144,119
農林水産業費,林業費,林業振興費,需用費,,,,,1025,907
農林水産業費,林業費,林業振興費,需用費,消耗品費,,,,417,387
農林水産業費,林業費,林業振興費,需用費,燃料費,,,,40,42
農林水産業費,林業費,林業振興費,需用費,印刷製本費,,,,238,148
農林水産業費,林業費,林業振興費,需用費,修繕料,,,,330,330
農林水産業費,林業費,林業振興費,役務費,,,,,1663,1676
農林水産業費,林業費,林業振興費,役務費,広告料,,,,1500,1500
農林水産業費,林業費,林業振興費,役務費,手数料,,,,57,65
農林水産業費,林業費,林業振興費,役務費,保険料,,,,106,111
農林水産業費,林業費,林業振興費,委託料,,,,,69031,73170
農林水産業費,林業費,林業振興費,使用料及び賃借料,,,,,182,314
農林水産業費,林業費,林業振興費,原材料費,,,,,1589,1459
農林水産業費,林業費,林業振興費,負担金、補助及び交付金,,,,,61744,56824
農林水産業費,林業費,林業振興費,負担金、補助及び交付金,負担金,,,,526,7499
農林水産業費,林業費,林業振興費,負担金、補助及び交付金,補助金,,,,61218,49325
農林水産業費,林業費,林業振興費,積立金,,,,,80936,79024
農林水産業費,林業費,林業振興費,,,給与費,,,3996,4113
農林水産業費,林業費,林業振興費,,,給与費,パートタイム会計年度任用職員,,3996,4113
農林水産業費,林業費,林業振興費,,,林業振興費,,,70086,55886
農林水産業費,林業費,林業振興費,,,林業振興費,森林被害木対策事業費,,28969,32940
農林水産業費,林業費,林業振興費,,,林業振興費,森林被害木対策事業費,松くい虫被害木伐倒破砕　　　　 180㎥,,0
農林水産業費,林業費,林業振興費,,,林業振興費,森林被害木対策事業費,松くい虫防除薬剤散布（年2回）47.15ha,,
農林水産業費,林業費,林業振興費,,,林業振興費,森林被害木対策事業費,松くい虫・塩害被害木調査,,
農林水産業費,林業費,林業振興費,,,林業振興費,森林被害木対策事業費,塩害被害木除去　　　　　　　 　 10㎥,,
農林水産業費,林業費,林業振興費,,,林業振興費,森林被害木対策事業費,被害木除去に伴う補植　　　　　 400本,,
農林水産業費,林業費,林業振興費,,,林業振興費,森林被害木対策事業費,海岸保安林保護,,
農林水産業費,林業費,林業振興費,,,林業振興費,造林育成事業費,,5834,3522
農林水産業費,林業費,林業振興費,,,林業振興費,造林育成事業費,森林保険料　　　　　　　　 　 7.48ha,,0
農林水産業費,林業費,林業振興費,,,林業振興費,造林育成事業費,施業管理,,
農林水産業費,林業費,林業振興費,,,林業振興費,造林育成事業費,会議、研修会出席者負担金,471,439
農林水産業費,林業費,林業振興費,,,林業振興費,林業振興事業費,,33605,17795
農林水産業費,林業費,林業振興費,,,林業振興費,林業振興事業費,林地保全事業補助金 　　　制水工120基,480,480
農林水産業費,林業費,林業振興費,,,林業振興費,林業振興事業費,造林事業補助金（新植）　　　  0.70ha,77,0
農林水産業費,林業費,林業振興費,,,林業振興費,林業振興事業費,造林事業補助金（間伐）　　　142.00ha,10650,0
農林水産業費,林業費,林業振興費,,,林業振興費,林業振興事業費,造林事業補助金（下刈）　 　 　2.10ha,38,0
農林水産業費,林業費,林業振興費,,,林業振興費,林業振興事業費,造林事業補助金（森林作業道開設）,3000,3000
農林水産業費,林業費,林業振興費,,,林業振興費,林業振興事業費,しずおか林業再生プロジェクト推進事業,,
農林水産業費,林業費,林業振興費,,,林業振興費,林業振興事業費,みなと森と水ネットワーク会議負担金,50,50
農林水産業費,林業費,林業振興費,,,林業振興費,林業振興事業費,会議、研修会出席者負担金,5,10
農林水産業費,林業費,林業振興費,,,林業振興費,林業センター管理事業費,,759,759
農林水産業費,林業費,林業振興費,,,林業振興費,林業センター管理事業費,維持管理,,
農林水産業費,林業費,林業振興費,,,林業振興費,森林ふれあい事業費,,919,870
農林水産業費,林業費,林業振興費,,,林業振興費,森林ふれあい事業費,木工教室（市内・都内イベント）,,
農林水産業費,林業費,林業振興費,,,森林経営管理費,,,65466,80013
農林水産業費,林業費,林業振興費,,,森林経営管理費,森林経営管理事業費,,65466,80013
農林水産業費,林業費,林業振興費,,,森林経営管理費,森林経営管理事業費,経営管理権集積計画作成,,
農林水産業費,林業費,林業振興費,,,森林経営管理費,森林経営管理事業費,富士ヒノキＰＲ事業,,
農林水産業費,林業費,林業振興費,,,森林経営管理費,森林経営管理事業費,富士ヒノキ製玩具贈呈事業（6か月児・5歳児）,,
農林水産業費,林業費,林業振興費,,,森林経営管理費,森林経営管理事業費,林業見学・体験学習事業,,
農林水産業費,林業費,林業振興費,,,森林経営管理費,森林経営管理事業費,富士ヒノキ・市有林利活用調査研究事業,,
農林水産業費,林業費,林業振興費,,,森林経営管理費,森林経営管理事業費,市庁舎窓口木質化事業,,
農林水産業費,林業費,林業振興費,,,森林経営管理費,森林経営管理事業費,富士地域材使用住宅取得費補助金,23100,20400
農林水産業費,林業費,林業振興費,,,森林経営管理費,森林経営管理事業費,富士地域材使用非住宅建築物,1400,9120
農林水産業費,林業費,林業振興費,,,森林経営管理費,森林経営管理事業費,林業就業者人材確保事業補助金,3750,3750
農林水産業費,林業費,林業振興費,,,森林環境基金積立費,,,80936,79024
農林水産業費,林業費,林業振興費,,,森林環境基金積立費,森林環境基金積立事業費,,80936,79024
農林水産業費,林業費,林業振興費,,,森林環境基金積立費,森林環境基金積立事業費,森林環境基金積立金,,
農林水産業費,林業費,林道維持修,,,,,,53318,48482
農林水産業費,林業費,林道維持修,旅費,,,,,13,13
農林水産業費,林業費,林道維持修,旅費,特別旅費,,,,13,13
農林水産業費,林業費,林道維持修,委託料,,,,,36880,25303
農林水産業費,林業費,林道維持修,工事請負費,,,,,15182,21785
農林水産業費,林業費,林道維持修,原材料費,,,,,1242,1380
農林水産業費,林業費,林道維持修,負担金、補助及び交付金,,,,,1,1
農林水産業費,林業費,林道維持修,負担金、補助及び交付金,負担金,,,,1,1
農林水産業費,林業費,林道維持修,,,林道維持修繕費,,,53318,48482
農林水産業費,林業費,林道維持修,,,林道維持修繕費,林道維持管理事業費,,34624,45568
農林水産業費,林業費,林道維持修,,,林道維持修繕費,林道維持管理事業費,林道維持管理,,
農林水産業費,林業費,林道維持修,,,林道維持修繕費,林道維持管理事業費,林道ゲート設置,,
農林水産業費,林業費,林道維持修,,,林道維持修繕費,橋梁維持修繕事業費,,18694,2914
農林水産業費,林業費,林道維持修,,,林道維持修繕費,橋梁維持修繕事業費,林道橋梁点検,,
農林水産業費,林業費,林道維持修,,,林道維持修繕費,橋梁維持修繕事業費,林道橋梁補修工,,
農林水産業費,林業費,林道維持修,,,林道維持修繕費,橋梁維持修繕事業費,会議、研修会出席者負担金,1,1
農林水産業費,林業費,林業施設整,,,,,,76901,78521
農林水産業費,林業費,林業施設整,給料,,,,,7925,8529
農林水産業費,林業費,林業施設整,職員手当等当,,,,,6101,6756
農林水産業費,林業費,林業施設整,職員手当等当,扶養手当,,,,612,744
農林水産業費,林業費,林業施設整,職員手当等当,地域手当,,,,257,371
農林水産業費,林業費,林業施設整,職員手当等当,通勤手当,,,,178,178
農林水産業費,林業費,林業施設整,職員手当等当,時間外勤務手,,,,1552,1552
農林水産業費,林業費,林業施設整,職員手当等当,休日勤務手当,,,,50,50
農林水産業費,林業費,林業施設整,職員手当等当,期末手当,,,,1936,2171
農林水産業費,林業費,林業施設整,職員手当等当,勤勉手当,,,,1516,1690
農林水産業費,林業費,林業施設整,共済費,,,,,2986,3178
農林水産業費,林業費,林業施設整,旅費,,,,,107,102
農林水産業費,林業費,林業施設整,旅費,普通旅費,,,,105,100
農林水産業費,林業費,林業施設整,旅費,特別旅費,,,,2,2
農林水産業費,林業費,林業施設整,需用費,,,,,1280,1280
農林水産業費,林業費,林業施設整,需用費,消耗品費,,,,750,750
農林水産業費,林業費,林業施設整,需用費,印刷製本費,,,,500,500
農林水産業費,林業費,林業施設整,需用費,修繕料,,,,30,30
農林水産業費,林業費,林業施設整,委託料,,,,,1300,1300
農林水産業費,林業費,林業施設整,工事請負費,,,,,40980,40980
農林水産業費,林業費,林業施設整,負担金、補助及び交付金,,,,,16222,16224
農林水産業費,林業費,林業施設整,負担金、補助及び交付金,負担金,,,,16222,16224
農林水産業費,林業費,林業施設整,,,給与費,,,17012,18463
農林水産業費,林業費,林業施設整,,,給与費,一般職　２人,,17012,18463
農林水産業費,林業費,林業施設整,,,県単林道整備費,,,36480,36480
農林水産業費,林業費,林業施設整,,,県単林道整備費,愛鷹線舗装事業費,,24760,24760
農林水産業費,林業費,林業施設整,,,県単林道整備費,愛鷹線舗装事業費,舗装　　　　　　Ｌ＝557ｍ　Ｗ＝5.0ｍ,,0
農林水産業費,林業費,林業施設整,,,県単林道整備費,間門線舗装事業費,,11720,11720
農林水産業費,林業費,林業施設整,,,県単林道整備費,間門線舗装事業費,舗装　　　　　　Ｌ＝370ｍ　Ｗ＝4.0ｍ,,0
農林水産業費,林業費,林業施設整,,,県営林道整備事業負担金,,,17010,17010
農林水産業費,林業費,林業施設整,,,県営林道整備事業負担金,吉津金丸線改良事業費,,17010,17010
農林水産業費,林業費,林業施設整,,,県営林道整備事業負担金,吉津金丸線改良事業費,県営事業負担金　Ｌ＝107ｍ　 1／3負担,16210,0
農林水産業費,林業費,林業施設整,,,単独林道整備費,,,5000,5000
農林水産業費,林業費,林業施設整,,,単独林道整備費,丸火公園線改良事業費,,5000,5000
農林水産業費,林業費,林業施設整,,,単独林道整備費,丸火公園線改良事業費,舗装　　　　　　Ｌ＝60ｍ　Ｗ＝4.0ｍ,,0
農林水産業費,林業費,林業施設整,,,事業事務費,,,1399,1568
農林水産業費,林業費,林業施設整,,,事業事務費,事業事務費,,1399,1568
農林水産業費,林業費,林業施設整,,,事業事務費,事業事務費,会議、研修会出席者負担金,12,14
農林水産業費,林業費,保健休養林,,,,,,22814,25650
農林水産業費,林業費,保健休養林,需用費,,,,,6578,6136
農林水産業費,林業費,保健休養林,需用費,消耗品費,,,,32,45
農林水産業費,林業費,保健休養林,需用費,燃料費,,,,2,2
農林水産業費,林業費,保健休養林,需用費,光熱水費,,,,126,120
農林水産業費,林業費,保健休養林,需用費,修繕料,,,,6418,5969
農林水産業費,林業費,保健休養林,役務費,,,,,264,264
農林水産業費,林業費,保健休養林,役務費,手数料,,,,264,264
農林水産業費,林業費,保健休養林,委託料,,,,,13600,14200
農林水産業費,林業費,保健休養林,工事請負費,,,,,2322,5000
農林水産業費,林業費,保健休養林,負担金、補助及び交付金,,,,,50,50
農林水産業費,林業費,保健休養林,負担金、補助及び交付金,負担金,,,,50,50
農林水産業費,林業費,保健休養林,,,保健休養林管理費,,,20848,25650
農林水産業費,林業費,保健休養林,,,保健休養林管理費,保健休養林運営管理事業費,,20848,25650
農林水産業費,林業費,保健休養林,,,保健休養林管理費,保健休養林運営管理事業費,丸火自然公園施設維持管理（指定管理）,,
農林水産業費,林業費,保健休養林,,,保健休養林管理費,保健休養林運営管理事業費,野田山健康緑地公園施設維持管理（指定管理）,,
農林水産業費,林業費,保健休養林,,,保健休養林管理費,保健休養林運営管理事業費,須津山休養林施設維持管理,,
農林水産業費,林業費,保健休養林,,,保健休養林管理費,保健休養林運営管理事業費,はたご池公園施設維持管理,,
農林水産業費,林業費,保健休養林,,,保健休養林管理費,保健休養林運営管理事業費,休養林内施設整備,,
農林水産業費,林業費,保健休養林,,,保健休養林管理費,保健休養林運営管理事業費,東海自然遊歩道連絡協議会負担金,50,50
農林水産業費,林業費,保健休養林,,,保健休養林施設整備費,,,1966,0
農林水産業費,林業費,保健休養林,,,保健休養林施設整備費,野田山健康緑地公園整備事業費,,1966,0
農林水産業費,林業費,保健休養林,,,保健休養林施設整備費,野田山健康緑地公園整備事業費,揚水ポンプ改修,,0
農林水産業費,水産業費,,,,,,,2950,2584
農林水産業費,水産業費,水産業振興,,,,,,2950,2584
農林水産業費,水産業費,水産業振興,旅費,,,,,51,35
農林水産業費,水産業費,水産業振興,旅費,普通旅費,,,,51,35
農林水産業費,水産業費,水産業振興,需用費,,,,,184,184
農林水産業費,水産業費,水産業振興,需用費,光熱水費,,,,114,114
農林水産業費,水産業費,水産業振興,需用費,修繕料,,,,70,70
農林水産業費,水産業費,水産業振興,委託料,,,,,1259,1293
農林水産業費,水産業費,水産業振興,使用料及び賃借料,,,,,8,0
農林水産業費,水産業費,水産業振興,負担金、補助及び交付金,,,,,1448,1072
農林水産業費,水産業費,水産業振興,負担金、補助及び交付金,負担金,,,,409,390
農林水産業費,水産業費,水産業振興,負担金、補助及び交付金,補助金,,,,1039,682
農林水産業費,水産業費,水産業振興,,,水産業振興費,,,2950,2584
農林水産業費,水産業費,水産業振興,,,水産業振興費,水産業振興事業費,,2656,2295
農林水産業費,水産業費,水産業振興,,,水産業振興費,水産業振興事業費,漁港駐車場トイレ管理,,
農林水産業費,水産業費,水産業振興,,,水産業振興費,水産業振興事業費,田子の浦しらすＰＲ事業,,
農林水産業費,水産業費,水産業振興,,,水産業振興費,水産業振興事業費,水産振興推進協議会補助金,500,500
農林水産業費,水産業費,水産業振興,,,水産業振興費,水産業振興事業費,漁業近代化資金利子補給補助金,539,182
農林水産業費,水産業費,水産業振興,,,水産業振興費,水産業振興事業費,各種団体負担金,123,109
農林水産業費,水産業費,水産業振興,,,水産業振興費,水産資源確保育成事業費,,294,289
農林水産業費,水産業費,水産業振興,,,水産業振興費,水産資源確保育成事業費,富士川下流市連絡会負担金,111,106
農林水産業費,水産業費,水産業振興,,,水産業振興費,水産資源確保育成事業費,マダイ稚魚放流事業負担金,175,175
商工費,,,,,,,,4156662,5525329
商工費,商工費,,,,,,,4156662,5525329
商工費,商工費,産業政策総,,,,,,419805,406760
商工費,商工費,産業政策総,報酬,,,,,4761,5082
商工費,商工費,産業政策総,給料,,,,,192386,185227
商工費,商工費,産業政策総,職員手当等当,,,,,150112,148058
商工費,商工費,産業政策総,職員手当等当,管理職手当,,,,5561,5561
商工費,商工費,産業政策総,職員手当等当,扶養手当,,,,7334,6727
商工費,商工費,産業政策総,職員手当等当,地域手当,,,,7944,9608
商工費,商工費,産業政策総,職員手当等当,住居手当,,,,1037,1136
商工費,商工費,産業政策総,職員手当等当,通勤手当,,,,5937,5820
商工費,商工費,産業政策総,職員手当等当,時間外勤務手,,,,36220,34000
商工費,商工費,産業政策総,職員手当等当,休日勤務手当,,,,1000,1000
商工費,商工費,産業政策総,職員手当等当,期末手当,,,,47370,46757
商工費,商工費,産業政策総,職員手当等当,勤勉手当,,,,37709,37449
商工費,商工費,産業政策総,共済費,,,,,70705,66428
商工費,商工費,産業政策総,旅費,,,,,674,886
商工費,商工費,産業政策総,旅費,費用弁償,,,,174,386
商工費,商工費,産業政策総,旅費,普通旅費,,,,500,500
商工費,商工費,産業政策総,需用費,,,,,1155,1067
商工費,商工費,産業政策総,需用費,消耗品費,,,,351,361
商工費,商工費,産業政策総,需用費,食糧費,,,,4,6
商工費,商工費,産業政策総,需用費,印刷製本費,,,,800,700
商工費,商工費,産業政策総,使用料及び賃借料,,,,,12,12
商工費,商工費,産業政策総,,,給与費,,,418120,405154
商工費,商工費,産業政策総,,,給与費,工業振興会議委員　１０人,,152,228
商工費,商工費,産業政策総,,,給与費,富士山麓環境共生事業事業者選定審査会委員　５人,,,0
商工費,商工費,産業政策総,,,給与費,一般職　４５人,,411322,0
商工費,商工費,産業政策総,,,給与費,パートタイム会計年度任用職員,,6524,7357
商工費,商工費,産業政策総,,,産業政策管理費,,,1685,1606
商工費,商工費,産業政策総,,,産業政策管理費,産業政策管理事務費,,1685,1606
商工費,商工費,産業政策総,,,産業政策管理費,産業政策管理事務費,工業振興会議開催,,
商工費,商工費,産業政策推,,,,,,3077468,4180346
商工費,商工費,産業政策推,旅費,,,,,922,1098
商工費,商工費,産業政策推,旅費,費用弁償,,,,12,0
商工費,商工費,産業政策推,旅費,普通旅費,,,,747,913
商工費,商工費,産業政策推,旅費,特別旅費,,,,163,185
商工費,商工費,産業政策推,需用費,,,,,3824,278
商工費,商工費,産業政策推,需用費,消耗品費,,,,128,128
商工費,商工費,産業政策推,需用費,食糧費,,,,3,0
商工費,商工費,産業政策推,需用費,印刷製本費,,,,193,150
商工費,商工費,産業政策推,需用費,光熱水費,,,,3500,0
商工費,商工費,産業政策推,役務費,,,,,601322,720065
商工費,商工費,産業政策推,役務費,通信運搬費,,,,40,40
商工費,商工費,産業政策推,役務費,広告料,,,,25,25
商工費,商工費,産業政策推,役務費,手数料,,,,601257,720000
商工費,商工費,産業政策推,委託料,,,,,1933780,2221568
商工費,商工費,産業政策推,使用料及び賃借料,,,,,1369,1369
商工費,商工費,産業政策推,負担金、補助及び交付金,,,,,536251,765968
商工費,商工費,産業政策推,負担金、補助及び交付金,負担金,,,,466,479
商工費,商工費,産業政策推,負担金、補助及び交付金,補助金,,,,535785,765489
商工費,商工費,産業政策推,,,産業政策推進費,,,3077468,3710346
商工費,商工費,産業政策推,,,産業政策推進費,企業立地推進事業費,,625896,768765
商工費,商工費,産業政策推,,,産業政策推進費,企業立地推進事業費,新工業団地整備事業,,0
商工費,商工費,産業政策推,,,産業政策推進費,企業立地推進事業費,工場敷地等活用状況調査,,0
商工費,商工費,産業政策推,,,産業政策推進費,企業立地推進事業費,富士山フロント工業団地南側交差点,,
商工費,商工費,産業政策推,,,産業政策推進費,企業立地推進事業費,富士山麓環境共生事業,,0
商工費,商工費,産業政策推,,,産業政策推進費,企業立地推進事業費,企業立地促進奨励金,385380,427629
商工費,商工費,産業政策推,,,産業政策推進費,企業立地推進事業費,ものづくり力向上事業補助金,140251,331040
商工費,商工費,産業政策推,,,産業政策推進費,企業立地推進事業費,本社機能移転・拡充促進事業補助金,1000,500
商工費,商工費,産業政策推,,,産業政策推進費,企業立地推進事業費,地域拠点オフィス移転・拡充促進事業,3600,3600
商工費,商工費,産業政策推,,,産業政策推進費,企業立地推進事業費,補助金,,
商工費,商工費,産業政策推,,,産業政策推進費,企業立地推進事業費,ＩＴ導入支援事業者等立地促進事業,554,220
商工費,商工費,産業政策推,,,産業政策推進費,企業立地推進事業費,オフィス立地促進事業費補助金,5000,2500
商工費,商工費,産業政策推,,,産業政策推進費,企業立地推進事業費,県企業立地市町推進連絡会会費,70,63
商工費,商工費,産業政策推,,,産業政策推進費,企業立地推進事業費,日本立地センター賛助会費,126,140
商工費,商工費,産業政策推,,,産業政策推進費,企業立地推進事業費,会議、研修会出席者負担金,40,46
商工費,商工費,産業政策推,,,産業政策推進費,産業連携促進事業費,,289,298
商工費,商工費,産業政策推,,,産業政策推進費,産業連携促進事業費,産業経済問題懇話会負担金,200,200
商工費,商工費,産業政策推,,,産業政策推進費,産業連携促進事業費,産業のまちﾈｯﾄﾜｰｸ推進協議会負担金,30,30
商工費,商工費,産業政策推,,,産業政策推進費,ふるさと納税推進事業費,,2451283,2941283
商工費,商工費,産業政策推,,,産業政策推進費,ふるさと納税推進事業費,ふるさと納税制度特産品配布等,,
商工費,商工費,産業支援費,,,,,,274090,274966
商工費,商工費,産業支援費,報酬,,,,,2789,3080
商工費,商工費,産業支援費,職員手当等,,,,,533,606
商工費,商工費,産業支援費,職員手当等,期末手当,,,,459,518
商工費,商工費,産業支援費,職員手当等,勤勉手当,,,,74,88
商工費,商工費,産業支援費,共済費,,,,,448,493
商工費,商工費,産業支援費,報償費,,,,,936,555
商工費,商工費,産業支援費,旅費,,,,,1027,396
商工費,商工費,産業支援費,旅費,費用弁償,,,,135,90
商工費,商工費,産業支援費,旅費,普通旅費,,,,823,229
商工費,商工費,産業支援費,旅費,特別旅費,,,,69,77
商工費,商工費,産業支援費,需用費,,,,,747,949
商工費,商工費,産業支援費,需用費,消耗品費,,,,185,210
商工費,商工費,産業支援費,需用費,食糧費,,,,8,8
商工費,商工費,産業支援費,需用費,印刷製本費,,,,354,531
商工費,商工費,産業支援費,需用費,修繕料,,,,200,200
商工費,商工費,産業支援費,役務費,,,,,330,541
商工費,商工費,産業支援費,役務費,通信運搬費,,,,330,541
商工費,商工費,産業支援費,委託料,,,,,71640,80241
商工費,商工費,産業支援費,使用料及び賃借料,,,,,3037,3224
商工費,商工費,産業支援費,備品購入費,,,,,43,1300
商工費,商工費,産業支援費,負担金、補助及び交付金,,,,,190560,182081
商工費,商工費,産業支援費,負担金、補助及び交付金,負担金,,,,5828,7443
商工費,商工費,産業支援費,負担金、補助及び交付金,補助金,,,,184732,174638
商工費,商工費,産業支援費,貸付金,,,,,2000,0
商工費,商工費,産業支援費,,,給与費,,,3848,4257
商工費,商工費,産業支援費,,,給与費,中小企業等振興会議委員　１５人,,494,602
商工費,商工費,産業支援費,,,給与費,パートタイム会計年度任用職員,,3354,3655
商工費,商工費,産業支援費,,,産業支援管理費,,,821,312
商工費,商工費,産業支援費,,,産業支援管理費,産業支援管理事務費,,821,312
商工費,商工費,産業支援費,,,産業支援管理費,産業支援管理事務費,中小企業等振興会議開催,,
商工費,商工費,産業支援費,,,産業支援管理費,産業支援管理事務費,産業支援制度ＰＲパンフレット作成,,
商工費,商工費,産業支援費,,,産業支援推進費,,,114661,138681
商工費,商工費,産業支援費,,,産業支援推進費,経営基盤強化支援事業費,,6664,6661
商工費,商工費,産業支援費,,,産業支援推進費,経営基盤強化支援事業費,トライアル発注推進事業,,
商工費,商工費,産業支援費,,,産業支援推進費,経営基盤強化支援事業費,経営革新事業補助金,3280,3280
商工費,商工費,産業支援費,,,産業支援推進費,経営基盤強化支援事業費,産業財産権取得事業補助金,2200,2200
商工費,商工費,産業支援費,,,産業支援推進費,経営基盤強化支援事業費,海外産業財産権取得事業補助金,750,750
商工費,商工費,産業支援費,,,産業支援推進費,経営基盤強化支援事業費,富士貿易協議会海外経済視察,300,355
商工費,商工費,産業支援費,,,産業支援推進費,支援体制整備事業費,,25669,25667
商工費,商工費,産業支援費,,,産業支援推進費,支援体制整備事業費,商工振興活動費補助金,5000,5000
商工費,商工費,産業支援費,,,産業支援推進費,支援体制整備事業費,富士中小企業相談所補助金,10000,10000
商工費,商工費,産業支援費,,,産業支援推進費,支援体制整備事業費,市商工会経営改善等事業費補助金,7600,7600
商工費,商工費,産業支援費,,,産業支援推進費,支援体制整備事業費,県中小企業団体中央会負担金,330,330
商工費,商工費,産業支援費,,,産業支援推進費,支援体制整備事業費,県国際経済振興会負担金,1000,1000
商工費,商工費,産業支援費,,,産業支援推進費,支援体制整備事業費,日本貿易振興機構,1132,1132
商工費,商工費,産業支援費,,,産業支援推進費,支援体制整備事業費,富士山麓ﾋﾞｼﾞﾈｽﾏｯﾁﾝｸﾞ促進事業負担金,500,500
商工費,商工費,産業支援費,,,産業支援推進費,支援体制整備事業費,富士貿易協議会負担金,100,100
商工費,商工費,産業支援費,,,産業支援推進費,地域産業支援センター事業費,,59681,65046
商工費,商工費,産業支援費,,,産業支援推進費,地域産業支援センター事業費,地域産業支援センター運営,,
商工費,商工費,産業支援費,,,産業支援推進費,地域産業支援センター事業費,起業・創業支援,,
商工費,商工費,産業支援費,,,産業支援推進費,地域産業支援センター事業費,経営力再構築伴走支援,,0
商工費,商工費,産業支援費,,,産業支援推進費,地域産業支援センター事業費,専門家派遣,,
商工費,商工費,産業支援費,,,産業支援推進費,ＤＸ・テレワーク推進事業費,,8329,13364
商工費,商工費,産業支援費,,,産業支援推進費,ＤＸ・テレワーク推進事業費,テレワーク推進サイト運用管理,,0
商工費,商工費,産業支援費,,,産業支援推進費,ＤＸ・テレワーク推進事業費,新富士駅シェアオフィス運営補助金,1908,1908
商工費,商工費,産業支援費,,,産業支援推進費,ＤＸ・テレワーク推進事業費,サテライトオフィス体験補助金,700,210
商工費,商工費,産業支援費,,,産業支援推進費,ＤＸ・テレワーク推進事業費,テレワーク推進,3000,0
商工費,商工費,産業支援費,,,産業支援推進費,スタートアップ支援事業費,,14318,27943
商工費,商工費,産業支援費,,,産業支援推進費,スタートアップ支援事業費,スタートアップ伴走型,,
商工費,商工費,産業支援費,,,産業支援推進費,スタートアップ支援事業費,地域課題解決型ワークショップ開催,,
商工費,商工費,産業支援費,,,中小企業金融支援費,,,154760,131716
商工費,商工費,産業支援費,,,中小企業金融支援費,中小企業経営活性化資金貸付事業費,,2000,0
商工費,商工費,産業支援費,,,中小企業金融支援費,中小企業経営活性化資金貸付事業費,"市預託金　2,000",,0
商工費,商工費,産業支援費,,,中小企業金融支援費,小口資金融資事業費,,2099,5181
商工費,商工費,産業支援費,,,中小企業金融支援費,小口資金融資事業費,利子補給金,941,2700
商工費,商工費,産業支援費,,,中小企業金融支援費,小口資金融資事業費,事務負担金,1158,2481
商工費,商工費,産業支援費,,,中小企業金融支援費,短期経営改善資金融資事業費,,244,190
商工費,商工費,産業支援費,,,中小企業金融支援費,短期経営改善資金融資事業費,利子補給金,231,170
商工費,商工費,産業支援費,,,中小企業金融支援費,短期経営改善資金融資事業費,事務負担金,13,20
商工費,商工費,産業支援費,,,中小企業金融支援費,経済変動対策貸付資金融資事業費,,138055,110070
商工費,商工費,産業支援費,,,中小企業金融支援費,経済変動対策貸付資金融資事業費,利子補給金,137000,109000
商工費,商工費,産業支援費,,,中小企業金融支援費,経済変動対策貸付資金融資事業費,事務負担金,1055,1070
商工費,商工費,産業支援費,,,中小企業金融支援費,小規模企業者貸付資金融資事業費,,696,465
商工費,商工費,産業支援費,,,中小企業金融支援費,小規模企業者貸付資金融資事業費,利子補給金,636,420
商工費,商工費,産業支援費,,,中小企業金融支援費,小規模企業者貸付資金融資事業費,事務負担金,60,45
商工費,商工費,産業支援費,,,中小企業金融支援費,マル経融資事業費,,3834,5500
商工費,商工費,産業支援費,,,中小企業金融支援費,マル経融資事業費,利子補給金,3834,5500
商工費,商工費,産業支援費,,,中小企業金融支援費,開業パワーアップ支援資金融資事業費,,7832,10310
商工費,商工費,産業支援費,,,中小企業金融支援費,開業パワーアップ支援資金融資事業費,利子補給金,7652,9900
商工費,商工費,産業支援費,,,中小企業金融支援費,開業パワーアップ支援資金融資事業費,事務負担金,180,410
商工費,商工費,工業振興費,,,,,,34576,58861
商工費,商工費,工業振興費,報償費,,,,,1969,2138
商工費,商工費,工業振興費,旅費,,,,,1413,1450
商工費,商工費,工業振興費,旅費,費用弁償,,,,145,163
商工費,商工費,工業振興費,旅費,普通旅費,,,,855,1037
商工費,商工費,工業振興費,旅費,特別旅費,,,,413,250
商工費,商工費,工業振興費,需用費,,,,,513,698
商工費,商工費,工業振興費,需用費,消耗品費,,,,277,275
商工費,商工費,工業振興費,需用費,食糧費,,,,11,10
商工費,商工費,工業振興費,需用費,印刷製本費,,,,225,413
商工費,商工費,工業振興費,役務費,,,,,20,21
商工費,商工費,工業振興費,役務費,筆耕翻訳料,,,,20,21
商工費,商工費,工業振興費,委託料,,,,,20567,46123
商工費,商工費,工業振興費,使用料及び賃借料,,,,,358,195
商工費,商工費,工業振興費,負担金、補助及び交付金,,,,,9736,8236
商工費,商工費,工業振興費,負担金、補助及び交付金,負担金,,,,2086,2086
商工費,商工費,工業振興費,負担金、補助及び交付金,補助金,,,,7650,6150
商工費,商工費,工業振興費,,,工業振興費,,,34576,58861
商工費,商工費,工業振興費,,,工業振興費,地場産業振興事業費,,7203,30847
商工費,商工費,工業振興費,,,工業振興費,地場産業振興事業費,製紙産業イノベーション創出事業,,0
商工費,商工費,工業振興費,,,工業振興費,地場産業振興事業費,功績者市長顕彰,,
商工費,商工費,工業振興費,,,工業振興費,地場産業振興事業費,県紙業振興大会補助金,250,250
商工費,商工費,工業振興費,,,工業振興費,地場産業振興事業費,県製紙工学技術者研修事業補助金,400,400
商工費,商工費,工業振興費,,,工業振興費,地場産業振興事業費,富士ブランド認定品認知度向上,1000,1000
商工費,商工費,工業振興費,,,工業振興費,地場産業振興事業費,富士地域再生家庭紙利用促進協議会,1600,1600
商工費,商工費,工業振興費,,,工業振興費,新産業等創出支援事業費,,1955,1983
商工費,商工費,工業振興費,,,工業振興費,新産業等創出支援事業費,新産業創出研究セミナー開催,,
商工費,商工費,工業振興費,,,工業振興費,新産業等創出支援事業費,ものづくり企業・デザイナー,,
商工費,商工費,工業振興費,,,工業振興費,新産業等創出支援事業費,産学連携ものづくりチャレンジ補助金,1000,1000
商工費,商工費,工業振興費,,,工業振興費,ものづくり人材育成事業費,,1878,2200
商工費,商工費,工業振興費,,,工業振興費,ものづくり人材育成事業費,神奈川工科大学等ものづくり体験教室,,
商工費,商工費,工業振興費,,,工業振興費,ものづくり人材育成事業費,先端技術・プログラミング等体験事業,,
商工費,商工費,工業振興費,,,工業振興費,ものづくり人材育成事業費,未来のものづくり人材創出・育成事業,,
商工費,商工費,工業振興費,,,工業振興費,ものづくり人材育成事業費,発明くふう展負担金,450,450
商工費,商工費,工業振興費,,,工業振興費,ＣＮＦ実用化推進事業費,,23540,23831
商工費,商工費,工業振興費,,,工業振興費,ＣＮＦ実用化推進事業費,ＣＮＦ関連産業推進懇話会開催,,
商工費,商工費,工業振興費,,,工業振興費,ＣＮＦ実用化推進事業費,プラットフォームセミナー開催,,
商工費,商工費,工業振興費,,,工業振興費,ＣＮＦ実用化推進事業費,普及推進活動,,
商工費,商工費,工業振興費,,,工業振興費,ＣＮＦ実用化推進事業費,ウェブサイト管理・運営,,
商工費,商工費,工業振興費,,,工業振興費,ＣＮＦ実用化推進事業費,ＣＮＦ連携拠点活用事業,,
商工費,商工費,工業振興費,,,工業振興費,ＣＮＦ実用化推進事業費,プラットフォームプロモーション推進事業,,
商工費,商工費,工業振興費,,,工業振興費,ＣＮＦ実用化推進事業費,プラットフォームビジネスマッチング会開催,,0
商工費,商工費,工業振興費,,,工業振興費,ＣＮＦ実用化推進事業費,ＣＮＦブランド製品等活用勉強会開催,,
商工費,商工費,工業振興費,,,工業振興費,ＣＮＦ実用化推進事業費,ＣＮＦマッチング・オープンイノベーション促進事業,,
商工費,商工費,工業振興費,,,工業振興費,ＣＮＦ実用化推進事業費,産学連携ＣＮＦチャレンジ補助金,3000,3000
商工費,商工費,工業振興費,,,工業振興費,ＣＮＦ実用化推進事業費,ＣＮＦ連携拠点活用補助金,1000,500
商工費,商工費,工業振興費,,,工業振興費,ＣＮＦ実用化推進事業費,大学共同研究講座等開設補助金,1000,0
商工費,商工費,工業振興費,,,工業振興費,ＣＮＦ実用化推進事業費,ＣＮＦ連携拠点電気代等負担金,6,6
商工費,商工費,工業振興費,,,工業振興費,ＣＮＦ実用化推進事業費,会議、研修会出席者負担金,30,30
商工費,商工費,商業振興費,,,,,,46537,197154
商工費,商工費,商業振興費,報酬,,,,,80,0
商工費,商工費,商業振興費,報償費,,,,,140,0
商工費,商工費,商業振興費,旅費,,,,,22,12
商工費,商工費,商業振興費,旅費,費用弁償,,,,6,0
商工費,商工費,商業振興費,旅費,普通旅費,,,,16,12
商工費,商工費,商業振興費,需用費,,,,,17813,51144
商工費,商工費,商業振興費,需用費,消耗品費,,,,245,346
商工費,商工費,商業振興費,需用費,食糧費,,,,5,3
商工費,商工費,商業振興費,需用費,印刷製本費,,,,1048,895
商工費,商工費,商業振興費,需用費,修繕料,,,,16515,49900
商工費,商工費,商業振興費,委託料,,,,,1133,3155
商工費,商工費,商業振興費,使用料及び賃借料,,,,,1145,289
商工費,商工費,商業振興費,備品購入費,,,,,234,234
商工費,商工費,商業振興費,負担金、補助及び交付金,,,,,25970,15920
商工費,商工費,商業振興費,負担金、補助及び交付金,負担金,,,,5650,5650
商工費,商工費,商業振興費,負担金、補助及び交付金,補助金,,,,20320,10270
商工費,商工費,商業振興費,,,給与費,,,80,0
商工費,商工費,商業振興費,,,給与費,岳南富士地方卸売市場事業者選定審査会委員　３人,,,0
商工費,商工費,商業振興費,,,商業振興費,,,29142,17875
商工費,商工費,商業振興費,,,商業振興費,商業振興事務費,,64,64
商工費,商工費,商業振興費,,,商業振興費,中心市街地活性化支援事業費,,7602,6386
商工費,商工費,商業振興費,,,商業振興費,中心市街地活性化支援事業費,空き店舗等活用促進事業,,0
商工費,商工費,商業振興費,,,商業振興費,中心市街地活性化支援事業費,まちなかにぎわい創出事業,,
商工費,商工費,商業振興費,,,商業振興費,中心市街地活性化支援事業費,あなたも商店主事業,,
商工費,商工費,商業振興費,,,商業振興費,中心市街地活性化支援事業費,富士健康印商店会ＴＭＯ事業補助金,450,450
商工費,商工費,商業振興費,,,商業振興費,中心市街地活性化支援事業費,ﾀｳﾝﾏﾈｰｼﾞﾒﾝﾄ吉原ＴＭＯ事業補助金,450,450
商工費,商工費,商業振興費,,,商業振興費,中心市街地活性化支援事業費,あなたも商店主事業補助金,3600,3600
商工費,商工費,商業振興費,,,商業振興費,商店街イベント振興助成費,,2320,2270
商工費,商工費,商業振興費,,,商業振興費,商店街イベント振興助成費,吉原アーケードマーケット事業補助金,500,450
商工費,商工費,商業振興費,,,商業振興費,商店街イベント振興助成費,吉原宿宿場まつり事業補助金,1100,1100
商工費,商工費,商業振興費,,,商業振興費,商店街イベント振興助成費,富士本町軽トラ市事業補助金,270,270
商工費,商工費,商業振興費,,,商業振興費,商店街イベント振興助成費,吉原まるごとマルシェ事業補助金,450,450
商工費,商工費,商業振興費,,,商業振興費,地域特産品推進事業費,,5856,5855
商工費,商工費,商業振興費,,,商業振興費,地域特産品推進事業費,ご当地グルメシティセールス事業補助金,200,200
商工費,商工費,商業振興費,,,商業振興費,地域特産品推進事業費,富士のふもとの大博覧会開催負担金,5650,5650
商工費,商工費,商業振興費,,,商業振興費,商業振興助成費,,13300,3300
商工費,商工費,商業振興費,,,商業振興費,商業振興助成費,産業まつり商工フェア補助金,2700,2700
商工費,商工費,商業振興費,,,商業振興費,商業振興助成費,商業振興費補助金,600,600
商工費,商工費,商業振興費,,,商業振興費,商業振興助成費,魅力ある買物環境づくり支援事業補助金,10000,0
商工費,商工費,商業振興費,,,産業交流展示場費,,,17302,166579
商工費,商工費,商業振興費,,,産業交流展示場費,産業交流展示場管理事業費,,17302,166579
商工費,商工費,商業振興費,,,産業交流展示場費,産業交流展示場管理事業費,施設運営管理（指定管理）,,
商工費,商工費,商業振興費,,,産業交流展示場費,産業交流展示場管理事業費,排煙設備改修,,0
商工費,商工費,商業振興費,,,産業交流展示場費,産業交流展示場管理事業費,空調設備改修,,
商工費,商工費,商業振興費,,,市場費,,,13,12700
商工費,商工費,商業振興費,,,市場費,市場事業費,,13,12700
商工費,商工費,商業振興費,,,市場費,市場事業費,運営事業者選定審査会開催,,0
商工費,商工費,交流観光費,,,,,,276239,307981
商工費,商工費,交流観光費,報酬,,,,,3789,6570
商工費,商工費,交流観光費,職員手当等,,,,,806,1248
商工費,商工費,交流観光費,職員手当等,期末手当,,,,694,1068
商工費,商工費,交流観光費,職員手当等,勤勉手当,,,,112,180
商工費,商工費,交流観光費,共済費,,,,,706,1239
商工費,商工費,交流観光費,報償費,,,,,2112,2606
商工費,商工費,交流観光費,旅費,,,,,1465,1376
商工費,商工費,交流観光費,旅費,費用弁償,,,,93,367
商工費,商工費,交流観光費,旅費,普通旅費,,,,841,810
商工費,商工費,交流観光費,旅費,特別旅費,,,,531,199
商工費,商工費,交流観光費,需用費,,,,,10247,10219
商工費,商工費,交流観光費,需用費,消耗品費,,,,1540,2021
商工費,商工費,交流観光費,需用費,燃料費,,,,120,132
商工費,商工費,交流観光費,需用費,食糧費,,,,1489,1297
商工費,商工費,交流観光費,需用費,印刷製本費,,,,1626,2873
商工費,商工費,交流観光費,需用費,光熱水費,,,,230,230
商工費,商工費,交流観光費,需用費,修繕料,,,,5242,3666
商工費,商工費,交流観光費,役務費,,,,,793,722
商工費,商工費,交流観光費,役務費,通信運搬費,,,,10,10
商工費,商工費,交流観光費,役務費,手数料,,,,632,608
商工費,商工費,交流観光費,役務費,保険料,,,,151,104
商工費,商工費,交流観光費,委託料,,,,,88933,89704
商工費,商工費,交流観光費,使用料及び賃借料,,,,,7992,6078
商工費,商工費,交流観光費,備品購入費,,,,,584,110
商工費,商工費,交流観光費,負担金、補助及び交付金,,,,,156061,184165
商工費,商工費,交流観光費,負担金、補助及び交付金,負担金,,,,47192,48310
商工費,商工費,交流観光費,負担金、補助及び交付金,補助金,,,,108869,135855
商工費,商工費,交流観光費,積立金,,,,,2751,2744
商工費,商工費,交流観光費,,,給与費,,,5379,9341
商工費,商工費,交流観光費,,,給与費,パートタイム会計年度任用職員,,5379,9341
商工費,商工費,交流観光費,,,交流観光振興費,,,31924,40837
商工費,商工費,交流観光費,,,交流観光振興費,交流観光振興事業費,,31924,40837
商工費,商工費,交流観光費,,,交流観光振興費,交流観光振興事業費,観光基本計画推進会議開催,,
商工費,商工費,交流観光費,,,交流観光振興費,交流観光振興事業費,観光誘客推進,,
商工費,商工費,交流観光費,,,交流観光振興費,交流観光振興事業費,工場夜景推進,,
商工費,商工費,交流観光費,,,交流観光振興費,交流観光振興事業費,人流データ分析サービス導入,,0
商工費,商工費,交流観光費,,,交流観光振興費,交流観光振興事業費,富士駅北口簡易観光案内所運営,,
商工費,商工費,交流観光費,,,交流観光振興費,交流観光振興事業費,着地型観光推進事業補助金,500,500
商工費,商工費,交流観光費,,,交流観光振興費,交流観光振興事業費,富士地域観光振興協議会負担金,1350,1350
商工費,商工費,交流観光費,,,交流観光振興費,交流観光振興事業費,県大型観光ｷｬﾝﾍﾟｰﾝ推進協議会負担金,325,325
商工費,商工費,交流観光費,,,交流観光振興費,交流観光振興事業費,県観光協会運営会費,1093,1093
商工費,商工費,交流観光費,,,交流観光振興費,交流観光振興事業費,富士地区観光協議会負担金,20,20
商工費,商工費,交流観光費,,,交流観光振興費,交流観光振興事業費,新富士駅観光案内所負担金,1500,1500
商工費,商工費,交流観光費,,,交流観光振興費,交流観光振興事業費,富士箱根伊豆国際観光テーマ地区,250,250
商工費,商工費,交流観光費,,,交流観光振興費,交流観光振興事業費,静岡空港利用促進協議会負担金,840,840
商工費,商工費,交流観光費,,,交流観光振興費,交流観光振興事業費,身延線沿線活性化促進協議会負担金,10,10
商工費,商工費,交流観光費,,,交流観光振興費,交流観光振興事業費,全国工場夜景都市協議会負担金,150,150
商工費,商工費,交流観光費,,,交流観光振興費,交流観光振興事業費,ＦＵＪＩ＆ＳＵＮ’25開催負担金,2300,0
商工費,商工費,交流観光費,,,交流観光振興費,交流観光振興事業費,企業人材派遣制度負担金,9000,0
商工費,商工費,交流観光費,,,観光推進費,,,63550,69097
商工費,商工費,交流観光費,,,観光推進費,観光ボランティア推進事業費,,816,876
商工費,商工費,交流観光費,,,観光推進費,観光ボランティア推進事業費,観光ボランティアガイド養成,,
商工費,商工費,交流観光費,,,観光推進費,観光ボランティア推進事業費,工場夜景ガイド養成,,
商工費,商工費,交流観光費,,,観光推進費,観光ボランティア推進事業費,観光ボランティアガイド事業補助金,200,200
商工費,商工費,交流観光費,,,観光推進費,富士山百景推進事業費,,20346,25570
商工費,商工費,交流観光費,,,観光推進費,富士山百景推進事業費,富士山百景写真コンテスト開催,,
商工費,商工費,交流観光費,,,観光推進費,富士山百景推進事業費,大淵笹場・今宮茶園保全活用,,
商工費,商工費,交流観光費,,,観光推進費,富士山百景推進事業費,富士山夢の大橋活用事業,,
商工費,商工費,交流観光費,,,観光推進費,観光助成費,,25170,31670
商工費,商工費,交流観光費,,,観光推進費,観光助成費,富士まつり補助金,15000,21500
商工費,商工費,交流観光費,,,観光推進費,観光助成費,あっぱれ富士開催補助金,2970,2970
商工費,商工費,交流観光費,,,観光推進費,観光助成費,かりがね祭り開催補助金,3500,3500
商工費,商工費,交流観光費,,,観光推進費,観光助成費,ふじかわ夏まつり開催補助金,3700,3700
商工費,商工費,交流観光費,,,観光推進費,歴史・自然活用事業費,,3244,4508
商工費,商工費,交流観光費,,,観光推進費,歴史・自然活用事業費,岩本山観光誘客促進事業,,
商工費,商工費,交流観光費,,,観光推進費,歴史・自然活用事業費,須津川渓谷活用事業,,
商工費,商工費,交流観光費,,,観光推進費,おもてなし推進事業費,,9434,921
商工費,商工費,交流観光費,,,観光推進費,おもてなし推進事業費,まちの駅支援及び情報発信,,
商工費,商工費,交流観光費,,,観光推進費,おもてなし推進事業費,まちの駅ネットワーク運営補助金,770,770
商工費,商工費,交流観光費,,,観光推進費,おもてなし推進事業費,コンベンション等開催事業補助金,8500,0
商工費,商工費,交流観光費,,,観光推進費,富士山活用推進事業費,,4540,5552
商工費,商工費,交流観光費,,,観光推進費,富士山活用推進事業費,富士山登山ルート3776推進事業,,
商工費,商工費,交流観光費,,,観光推進費,富士山活用推進事業費,富士山自然休養林保護管理協議会負担金,360,360
商工費,商工費,交流観光費,,,観光推進費,富士山活用推進事業費,富士山をいつまでも美しくする会負担金,234,234
商工費,商工費,交流観光費,,,観光推進費,富士山活用推進事業費,日本富士山協会負担金,250,250
商工費,商工費,交流観光費,,,富士山観光交流ビューロー費,,,63250,67877
商工費,商工費,交流観光費,,,富士山観光交流ビューロー費,富士山観光交流ビューロー助成費,,63250,67877
商工費,商工費,交流観光費,,,富士山観光交流ビューロー費,富士山観光交流ビューロー助成費,富士山観光交流ビューロー事業活動補助金,,0
商工費,商工費,交流観光費,,,観光施設整備費,,,19492,18541
商工費,商工費,交流観光費,,,観光施設整備費,観光施設管理事業費,,5533,3038
商工費,商工費,交流観光費,,,観光施設整備費,観光施設管理事業費,大淵笹場交流施設（旧藤田邸）維持管理,,
商工費,商工費,交流観光費,,,観光施設整備費,観光施設管理事業費,観光施設維持管理,,
商工費,商工費,交流観光費,,,観光施設整備費,観光施設管理事業費,観光案内板等保守管理,,
商工費,商工費,交流観光費,,,観光施設整備費,道の駅富士管理事業費,,13959,15503
商工費,商工費,交流観光費,,,観光施設整備費,道の駅富士管理事業費,施設維持管理,,
商工費,商工費,交流観光費,,,観光施設整備費,道の駅富士管理事業費,施設修繕,,
商工費,商工費,交流観光費,,,観光施設整備費,道の駅富士管理事業費,「道の駅」連絡会会費,70,70
商工費,商工費,交流観光費,,,国際友好交流費,,,15479,18839
商工費,商工費,交流観光費,,,国際友好交流費,海外都市交流事業費,,15479,18839
商工費,商工費,交流観光費,,,国際友好交流費,海外都市交流事業費,嘉興市訪問団受入れ,,
商工費,商工費,交流観光費,,,国際友好交流費,海外都市交流事業費,オーシャンサイド市中高生派遣交流事業,,
商工費,商工費,交流観光費,,,国際友好交流費,海外都市交流事業費,ホストタウンレガシー事業,,
商工費,商工費,交流観光費,,,国際友好交流費,海外都市交流事業費,国際交流事業費補助金,400,400
商工費,商工費,交流観光費,,,国際友好交流費,海外都市交流事業費,少年親善使節団派遣事業参加者補助金,2250,4950
商工費,商工費,交流観光費,,,国際友好交流費,海外都市交流事業費,日中友好協会負担金,10,10
商工費,商工費,交流観光費,,,国際交流基金積立費,,,2751,2744
商工費,商工費,交流観光費,,,国際交流基金積立費,国際交流基金積立事業費,,2751,2744
商工費,商工費,交流観光費,,,国際交流基金積立費,国際交流基金積立事業費,国際交流基金積立金,,
商工費,商工費,交流観光費,,,文化交流事業費,,,15018,0
商工費,商工費,交流観光費,,,文化交流事業費,紙のアートミュージアム事業費,,15018,0
商工費,商工費,交流観光費,,,文化交流事業費,紙のアートミュージアム事業費,運営委託,,0
商工費,商工費,交流観光費,,,文化交流事業費,紙のアートミュージアム事業費,第17回　紙のアートフェスティバル開催,,0
商工費,商工費,交流観光費,,,文化交流事業費,紙のアートミュージアム事業費,ワークショップ開催,,0
商工費,商工費,交流観光費,,,スポーツ交流事業費,,,59396,80705
商工費,商工費,交流観光費,,,スポーツ交流事業費,スポーツ交流関連事業費,,17465,34176
商工費,商工費,交流観光費,,,スポーツ交流事業費,スポーツ交流関連事業費,スポーツコミッション推進事業,,
商工費,商工費,交流観光費,,,スポーツ交流事業費,スポーツ交流関連事業費,パラ水泳ワールドシリーズ開催支援,,0
商工費,商工費,交流観光費,,,スポーツ交流事業費,スポーツイベント関連事業費,,7422,7417
商工費,商工費,交流観光費,,,スポーツ交流事業費,スポーツイベント関連事業費,ふじかわキウイマラソン,4480,4480
商工費,商工費,交流観光費,,,スポーツ交流事業費,スポーツイベント関連事業費,アルティメット大会支援事業補助金,500,500
商工費,商工費,交流観光費,,,スポーツ交流事業費,スポーツイベント関連事業費,静岡招待スプリント選手権水泳競技大会,,
商工費,商工費,交流観光費,,,スポーツ交流事業費,スポーツイベント関連事業費,Ｍｔ. ＦＵＪＩ100開会式負担金,1500,1500
商工費,商工費,交流観光費,,,スポーツ交流事業費,富士山女子駅伝事業費,,7249,6459
商工費,商工費,交流観光費,,,スポーツ交流事業費,富士山女子駅伝事業費,プレイベント開催・大会啓発,,0
商工費,商工費,交流観光費,,,スポーツ交流事業費,富士山女子駅伝事業費,富士山女子駅伝実行委員会共催者負担金,5000,5000
商工費,商工費,交流観光費,,,スポーツ交流事業費,自転車関連事業費,,27260,32653
商工費,商工費,交流観光費,,,スポーツ交流事業費,自転車関連事業費,サイクルステーション,,
商工費,商工費,交流観光費,,,スポーツ交流事業費,自転車関連事業費,富士山サイクルロードレース開催負担金,15000,15000
商工費,商工費,交流観光費,,,スポーツ交流事業費,自転車関連事業費,県東部地域ｽﾎﾟｰﾂ産業振興協議会負担金,120,0
商工費,商工費,交流観光費,,,スポーツ交流事業費,自転車関連事業費,自転車を活用したまちづくりを,10,10
商工費,商工費,計量費,,,,,,108,1761
商工費,商工費,計量費,報償費,,,,,10,0
商工費,商工費,計量費,旅費,,,,,76,60
商工費,商工費,計量費,旅費,普通旅費,,,,6,6
商工費,商工費,計量費,旅費,特別旅費,,,,70,54
商工費,商工費,計量費,需用費,,,,,4,4
商工費,商工費,計量費,需用費,消耗品費,,,,4,4
商工費,商工費,計量費,負担金、補助及び交付金,,,,,18,18
商工費,商工費,計量費,負担金、補助及び交付金,負担金,,,,18,18
商工費,商工費,計量費,,,計量費,,,108,1761
商工費,商工費,計量費,,,計量費,計量事業費,,108,1761
商工費,商工費,計量費,,,計量費,計量事業費,全国特定市計量行政協議会負担金,18,18
商工費,商工費,新富士駅施,,,,,,5996,5549
商工費,商工費,新富士駅施,需用費,,,,,3138,2790
商工費,商工費,新富士駅施,需用費,消耗品費,,,,258,240
商工費,商工費,新富士駅施,需用費,修繕料,,,,2880,2550
商工費,商工費,新富士駅施,委託料,,,,,2858,2759
商工費,商工費,新富士駅施,,,新富士駅施設管理費,,,5996,5549
商工費,商工費,新富士駅施,,,新富士駅施設管理費,新富士駅施設管理事業費,,5996,5549
商工費,商工費,新富士駅施,,,新富士駅施設管理費,新富士駅施設管理事業費,施設維持管理,,
商工費,商工費,新富士駅施,,,新富士駅施設管理費,新富士駅施設管理事業費,施設修繕,,
商工費,商工費,富士川楽座,,,,,,21843,91951
商工費,商工費,富士川楽座,需用費,,,,,5707,3915
商工費,商工費,富士川楽座,需用費,修繕料,,,,5707,3900
商工費,商工費,富士川楽座,委託料,,,,,11000,37900
商工費,商工費,富士川楽座,使用料及び賃借料,,,,,5136,5136
商工費,商工費,富士川楽座,,,富士川楽座施設管理費,,,21843,91951
商工費,商工費,富士川楽座,,,富士川楽座施設管理費,富士川楽座施設管理事業費,,21843,91951
商工費,商工費,富士川楽座,,,富士川楽座施設管理費,富士川楽座施設管理事業費,施設運営管理（指定管理）,,
商工費,商工費,富士川楽座,,,富士川楽座施設管理費,富士川楽座施設管理事業費,体験館どんぶらリニューアル検討,,0
商工費,商工費,富士川楽座,,,富士川楽座施設管理費,富士川楽座施設管理事業費,ふれあい広場舗装改修,,0
土木費,,,,,,,,12011843,13904324
土木費,土木管理費,,,,,,,476233,538974
土木費,土木管理費,土木総務費,,,,,,419469,495207
土木費,土木管理費,土木総務費,報酬,,,,,7716,8205
土木費,土木管理費,土木総務費,給料,,,,,179426,182624
土木費,土木管理費,土木総務費,職員手当等当,,,,,116663,121102
土木費,土木管理費,土木総務費,職員手当等当,管理職手当,,,,4580,5202
土木費,土木管理費,土木総務費,職員手当等当,扶養手当,,,,6743,5097
土木費,土木管理費,土木総務費,職員手当等当,地域手当,,,,5717,7713
土木費,土木管理費,土木総務費,職員手当等当,住居手当,,,,1668,2956
土木費,土木管理費,土木総務費,職員手当等当,通勤手当,,,,4236,4354
土木費,土木管理費,土木総務費,職員手当等当,時間外勤務手,,,,14000,14000
土木費,土木管理費,土木総務費,職員手当等当,休日勤務手当,,,,400,400
土木費,土木管理費,土木総務費,職員手当等当,期末手当,,,,44390,45401
土木費,土木管理費,土木総務費,職員手当等当,勤勉手当,,,,34929,35979
土木費,土木管理費,土木総務費,共済費,,,,,61386,61655
土木費,土木管理費,土木総務費,報償費,,,,,136,136
土木費,土木管理費,土木総務費,旅費,,,,,811,734
土木費,土木管理費,土木総務費,旅費,費用弁償,,,,214,192
土木費,土木管理費,土木総務費,旅費,普通旅費,,,,289,283
土木費,土木管理費,土木総務費,旅費,特別旅費,,,,308,259
土木費,土木管理費,土木総務費,需用費,,,,,1661,1681
土木費,土木管理費,土木総務費,需用費,消耗品費,,,,704,834
土木費,土木管理費,土木総務費,需用費,食糧費,,,,8,8
土木費,土木管理費,土木総務費,需用費,印刷製本費,,,,949,839
土木費,土木管理費,土木総務費,役務費,,,,,2057,2036
土木費,土木管理費,土木総務費,役務費,保険料,,,,2057,2036
土木費,土木管理費,土木総務費,委託料,,,,,48412,115604
土木費,土木管理費,土木総務費,負担金、補助及び交付金,,,,,1201,1202
土木費,土木管理費,土木総務費,負担金、補助及び交付金,負担金,,,,801,802
土木費,土木管理費,土木総務費,負担金、補助及び交付金,補助金,,,,400,400
土木費,土木管理費,土木総務費,,,給与費,,,365391,373764
土木費,土木管理費,土木総務費,,,給与費,一般職　４２人,,354235,361805
土木費,土木管理費,土木総務費,,,給与費,パートタイム会計年度任用職員,,11156,11959
土木費,土木管理費,土木総務費,,,総務管理費,,,3211,3575
土木費,土木管理費,土木総務費,,,総務管理費,建設政策管理費,,3211,3575
土木費,土木管理費,土木総務費,,,総務管理費,建設政策管理費,道路啓開訓練,,
土木費,土木管理費,土木総務費,,,総務管理費,建設政策管理費,県国道協会負担金,40,40
土木費,土木管理費,土木総務費,,,総務管理費,建設政策管理費,県市町村道整備促進期成同盟会負担金,13,13
土木費,土木管理費,土木総務費,,,総務管理費,建設政策管理費,国道469号建設促進期成同盟会負担金,255,255
土木費,土木管理費,土木総務費,,,総務管理費,建設政策管理費,県街路事業促進協議会負担金,90,90
土木費,土木管理費,土木総務費,,,総務管理費,建設政策管理費,県スマートＩＣ協議会負担金,4,4
土木費,土木管理費,土木総務費,,,総務管理費,建設政策管理費,富士富士宮道路建設促進期成同盟会,271,271
土木費,土木管理費,土木総務費,,,総務管理費,建設政策管理費,地方を守る会負担金,3,3
土木費,土木管理費,土木総務費,,,道路河川管理費,,,33009,86826
土木費,土木管理費,土木総務費,,,道路河川管理費,道路河川管理事業費,,3571,4002
土木費,土木管理費,土木総務費,,,道路河川管理費,道路河川管理事業費,"道路河川占用許可　2,710件",,0
土木費,土木管理費,土木総務費,,,道路河川管理費,道路河川管理事業費,道路工事調整会議　年4回開催,,
土木費,土木管理費,土木総務費,,,道路河川管理費,道路河川管理事業費,道路賠償責任保険料,,
土木費,土木管理費,土木総務費,,,道路河川管理費,行政財産管理事業費,,1159,49434
土木費,土木管理費,土木総務費,,,道路河川管理費,行政財産管理事業費,公共用財産用途廃止申請　　　　　50件,,
土木費,土木管理費,土木総務費,,,道路河川管理費,行政財産管理事業費,国有普通財産払い下げ申請副申　 100件,,0
土木費,土木管理費,土木総務費,,,道路河川管理費,行政財産管理事業費,官民境界確定　　　　　　　　　 310件,,
土木費,土木管理費,土木総務費,,,道路河川管理費,行政財産管理事業費,会議、研修会出席者負担金,37,37
土木費,土木管理費,土木総務費,,,道路河川管理費,道路台帳整備事業費,,27879,32990
土木費,土木管理費,土木総務費,,,道路河川管理費,道路台帳整備事業費,道路台帳補正（地理空間情報等更新包括業務）,,
土木費,土木管理費,土木総務費,,,道路河川管理費,私道舗装側溝整備助成費,,400,400
土木費,土木管理費,土木総務費,,,道路河川管理費,私道舗装側溝整備助成費,私道舗装及び側溝工事費補助金,,
土木費,土木管理費,土木総務費,,,地籍調査事業費,,,17678,31042
土木費,土木管理費,土木総務費,,,地籍調査事業費,地籍調査事業費,,17678,31042
土木費,土木管理費,土木総務費,,,地籍調査事業費,地籍調査事業費,岩淵１調査区　　　　 　0.06ｋ㎡,,0
土木費,土木管理費,土木総務費,,,地籍調査事業費,地籍調査事業費,岩淵２調査区　　　　　 0.08ｋ㎡,,0
土木費,土木管理費,土木総務費,,,地籍調査事業費,地籍調査事業費,県国土調査協議会負担金,67,68
土木費,土木管理費,土木総務費,,,新東名高速道路対策費,,,180,0
土木費,土木管理費,土木総務費,,,新東名高速道路対策費,新東名高速道路対策事業費,,180,0
土木費,土木管理費,土木総務費,,,新東名高速道路対策費,新東名高速道路対策事業費,道水路等の施設移管・財産移管業務,,0
土木費,土木管理費,土木総務費,,,新東名高速道路対策費,新東名高速道路対策事業費,新東名高速道路建設促進期成同盟会,21,0
土木費,土木管理費,施設建築費,,,,,,12764,26067
土木費,土木管理費,施設建築費,旅費,,,,,211,211
土木費,土木管理費,施設建築費,旅費,普通旅費,,,,51,30
土木費,土木管理費,施設建築費,旅費,特別旅費,,,,160,181
土木費,土木管理費,施設建築費,需用費,,,,,660,735
土木費,土木管理費,施設建築費,需用費,消耗品費,,,,370,472
土木費,土木管理費,施設建築費,需用費,印刷製本費,,,,275,248
土木費,土木管理費,施設建築費,需用費,修繕料,,,,15,15
土木費,土木管理費,施設建築費,役務費,,,,,759,759
土木費,土木管理費,施設建築費,役務費,手数料,,,,759,759
土木費,土木管理費,施設建築費,委託料,,,,,10000,21857
土木費,土木管理費,施設建築費,使用料及び賃借料,,,,,596,1463
土木費,土木管理費,施設建築費,備品購入費,,,,,117,460
土木費,土木管理費,施設建築費,負担金、補助及び交付金,,,,,421,582
土木費,土木管理費,施設建築費,負担金、補助及び交付金,負担金,,,,421,582
土木費,土木管理費,施設建築費,,,施設建築費,,,12245,25384
土木費,土木管理費,施設建築費,,,施設建築費,施設建築事業費,,12245,25384
土木費,土木管理費,施設建築費,,,施設建築費,施設建築事業費,公共建築物改修設計等外注検討,,0
土木費,土木管理費,施設建築費,,,施設建築費,施設建築事業費,公共建築物の新築、修繕等に係る,,
土木費,土木管理費,施設建築費,,,施設建築費,施設建築事業費,県公共建築推進協議会会費,30,30
土木費,土木管理費,施設建築費,,,施設建築費,施設建築事業費,建築コスト管理システム研究所賛助会費,100,100
土木費,土木管理費,施設建築費,,,施設建築費,施設建築事業費,会議、研修会出席者負担金,95,216
土木費,土木管理費,施設建築費,,,施設設備費,,,519,683
土木費,土木管理費,施設建築費,,,施設設備費,施設設備事業費,,519,683
土木費,土木管理費,施設建築費,,,施設設備費,施設設備事業費,公共建築物の新築、修繕等に係る電気、機械,,
土木費,土木管理費,施設建築費,,,施設設備費,施設設備事業費,富士富士宮電力協議会会費,10,10
土木費,土木管理費,施設建築費,,,施設設備費,施設設備事業費,会議、研修会出席者負担金,186,226
土木費,土木管理費,急傾斜地崩,,,,,,44000,17700
土木費,土木管理費,急傾斜地崩,委託料,,,,,25800,0
土木費,土木管理費,急傾斜地崩,工事請負費,,,,,1700,1700
土木費,土木管理費,急傾斜地崩,負担金、補助及び交付金,,,,,16500,16000
土木費,土木管理費,急傾斜地崩,負担金、補助及び交付金,負担金,,,,16500,16000
土木費,土木管理費,急傾斜地崩,,,急傾斜地整備事業費,,,44000,17700
土木費,土木管理費,急傾斜地崩,,,急傾斜地整備事業費,急傾斜地維持修繕事業費,,1700,1700
土木費,土木管理費,急傾斜地崩,,,急傾斜地整備事業費,急傾斜地維持修繕事業費,急傾斜地草刈、伐採　ほか,,
土木費,土木管理費,急傾斜地崩,,,急傾斜地整備事業費,水口急傾斜地崩壊対策事業費,,7500,10000
土木費,土木管理費,急傾斜地崩,,,急傾斜地整備事業費,水口急傾斜地崩壊対策事業費,県事業負担金　　 　　　　　　5％負担,,
土木費,土木管理費,急傾斜地崩,,,急傾斜地整備事業費,間門急傾斜地崩壊対策事業費,,8000,0
土木費,土木管理費,急傾斜地崩,,,急傾斜地整備事業費,間門急傾斜地崩壊対策事業費,県事業負担金　　　　　　　　10％負担,,0
土木費,土木管理費,急傾斜地崩,,,急傾斜地整備事業費,富士岡急傾斜地崩壊対策事業費,,1000,6000
土木費,土木管理費,急傾斜地崩,,,急傾斜地整備事業費,富士岡急傾斜地崩壊対策事業費,県事業負担金　　　　　　　　10％負担,,
土木費,土木管理費,急傾斜地崩,,,急傾斜地整備事業費,中里中塚急傾斜地崩壊対策事業費,,25800,0
土木費,土木管理費,急傾斜地崩,,,急傾斜地整備事業費,中里中塚急傾斜地崩壊対策事業費,指定促進測量,,0
土木費,道路橋梁費,,,,,,,2430806,2838207
土木費,道路橋梁費,道路橋梁総,,,,,,186026,190070
土木費,道路橋梁費,道路橋梁総,報酬,,,,,10485,8437
土木費,道路橋梁費,道路橋梁総,給料,,,,,81606,85027
土木費,道路橋梁費,道路橋梁総,職員手当等当,,,,,52026,54665
土木費,道路橋梁費,道路橋梁総,職員手当等当,管理職手当,,,,797,797
土木費,道路橋梁費,道路橋梁総,職員手当等当,扶養手当,,,,2178,2544
土木費,道路橋梁費,道路橋梁総,職員手当等当,地域手当,,,,2538,3535
土木費,道路橋梁費,道路橋梁総,職員手当等当,住居手当,,,,318,672
土木費,道路橋梁費,道路橋梁総,職員手当等当,通勤手当,,,,2211,2382
土木費,道路橋梁費,道路橋梁総,職員手当等当,時間外勤務手,,,,7000,7000
土木費,道路橋梁費,道路橋梁総,職員手当等当,休日勤務手当,,,,300,300
土木費,道路橋梁費,道路橋梁総,職員手当等当,期末手当,,,,21156,21323
土木費,道路橋梁費,道路橋梁総,職員手当等当,勤勉手当,,,,15528,16112
土木費,道路橋梁費,道路橋梁総,共済費,,,,,29093,29281
土木費,道路橋梁費,道路橋梁総,旅費,,,,,628,459
土木費,道路橋梁費,道路橋梁総,旅費,費用弁償,,,,483,321
土木費,道路橋梁費,道路橋梁総,旅費,普通旅費,,,,30,28
土木費,道路橋梁費,道路橋梁総,旅費,特別旅費,,,,115,110
土木費,道路橋梁費,道路橋梁総,需用費,,,,,237,234
土木費,道路橋梁費,道路橋梁総,需用費,消耗品費,,,,200,197
土木費,道路橋梁費,道路橋梁総,需用費,燃料費,,,,7,7
土木費,道路橋梁費,道路橋梁総,需用費,印刷製本費,,,,30,30
土木費,道路橋梁費,道路橋梁総,役務費,,,,,393,362
土木費,道路橋梁費,道路橋梁総,役務費,通信運搬費,,,,353,322
土木費,道路橋梁費,道路橋梁総,役務費,手数料,,,,40,40
土木費,道路橋梁費,道路橋梁総,使用料及び賃借料,,,,,8520,8554
土木費,道路橋梁費,道路橋梁総,負担金、補助及び交付金,,,,,1038,1051
土木費,道路橋梁費,道路橋梁総,負担金、補助及び交付金,負担金,,,,1038,1051
土木費,道路橋梁費,道路橋梁総,補償、補塡及び賠償金,,,,,2000,2000
土木費,道路橋梁費,道路橋梁総,補償、補塡及び賠償金,賠償金,,,,2000,2000
土木費,道路橋梁費,道路橋梁総,,,給与費,,,173693,177731
土木費,道路橋梁費,道路橋梁総,,,給与費,一般職　２０人,,158256,165348
土木費,道路橋梁費,道路橋梁総,,,給与費,パートタイム会計年度任用職員　（道路整備）,,3803,0
土木費,道路橋梁費,道路橋梁総,,,給与費,パートタイム会計年度任用職員　（道路維持）,,11634,12383
土木費,道路橋梁費,道路橋梁総,,,一般管理費（道路整備）,,,8451,8470
土木費,道路橋梁費,道路橋梁総,,,一般管理費（道路整備）,一般管理費,,8451,8470
土木費,道路橋梁費,道路橋梁総,,,一般管理費（道路整備）,一般管理費,県道路協会負担金,30,30
土木費,道路橋梁費,道路橋梁総,,,一般管理費（道路整備）,一般管理費,土木行政事務電算化研究会会費,5,0
土木費,道路橋梁費,道路橋梁総,,,一般管理費（道路整備）,一般管理費,無電柱化を推進する市区町村長の会会費,3,3
土木費,道路橋梁費,道路橋梁総,,,一般管理費（道路維持）,,,3882,3869
土木費,道路橋梁費,道路橋梁総,,,一般管理費（道路維持）,一般管理費,,3882,3869
土木費,道路橋梁費,道路橋梁総,,,一般管理費（道路維持）,一般管理費,県道路利用者会議負担金,830,830
土木費,道路橋梁費,道路橋梁総,,,一般管理費（道路維持）,一般管理費,会議、研修会出席者負担金,170,188
土木費,道路橋梁費,道路維持費,,,,,,1196944,1388496
土木費,道路橋梁費,道路維持費,旅費,,,,,40,107
土木費,道路橋梁費,道路維持費,旅費,普通旅費,,,,40,107
土木費,道路橋梁費,道路維持費,需用費,,,,,72597,54254
土木費,道路橋梁費,道路維持費,需用費,消耗品費,,,,617,838
土木費,道路橋梁費,道路維持費,需用費,印刷製本費,,,,542,542
土木費,道路橋梁費,道路維持費,需用費,光熱水費,,,,49505,45484
土木費,道路橋梁費,道路維持費,需用費,修繕料,,,,21933,7390
土木費,道路橋梁費,道路維持費,役務費険料,,,,,165,197
土木費,道路橋梁費,道路維持費,役務費険料,通信運搬費,,,,150,155
土木費,道路橋梁費,道路維持費,役務費険料,手数料,,,,2,11
土木費,道路橋梁費,道路維持費,役務費険料,自動車損害保,,,,13,31
土木費,道路橋梁費,道路維持費,委託料,,,,,185283,183452
土木費,道路橋梁費,道路維持費,使用料及び賃借料,,,,,8581,8383
土木費,道路橋梁費,道路維持費,工事請負費,,,,,918600,1063600
土木費,道路橋梁費,道路維持費,原材料費,,,,,9245,10245
土木費,道路橋梁費,道路維持費,公有財産購入費,,,,,1000,700
土木費,道路橋梁費,道路維持費,補償、補塡及び賠償金塡金,,,,,1400,32600
土木費,道路橋梁費,道路維持費,補償、補塡及び賠償金塡金,補償金及び補,,,,1400,32600
土木費,道路橋梁費,道路維持費,公課費,,,,,33,40
土木費,道路橋梁費,道路維持費,,,事業事務費,,,1038,1619
土木費,道路橋梁費,道路維持費,,,事業事務費,事業事務費,,1038,1619
土木費,道路橋梁費,道路維持費,,,道路維持補修費,,,771237,863930
土木費,道路橋梁費,道路維持費,,,道路維持補修費,側溝等維持修繕事業費,,181600,241200
土木費,道路橋梁費,道路維持費,,,道路維持補修費,側溝等維持修繕事業費,伝法町地内道路側溝工事　　　　　　外8路線,,0
土木費,道路橋梁費,道路維持費,,,道路維持補修費,路肩改良事業費,,37400,36100
土木費,道路橋梁費,道路維持費,,,道路維持補修費,路肩改良事業費,市道緊急施工工事（市内全域）,,
土木費,道路橋梁費,道路維持費,,,道路維持補修費,路肩改良事業費,古谿塘内線擁壁補修工事,,0
土木費,道路橋梁費,道路維持費,,,道路維持補修費,舗装補修事業費,,450000,463300
土木費,道路橋梁費,道路維持費,,,道路維持補修費,舗装補修事業費,臨港富士線舗装補修工事　　　　　 外13路線,,0
土木費,道路橋梁費,道路維持費,,,道路維持補修費,安全施設維持修繕事業費,,13000,17200
土木費,道路橋梁費,道路維持費,,,道路維持補修費,安全施設維持修繕事業費,市道緊急施工工事（市内全域）,,
土木費,道路橋梁費,道路維持費,,,道路維持補修費,道路清掃事業費,,69000,79000
土木費,道路橋梁費,道路維持費,,,道路維持補修費,道路清掃事業費,側溝、暗渠、路面清掃及び草刈　ほか,,
土木費,道路橋梁費,道路維持費,,,道路維持補修費,道路点検補修事業費,,20237,27130
土木費,道路橋梁費,道路維持費,,,道路維持補修費,道路点検補修事業費,道路点検パトロール・舗装道路の穴補修　ほか,,
土木費,道路橋梁費,道路維持費,,,道路舗装費,,,150000,150000
土木費,道路橋梁費,道路維持費,,,道路舗装費,道路舗装改良事業費,,150000,150000
土木費,道路橋梁費,道路維持費,,,道路舗装費,道路舗装改良事業費,臨港富士線（青葉町）舗装改良工事　外4路線,,
土木費,道路橋梁費,道路維持費,,,交通安全施設維持修繕費,,,274669,372947
土木費,道路橋梁費,道路維持費,,,交通安全施設維持修繕費,歩道等維持修繕事業費,,86545,27745
土木費,道路橋梁費,道路維持費,,,交通安全施設維持修繕費,歩道等維持修繕事業費,歩道橋定期点検,,0
土木費,道路橋梁費,道路維持費,,,交通安全施設維持修繕費,歩道等維持修繕事業費,富士川第二小歩道橋撤去工事　ほか,,0
土木費,道路橋梁費,道路維持費,,,交通安全施設維持修繕費,反射鏡等維持修繕事業費,,35000,35000
土木費,道路橋梁費,道路維持費,,,交通安全施設維持修繕費,反射鏡等維持修繕事業費,道路反射鏡・区画線設置　ほか,,
土木費,道路橋梁費,道路維持費,,,交通安全施設維持修繕費,道路照明灯維持修繕事業費,,97247,104097
土木費,道路橋梁費,道路維持費,,,交通安全施設維持修繕費,道路照明灯維持修繕事業費,電気料、道路照明灯修繕、道路標識定期点検,,0
土木費,道路橋梁費,道路維持費,,,交通安全施設維持修繕費,駐輪場維持管理事業費,,35354,190260
土木費,道路橋梁費,道路維持費,,,交通安全施設維持修繕費,駐輪場維持管理事業費,整理清掃等　富士駅南地下駐輪場　 外16か所,,
土木費,道路橋梁費,道路維持費,,,交通安全施設維持修繕費,駅前広場維持管理事業費,,9687,8888
土木費,道路橋梁費,道路維持費,,,交通安全施設維持修繕費,駅前広場維持管理事業費,清掃・エレベーター保守管理,,
土木費,道路橋梁費,道路維持費,,,交通安全施設維持修繕費,駅前広場維持管理事業費,富士駅前広場　外1か所,,
土木費,道路橋梁費,道路維持費,,,交通安全施設維持修繕費,地下道維持管理事業費,,2393,1867
土木費,道路橋梁費,道路維持費,,,交通安全施設維持修繕費,地下道維持管理事業費,清掃・電気設備点検　25か所,,
土木費,道路橋梁費,道路維持費,,,交通安全施設維持修繕費,放置自転車対策事業費,,8443,5090
土木費,道路橋梁費,道路維持費,,,交通安全施設維持修繕費,放置自転車対策事業費,放置禁止区域内巡回,,
土木費,道路橋梁費,道路維持費,,,交通安全施設維持修繕費,放置自転車対策事業費,放置自転車撤去・保管・返還　ほか,,
土木費,道路橋梁費,幹線道路整,,,,,,417146,537752
土木費,道路橋梁費,幹線道路整,給料,,,,,23286,23554
土木費,道路橋梁費,幹線道路整,職員手当等当,,,,,14420,16299
土木費,道路橋梁費,幹線道路整,職員手当等当,扶養手当,,,,702,1194
土木費,道路橋梁費,幹線道路整,職員手当等当,地域手当,,,,720,990
土木費,道路橋梁費,幹線道路整,職員手当等当,通勤手当,,,,497,746
土木費,道路橋梁費,幹線道路整,職員手当等当,時間外勤務手,,,,2553,3000
土木費,道路橋梁費,幹線道路整,職員手当等当,休日勤務手当,,,,50,50
土木費,道路橋梁費,幹線道路整,職員手当等当,期末手当,,,,5448,5723
土木費,道路橋梁費,幹線道路整,職員手当等当,勤勉手当,,,,4450,4596
土木費,道路橋梁費,幹線道路整,共済費,,,,,7494,7841
土木費,道路橋梁費,幹線道路整,旅費,,,,,190,76
土木費,道路橋梁費,幹線道路整,旅費,普通旅費,,,,159,45
土木費,道路橋梁費,幹線道路整,旅費,特別旅費,,,,31,31
土木費,道路橋梁費,幹線道路整,需用費,,,,,1093,994
土木費,道路橋梁費,幹線道路整,需用費,消耗品費,,,,394,394
土木費,道路橋梁費,幹線道路整,需用費,印刷製本費,,,,699,600
土木費,道路橋梁費,幹線道路整,委託料,,,,,82300,11500
土木費,道路橋梁費,幹線道路整,工事請負費,,,,,258288,435800
土木費,道路橋梁費,幹線道路整,負担金、補助及び交付金,,,,,29775,36750
土木費,道路橋梁費,幹線道路整,負担金、補助及び交付金,負担金,,,,29775,36750
土木費,道路橋梁費,幹線道路整,補償、補塡及び賠償金塡金,,,,,300,4900
土木費,道路橋梁費,幹線道路整,補償、補塡及び賠償金塡金,補償金及び補,,,,300,4900
土木費,道路橋梁費,幹線道路整,,,給与費,,,45200,47694
土木費,道路橋梁費,幹線道路整,,,給与費,一般職　６人,,45200,47694
土木費,道路橋梁費,幹線道路整,,,事業事務費,,,1298,1123
土木費,道路橋梁費,幹線道路整,,,事業事務費,事業事務費,,1298,1123
土木費,道路橋梁費,幹線道路整,,,事業事務費,事業事務費,会議、研修会出席者負担金,15,15
土木費,道路橋梁費,幹線道路整,,,幹線道路新設改良費,,,235300,397500
土木費,道路橋梁費,幹線道路整,,,幹線道路新設改良費,天間清水久保２号線新設事業費,,235300,397500
土木費,道路橋梁費,幹線道路整,,,幹線道路新設改良費,天間清水久保２号線新設事業費,橋梁上部工　　　Ｎ＝1基,,
土木費,道路橋梁費,幹線道路整,,,幹線道路新設改良費,天間清水久保２号線新設事業費,道路工　　　　　Ｌ＝214ｍ,,0
土木費,道路橋梁費,幹線道路整,,,歩道整備費,,,9800,44200
土木費,道路橋梁費,幹線道路整,,,歩道整備費,柚木道下２号線歩道設置事業費,,6000,40700
土木費,道路橋梁費,幹線道路整,,,歩道整備費,柚木道下２号線歩道設置事業費,詳細設計　ほか,,0
土木費,道路橋梁費,幹線道路整,,,歩道整備費,歩道整備関連事業費,,3800,3500
土木費,道路橋梁費,幹線道路整,,,歩道整備費,歩道整備関連事業費,歩道設置工　ほか,,
土木費,道路橋梁費,幹線道路整,,,幹線道路事業関連道路整備費,,,89000,0
土木費,道路橋梁費,幹線道路整,,,幹線道路事業関連道路整備費,国道１３９号西富士道路新ＩＣ整備事業費,,70500,0
土木費,道路橋梁費,幹線道路整,,,幹線道路事業関連道路整備費,国道１３９号西富士道路新ＩＣ整備事業費,詳細設計　ほか,,0
土木費,道路橋梁費,幹線道路整,,,幹線道路事業関連道路整備費,新々富士川橋関連道路整備事業費,,18500,0
土木費,道路橋梁費,幹線道路整,,,幹線道路事業関連道路整備費,新々富士川橋関連道路整備事業費,道路工　　　　　Ｌ＝70ｍ,,0
土木費,道路橋梁費,幹線道路整,,,自転車通行空間整備費,,,6788,5000
土木費,道路橋梁費,幹線道路整,,,自転車通行空間整備費,自転車通行空間整備事業費,,6788,5000
土木費,道路橋梁費,幹線道路整,,,自転車通行空間整備費,自転車通行空間整備事業費,自転車通行空間ネットワーク計画策定　ほか,,0
土木費,道路橋梁費,幹線道路整,,,県営事業負担金,,,29760,36735
土木費,道路橋梁費,幹線道路整,,,県営事業負担金,県営道路整備事業費,,29760,36735
土木費,道路橋梁費,幹線道路整,,,県営事業負担金,県営道路整備事業費,鷹岡柚木線　　　外4路線　　　10％負担,,
土木費,道路橋梁費,生活道路整,,,,,,217645,218013
土木費,道路橋梁費,生活道路整,給料,,,,,27140,27195
土木費,道路橋梁費,生活道路整,職員手当等当,,,,,17758,18212
土木費,道路橋梁費,生活道路整,職員手当等当,扶養手当,,,,552,988
土木費,道路橋梁費,生活道路整,職員手当等当,地域手当,,,,831,1132
土木費,道路橋梁費,生活道路整,職員手当等当,住居手当,,,,876,591
土木費,道路橋梁費,生活道路整,職員手当等当,通勤手当,,,,630,822
土木費,道路橋梁費,生活道路整,職員手当等当,時間外勤務手,,,,3350,3350
土木費,道路橋梁費,生活道路整,職員手当等当,休日勤務手当,,,,50,50
土木費,道路橋梁費,生活道路整,職員手当等当,期末手当,,,,6287,6287
土木費,道路橋梁費,生活道路整,職員手当等当,勤勉手当,,,,5182,4992
土木費,道路橋梁費,生活道路整,共済費,,,,,8687,8751
土木費,道路橋梁費,生活道路整,旅費,,,,,199,200
土木費,道路橋梁費,生活道路整,旅費,普通旅費,,,,183,184
土木費,道路橋梁費,生活道路整,旅費,特別旅費,,,,16,16
土木費,道路橋梁費,生活道路整,需用費,,,,,461,455
土木費,道路橋梁費,生活道路整,需用費,消耗品費,,,,176,175
土木費,道路橋梁費,生活道路整,需用費,印刷製本費,,,,285,280
土木費,道路橋梁費,生活道路整,委託料,,,,,15500,2000
土木費,道路橋梁費,生活道路整,工事請負費,,,,,130450,149700
土木費,道路橋梁費,生活道路整,公有財産購入費,,,,,1350,1400
土木費,道路橋梁費,生活道路整,補償、補塡及び賠償金塡金,,,,,16100,9100
土木費,道路橋梁費,生活道路整,補償、補塡及び賠償金塡金,補償金及び補,,,,16100,9100
土木費,道路橋梁費,生活道路整,,,給与費,,,53585,54158
土木費,道路橋梁費,生活道路整,,,給与費,一般職　７人,,53585,54158
土木費,道路橋梁費,生活道路整,,,事業事務費,,,397,392
土木費,道路橋梁費,生活道路整,,,事業事務費,事業事務費,,397,392
土木費,道路橋梁費,生活道路整,,,主要生活道路整備費,,,32000,42000
土木費,道路橋梁費,生活道路整,,,主要生活道路整備費,中里大棚滝線改良事業費,,32000,32000
土木費,道路橋梁費,生活道路整,,,主要生活道路整備費,中里大棚滝線改良事業費,落石防護柵工　　Ｌ＝35ｍ,,0
土木費,道路橋梁費,生活道路整,,,生活道路整備費,,,98400,100200
土木費,道路橋梁費,生活道路整,,,生活道路整備費,比奈西鴻ノ巣１号線改良事業費,,4600,5000
土木費,道路橋梁費,生活道路整,,,生活道路整備費,比奈西鴻ノ巣１号線改良事業費,側溝工　　　　　Ｌ＝12ｍ,,0
土木費,道路橋梁費,生活道路整,,,生活道路整備費,比奈西鴻ノ巣１号線改良事業費,ブロック積工　　Ａ＝35㎡,,0
土木費,道路橋梁費,生活道路整,,,生活道路整備費,青葉台小学校南地区計画・地区施設整備事業費,,37500,29500
土木費,道路橋梁費,生活道路整,,,生活道路整備費,青葉台小学校南地区計画・地区施設整備事業費,道路工　　　　　Ｌ＝48ｍ,,0
土木費,道路橋梁費,生活道路整,,,生活道路整備費,青葉台小学校南地区計画・地区施設整備事業費,用地取得　　　　Ａ＝39㎡,,0
土木費,道路橋梁費,生活道路整,,,生活道路整備費,青葉台小学校南地区計画・地区施設整備事業費,補償一式,,
土木費,道路橋梁費,生活道路整,,,生活道路整備費,青葉台小学校南地区計画・地区施設整備事業費,用地測量　ほか,,0
土木費,道路橋梁費,生活道路整,,,生活道路整備費,岩本山公園線改良事業費,,50000,60000
土木費,道路橋梁費,生活道路整,,,生活道路整備費,岩本山公園線改良事業費,歩道設置工　　　Ｌ＝46ｍ,,0
土木費,道路橋梁費,生活道路整,,,生活道路整備費,岩本山公園線改良事業費,補償一式,,
土木費,道路橋梁費,生活道路整,,,生活道路整備費,道路整備関連事業費,,6300,5700
土木費,道路橋梁費,生活道路整,,,生活道路整備費,道路整備関連事業費,道路工　ほか,,
土木費,道路橋梁費,生活道路整,,,工業振興基盤整備費,,,33263,21263
土木費,道路橋梁費,生活道路整,,,工業振興基盤整備費,依田橋芝添３号線改良事業費,,12000,0
土木費,道路橋梁費,生活道路整,,,工業振興基盤整備費,依田橋芝添３号線改良事業費,用地測量・道路設計,,0
土木費,道路橋梁費,生活道路整,,,工業振興基盤整備費,五貫島上五貫島１号線改良事業費,,20000,20000
土木費,道路橋梁費,生活道路整,,,工業振興基盤整備費,五貫島上五貫島１号線改良事業費,道路工　　　　　Ｌ＝24ｍ,,0
土木費,道路橋梁費,生活道路整,,,工業振興基盤整備費,工業振興基盤整備関連事業費,,1263,1263
土木費,道路橋梁費,生活道路整,,,工業振興基盤整備費,工業振興基盤整備関連事業費,道路工　ほか,,
土木費,道路橋梁費,橋梁維持費,,,,,,389045,447876
土木費,道路橋梁費,橋梁維持費,報酬,,,,,5202,5776
土木費,道路橋梁費,橋梁維持費,職員手当等,,,,,1021,1416
土木費,道路橋梁費,橋梁維持費,職員手当等,期末手当,,,,880,1212
土木費,道路橋梁費,橋梁維持費,職員手当等,勤勉手当,,,,141,204
土木費,道路橋梁費,橋梁維持費,共済費,,,,,966,1088
土木費,道路橋梁費,橋梁維持費,旅費,,,,,559,477
土木費,道路橋梁費,橋梁維持費,旅費,費用弁償,,,,242,226
土木費,道路橋梁費,橋梁維持費,旅費,普通旅費,,,,204,200
土木費,道路橋梁費,橋梁維持費,旅費,特別旅費,,,,113,51
土木費,道路橋梁費,橋梁維持費,需用費,,,,,47,68
土木費,道路橋梁費,橋梁維持費,需用費,消耗品費,,,,47,68
土木費,道路橋梁費,橋梁維持費,委託料,,,,,65500,126000
土木費,道路橋梁費,橋梁維持費,工事請負費,,,,,312000,295900
土木費,道路橋梁費,橋梁維持費,原材料費,,,,,500,500
土木費,道路橋梁費,橋梁維持費,備品購入費,,,,,39,230
土木費,道路橋梁費,橋梁維持費,負担金、補助及び交付金,,,,,11,8021
土木費,道路橋梁費,橋梁維持費,負担金、補助及び交付金,負担金,,,,11,8021
土木費,道路橋梁費,橋梁維持費,補償、補塡及び賠償金塡金,,,,,3200,8400
土木費,道路橋梁費,橋梁維持費,補償、補塡及び賠償金塡金,補償金及び補,,,,3200,8400
土木費,道路橋梁費,橋梁維持費,,,給与費,,,7431,8480
土木費,道路橋梁費,橋梁維持費,,,給与費,パートタイム会計年度任用職員,,7431,8480
土木費,道路橋梁費,橋梁維持費,,,橋梁維持補修費,,,264614,282396
土木費,道路橋梁費,橋梁維持費,,,橋梁維持補修費,橋梁維持補修事業費,,55200,52300
土木費,道路橋梁費,橋梁維持費,,,橋梁維持補修費,橋梁維持補修事業費,土手上横沢線暗渠工事　　外1路線,,
土木費,道路橋梁費,橋梁維持費,,,橋梁維持補修費,橋梁長寿命化修繕事業費,,209414,230096
土木費,道路橋梁費,橋梁維持費,,,橋梁維持補修費,橋梁長寿命化修繕事業費,中の段橋修繕工　　　　　外1件,,0
土木費,道路橋梁費,橋梁維持費,,,橋梁維持補修費,橋梁長寿命化修繕事業費,花川戸橋修繕設計　　　　外1件,,0
土木費,道路橋梁費,橋梁維持費,,,橋梁維持補修費,橋梁長寿命化修繕事業費,道路橋定期点検　　　　　Ｎ＝17橋,,0
土木費,道路橋梁費,橋梁維持費,,,橋梁維持補修費,橋梁長寿命化修繕事業費,会議、研修会出席者負担金,11,21
土木費,道路橋梁費,橋梁維持費,,,橋梁耐震補強費,,,117000,157000
土木費,道路橋梁費,橋梁維持費,,,橋梁耐震補強費,橋梁耐震補強事業費,,117000,157000
土木費,道路橋梁費,橋梁維持費,,,橋梁耐震補強費,橋梁耐震補強事業費,芙蓉橋耐震補強工,,0
土木費,道路橋梁費,橋梁新設改,,,,,,24000,56000
土木費,道路橋梁費,橋梁新設改,負担金、補助及び交付金,,,,,24000,56000
土木費,道路橋梁費,橋梁新設改,負担金、補助及び交付金,負担金,,,,24000,56000
土木費,道路橋梁費,橋梁新設改,,,橋梁新設改良費,,,24000,56000
土木費,道路橋梁費,橋梁新設改,,,橋梁新設改良費,田子鮫島線（竜宮橋）架替事業費,,24000,56000
土木費,道路橋梁費,橋梁新設改,,,橋梁新設改良費,田子鮫島線（竜宮橋）架替事業費,県事業負担金　　42.5％負担,,
土木費,河川費,,,,,,,840565,1080955
土木費,河川費,河川総務費,,,,,,103138,108666
土木費,河川費,河川総務費,報酬,,,,,5247,5610
土木費,河川費,河川総務費,給料,,,,,44380,47280
土木費,河川費,河川総務費,職員手当等当,,,,,30587,32723
土木費,河川費,河川総務費,職員手当等当,管理職手当,,,,797,797
土木費,河川費,河川総務費,職員手当等当,扶養手当,,,,1080,606
土木費,河川費,河川総務費,職員手当等当,地域手当,,,,1388,1948
土木費,河川費,河川総務費,職員手当等当,住居手当,,,,939,1257
土木費,河川費,河川総務費,職員手当等当,通勤手当,,,,754,711
土木費,河川費,河川総務費,職員手当等当,時間外勤務手,,,,5358,5358
土木費,河川費,河川総務費,職員手当等当,休日勤務手当,,,,50,50
土木費,河川費,河川総務費,職員手当等当,期末手当,,,,11484,12434
土木費,河川費,河川総務費,職員手当等当,勤勉手当,,,,8737,9562
土木費,河川費,河川総務費,共済費,,,,,15910,16463
土木費,河川費,河川総務費,報償費,,,,,260,250
土木費,河川費,河川総務費,旅費,,,,,493,491
土木費,河川費,河川総務費,旅費,費用弁償,,,,200,200
土木費,河川費,河川総務費,旅費,普通旅費,,,,196,188
土木費,河川費,河川総務費,旅費,特別旅費,,,,97,103
土木費,河川費,河川総務費,需用費,,,,,248,250
土木費,河川費,河川総務費,需用費,消耗品費,,,,152,154
土木費,河川費,河川総務費,需用費,印刷製本費,,,,96,96
土木費,河川費,河川総務費,役務費,,,,,499,377
土木費,河川費,河川総務費,役務費,通信運搬費,,,,381,271
土木費,河川費,河川総務費,役務費,保険料,,,,118,106
土木費,河川費,河川総務費,委託料,,,,,700,676
土木費,河川費,河川総務費,使用料及び賃借料,,,,,242,245
土木費,河川費,河川総務費,負担金、補助及び交付金,,,,,4572,4301
土木費,河川費,河川総務費,負担金、補助及び交付金,負担金,,,,1472,1201
土木費,河川費,河川総務費,負担金、補助及び交付金,補助金,,,,3100,3100
土木費,河川費,河川総務費,,,給与費,,,96324,102276
土木費,河川費,河川総務費,,,給与費,一般職　１１人,,88628,93980
土木費,河川費,河川総務費,,,給与費,パートタイム会計年度任用職員,,7696,8296
土木費,河川費,河川総務費,,,一般管理費,,,3005,2605
土木費,河川費,河川総務費,,,一般管理費,一般管理費,,2855,2605
土木費,河川費,河川総務費,,,一般管理費,一般管理費,用水委員　26人,,0
土木費,河川費,河川総務費,,,一般管理費,一般管理費,富士治山治水期成同盟会負担金,120,120
土木費,河川費,河川総務費,,,一般管理費,一般管理費,沼川改修促進期成同盟会負担金,135,135
土木費,河川費,河川総務費,,,一般管理費,一般管理費,県河川協会負担金,405,405
土木費,河川費,河川総務費,,,一般管理費,一般管理費,全国治水砂防協会県支部会費,385,161
土木費,河川費,河川総務費,,,一般管理費,一般管理費,富士川改修促進期成同盟会負担金,30,30
土木費,河川費,河川総務費,,,一般管理費,一般管理費,会議、研修会出席者負担金,247,200
土木費,河川費,河川総務費,,,一般管理費,富士海岸整備促進事務費,,150,0
土木費,河川費,河川総務費,,,一般管理費,富士海岸整備促進事務費,富士海岸保全施設,150,0
土木費,河川費,河川総務費,,,河川愛護事業費,,,1109,1085
土木費,河川費,河川総務費,,,河川愛護事業費,河川愛護推進事業費,,1109,1085
土木費,河川費,河川総務費,,,河川愛護事業費,河川愛護推進事業費,河川愛護美化啓発イベント開催,,0
土木費,河川費,河川総務費,,,河川愛護事業費,河川愛護推進事業費,たらい流し川祭り事業費補助金,400,400
土木費,河川費,河川総務費,,,雨水浸透・貯留施設設置費,,,2700,2700
土木費,河川費,河川総務費,,,雨水浸透・貯留施設設置費,雨水浸透・貯留施設設置助成費,,2700,2700
土木費,河川費,河川総務費,,,雨水浸透・貯留施設設置費,雨水浸透・貯留施設設置助成費,雨水浸透・貯留施設設置費補助金,,
土木費,河川費,河川維持費,,,,,,324772,333571
土木費,河川費,河川維持費,報償費,,,,,544,7495
土木費,河川費,河川維持費,需用費,,,,,18950,19915
土木費,河川費,河川維持費,需用費,消耗品費,,,,509,599
土木費,河川費,河川維持費,需用費,燃料費,,,,9,9
土木費,河川費,河川維持費,需用費,印刷製本費,,,,70,70
土木費,河川費,河川維持費,需用費,光熱水費,,,,9652,8992
土木費,河川費,河川維持費,需用費,修繕料,,,,8710,10245
土木費,河川費,河川維持費,役務費,,,,,6521,7107
土木費,河川費,河川維持費,役務費,通信運搬費,,,,6521,7107
土木費,河川費,河川維持費,委託料,,,,,46157,43534
土木費,河川費,河川維持費,使用料及び賃借料,,,,,6600,6072
土木費,河川費,河川維持費,工事請負費,,,,,245200,248570
土木費,河川費,河川維持費,原材料費,,,,,500,600
土木費,河川費,河川維持費,補償、補塡及び賠償金塡金,,,,,300,200
土木費,河川費,河川維持費,補償、補塡及び賠償金塡金,補償金及び補,,,,300,200
土木費,河川費,河川維持費,,,事業事務費,,,176,316
土木費,河川費,河川維持費,,,事業事務費,事業事務費,,176,316
土木費,河川費,河川維持費,,,河川維持補修費,,,292708,299636
土木費,河川費,河川維持費,,,河川維持補修費,河川維持補修事業費,,258900,263550
土木費,河川費,河川維持費,,,河川維持補修費,河川維持補修事業費,河川維持補修、修繕,,
土木費,河川費,河川維持費,,,河川維持補修費,河川維持補修事業費,調整池、河川浚渫,,
土木費,河川費,河川維持費,,,河川維持補修費,河川維持補修事業費,春堀工事、春堀浚渫,,
土木費,河川費,河川維持費,,,河川維持補修費,河川緑地維持管理事業費,,20000,22814
土木費,河川費,河川維持費,,,河川維持補修費,河川緑地維持管理事業費,除草、刈込、剪定　ほか,,
土木費,河川費,河川維持費,,,河川維持補修費,春堀・河川清掃事業費,,13808,13272
土木費,河川費,河川維持費,,,河川維持補修費,春堀・河川清掃事業費,町内会、河川愛護団体による清掃、浚渫,,
土木費,河川費,河川維持費,,,河川工作物維持補修費,,,31888,33619
土木費,河川費,河川維持費,,,河川工作物維持補修費,河川工作物維持補修事業費,,7300,6870
土木費,河川費,河川維持費,,,河川工作物維持補修費,河川工作物維持補修事業費,水門等工作物維持補修,,
土木費,河川費,河川維持費,,,河川工作物維持補修費,河川工作物保守管理事業費,,24588,26749
土木費,河川費,河川維持費,,,河川工作物維持補修費,河川工作物保守管理事業費,水門、排水機場の点検、検査、修繕,,
土木費,河川費,河川維持費,,,河川工作物維持補修費,河川工作物保守管理事業費,水門管理人　61人,,0
土木費,河川費,河川改良費,,,,,,409660,635706
土木費,河川費,河川改良費,給料,,,,,38235,38984
土木費,河川費,河川改良費,職員手当等当,,,,,26166,27002
土木費,河川費,河川改良費,職員手当等当,扶養手当,,,,2184,2136
土木費,河川費,河川改良費,職員手当等当,地域手当,,,,1213,1645
土木費,河川費,河川改良費,職員手当等当,住居手当,,,,318,336
土木費,河川費,河川改良費,職員手当等当,通勤手当,,,,633,498
土木費,河川費,河川改良費,職員手当等当,時間外勤務手,,,,4963,4963
土木費,河川費,河川改良費,職員手当等当,休日勤務手当,,,,50,50
土木費,河川費,河川改良費,職員手当等当,期末手当,,,,9347,9648
土木費,河川費,河川改良費,職員手当等当,勤勉手当,,,,7458,7726
土木費,河川費,河川改良費,共済費,,,,,13432,13045
土木費,河川費,河川改良費,旅費,,,,,477,317
土木費,河川費,河川改良費,旅費,普通旅費,,,,477,317
土木費,河川費,河川改良費,需用費,,,,,1250,1250
土木費,河川費,河川改良費,需用費,消耗品費,,,,450,650
土木費,河川費,河川改良費,需用費,印刷製本費,,,,800,600
土木費,河川費,河川改良費,役務費,,,,,200,820
土木費,河川費,河川改良費,役務費,手数料,,,,200,820
土木費,河川費,河川改良費,委託料,,,,,132000,154600
土木費,河川費,河川改良費,使用料及び賃借料,,,,,100,100
土木費,河川費,河川改良費,工事請負費,,,,,194920,375560
土木費,河川費,河川改良費,補償、補塡及び賠償金塡金,,,,,2880,14728
土木費,河川費,河川改良費,補償、補塡及び賠償金塡金,補償金及び補,,,,2880,14728
土木費,河川費,河川改良費,,,給与費,,,77833,79031
土木費,河川費,河川改良費,,,給与費,一般職　９人,,77833,79031
土木費,河川費,河川改良費,,,事業事務費,,,1827,1667
土木費,河川費,河川改良費,,,事業事務費,事業事務費,,1827,1667
土木費,河川費,河川改良費,,,河川改良費（国庫補助）,,,75100,92400
土木費,河川費,河川改良費,,,河川改良費（国庫補助）,富士早川改修事業費,,51000,46000
土木費,河川費,河川改良費,,,河川改良費（国庫補助）,富士早川改修事業費,橋梁上部工　　　　　　Ｎ＝1基,,0
土木費,河川費,河川改良費,,,河川改良費（国庫補助）,富士早川改修事業費,管理道築造　　　　　　Ｌ＝96ｍ,,0
土木費,河川費,河川改良費,,,河川改良費（国庫補助）,富士早川改修事業費,流況解析一式,,0
土木費,河川費,河川改良費,,,河川改良費（国庫補助）,下堀（下流部）改修事業費,,24100,46400
土木費,河川費,河川改良費,,,河川改良費（国庫補助）,下堀（下流部）改修事業費,左岸取合道路築造　　　Ｌ＝71ｍ,,0
土木費,河川費,河川改良費,,,河川改良費（国庫補助）,下堀（下流部）改修事業費,修正設計一式,,0
土木費,河川費,河川改良費,,,河川改良費（単独）,,,131900,278388
土木費,河川費,河川改良費,,,河川改良費（単独）,新堀（上流部）改修事業費,,42000,64788
土木費,河川費,河川改良費,,,河川改良費（単独）,新堀（上流部）改修事業費,護岸工　　　　　　　　Ｌ＝24ｍ,,0
土木費,河川費,河川改良費,,,河川改良費（単独）,新堀（上流部）改修事業費,補償一式,,
土木費,河川費,河川改良費,,,河川改良費（単独）,江尾江川流域治水対策事業費,,47000,61300
土木費,河川費,河川改良費,,,河川改良費（単独）,江尾江川流域治水対策事業費,水路改修工　　　　　　Ｌ＝40ｍ,,0
土木費,河川費,河川改良費,,,河川改良費（単独）,江尾江川流域治水対策事業費,用地測量一式,,0
土木費,河川費,河川改良費,,,河川改良費（単独）,江尾江川流域治水対策事業費,地区内浚渫工,,0
土木費,河川費,河川改良費,,,河川改良費（単独）,総合治水計画推進事業費,,19700,1900
土木費,河川費,河川改良費,,,河川改良費（単独）,総合治水計画推進事業費,田子浦地区浸水対策検討,,0
土木費,河川費,河川改良費,,,河川改良費（単独）,雨水貯留池整備事業費,,7000,8000
土木費,河川費,河川改良費,,,河川改良費（単独）,雨水貯留池整備事業費,岳陽中学校校庭貯留設計,,0
土木費,河川費,河川改良費,,,河川改良費（単独）,下堀（川成島地区）改修事業費,,7000,95000
土木費,河川費,河川改良費,,,河川改良費（単独）,下堀（川成島地区）改修事業費,護岸詳細設計,,0
土木費,河川費,河川改良費,,,河川改良費（単独）,前田地区排水路改修事業費,,9200,4500
土木費,河川費,河川改良費,,,河川改良費（単独）,前田地区排水路改修事業費,舞台北堀測量,,0
土木費,河川費,河川改良費,,,河川改良費（単独）,前田地区排水路改修事業費,前田広町堀改修工　　　Ｌ＝60ｍ,,
土木費,河川費,河川改良費,,,工業振興基盤整備費,,,123000,184220
土木費,河川費,河川改良費,,,工業振興基盤整備費,大野新田地区水路改修事業費,,67000,86200
土木費,河川費,河川改良費,,,工業振興基盤整備費,大野新田地区水路改修事業費,水路工　　　　　　　　Ｌ＝49ｍ,,0
土木費,河川費,河川改良費,,,工業振興基盤整備費,大野新田地区水路改修事業費,水路浚渫工,,0
土木費,河川費,河川改良費,,,工業振興基盤整備費,大野新田地区水路改修事業費,水門補修工　　　　　　Ｎ＝1基,,0
土木費,河川費,河川改良費,,,工業振興基盤整備費,沖田地区水路整備事業費,,56000,98020
土木費,河川費,河川改良費,,,工業振興基盤整備費,沖田地区水路整備事業費,ポンプ場基本設計,,0
土木費,河川費,河川改良費,,,工業振興基盤整備費,沖田地区水路整備事業費,南地区雨水管渠施設計画,,0
土木費,河川費,河川改良費,,,工業振興基盤整備費,沖田地区水路整備事業費,ポンプ場補償再算定・用地鑑定評価,,
土木費,河川費,河川改良費,,,工業振興基盤整備費,沖田地区水路整備事業費,水路年間維持管理,,
土木費,河川費,都市下水路,,,,,,2995,3012
土木費,河川費,都市下水路,需用費,,,,,23,31
土木費,河川費,都市下水路,需用費,消耗品費,,,,21,29
土木費,河川費,都市下水路,需用費,印刷製本費,,,,2,2
土木費,河川費,都市下水路,役務費,,,,,68,61
土木費,河川費,都市下水路,役務費,保険料,,,,68,61
土木費,河川費,都市下水路,委託料,,,,,904,920
土木費,河川費,都市下水路,工事請負費,,,,,2000,2000
土木費,河川費,都市下水路,,,都市下水路維持修繕費,,,2995,3012
土木費,河川費,都市下水路,,,都市下水路維持修繕費,都市下水路維持修繕事業費,,2995,3012
土木費,河川費,都市下水路,,,都市下水路維持修繕費,都市下水路維持修繕事業費,都市下水路修繕浚渫,,
土木費,港湾費,,,,,,,217473,240867
土木費,港湾費,港湾整備費,,,,,,217473,240867
土木費,港湾費,港湾整備費,報償費,,,,,900,0
土木費,港湾費,港湾整備費,旅費,,,,,464,486
土木費,港湾費,港湾整備費,旅費,普通旅費,,,,274,290
土木費,港湾費,港湾整備費,旅費,特別旅費,,,,190,196
土木費,港湾費,港湾整備費,需用費,,,,,8,8
土木費,港湾費,港湾整備費,需用費,消耗品費,,,,8,8
土木費,港湾費,港湾整備費,委託料,,,,,20787,18000
土木費,港湾費,港湾整備費,負担金、補助及び交付金,,,,,195314,187340
土木費,港湾費,港湾整備費,負担金、補助及び交付金,負担金,,,,192614,184940
土木費,港湾費,港湾整備費,負担金、補助及び交付金,補助金,,,,2700,2400
土木費,港湾費,港湾整備費,,,港湾振興費,,,26329,67213
土木費,港湾費,港湾整備費,,,港湾振興費,港湾振興事業費,,2648,1754
土木費,港湾費,港湾整備費,,,港湾振興費,港湾振興事業費,田子の浦港船舶出入状況調査,,0
土木費,港湾費,港湾整備費,,,港湾振興費,港湾振興事業費,田子の浦港整備利用促進活動費補助金,300,300
土木費,港湾費,港湾整備費,,,港湾振興費,港湾振興事業費,県港湾振興会負担金,1005,1005
土木費,港湾費,港湾整備費,,,港湾振興費,港湾振興事業費,中部みなとオアシス連絡協議会負担金,60,60
土木費,港湾費,港湾整備費,,,港湾振興費,港湾振興事業費,海の日記念事業負担金,50,50
土木費,港湾費,港湾整備費,,,港湾振興費,港湾振興事業費,ポートセールス実行委員会負担金,20,20
土木費,港湾費,港湾整備費,,,港湾振興費,港湾振興事業費,会議、研修会出席者負担金,18,18
土木費,港湾費,港湾整備費,,,港湾振興費,田子の浦港にぎわい推進事業費,,23681,65459
土木費,港湾費,港湾整備費,,,港湾振興費,田子の浦港にぎわい推進事業費,田子の浦ポートフェスタ2025開催,,0
土木費,港湾費,港湾整備費,,,港湾振興費,田子の浦港にぎわい推進事業費,プロムナードにぎわい推進事業,,
土木費,港湾費,港湾整備費,,,港湾振興費,田子の浦港にぎわい推進事業費,田子の浦港イルミネーション事業,,
土木費,港湾費,港湾整備費,,,港湾振興費,田子の浦港にぎわい推進事業費,田子の浦港にぎわいイベント,2400,2100
土木費,港湾費,港湾整備費,,,港湾振興費,田子の浦港にぎわい推進事業費,客船寄港歓送迎事業負担金,300,3000
土木費,港湾費,港湾整備費,,,港湾振興費,田子の浦港にぎわい推進事業費,会議、研修会出席者負担金,17,17
土木費,港湾費,港湾整備費,,,港湾整備促進費,,,191144,173654
土木費,港湾費,港湾整備費,,,港湾整備促進費,田子の浦港整備県事業負担金,,191144,173654
土木費,港湾費,港湾整備費,,,港湾整備促進費,田子の浦港整備県事業負担金,直轄事業　　　　　　　　　5／100負担,8116,2000
土木費,港湾費,港湾整備費,,,港湾整備促進費,田子の浦港整備県事業負担金,港湾改修（重要）事業　　 15／100負担,71934,76151
土木費,港湾費,港湾整備費,,,港湾整備促進費,田子の浦港整備県事業負担金,港湾メンテナンス（統合補助）事業,62711,8461
土木費,港湾費,港湾整備費,,,港湾整備促進費,田子の浦港整備県事業負担金,港湾維持浚渫事業　　　　 25／100負担,42422,38614
土木費,港湾費,港湾整備費,,,港湾整備促進費,田子の浦港整備県事業負担金,港湾施設改良事業　　　　 30／100負担,354,340
土木費,港湾費,港湾整備費,,,港湾整備促進費,田子の浦港整備県事業負担金,港湾現況調査事業　　　　 30／100負担,3763,2538
土木費,港湾費,港湾整備費,,,港湾整備促進費,田子の浦港整備県事業負担金,港湾海岸環境整備事業　　 50／100負担,1844,7192
土木費,都市計画費,,,,,,,3958838,4867768
土木費,都市計画費,都市計画総,,,,,,307917,302237
土木費,都市計画費,都市計画総,報酬,,,,,2412,2556
土木費,都市計画費,都市計画総,給料,,,,,144099,146749
土木費,都市計画費,都市計画総,職員手当等当,,,,,94164,99382
土木費,都市計画費,都市計画総,職員手当等当,管理職手当,,,,3345,3345
土木費,都市計画費,都市計画総,職員手当等当,扶養手当,,,,5730,6387
土木費,都市計画費,都市計画総,職員手当等当,地域手当,,,,4596,6255
土木費,都市計画費,都市計画総,職員手当等当,住居手当,,,,1344,1390
土木費,都市計画費,都市計画総,職員手当等当,通勤手当,,,,3526,3770
土木費,都市計画費,都市計画総,職員手当等当,特殊勤務手当,,,,108,108
土木費,都市計画費,都市計画総,職員手当等当,時間外勤務手,,,,11792,11792
土木費,都市計画費,都市計画総,職員手当等当,休日勤務手当,,,,50,50
土木費,都市計画費,都市計画総,職員手当等当,期末手当,,,,35308,36800
土木費,都市計画費,都市計画総,職員手当等当,勤勉手当,,,,28365,29485
土木費,都市計画費,都市計画総,共済費,,,,,48459,49340
土木費,都市計画費,都市計画総,旅費,,,,,331,366
土木費,都市計画費,都市計画総,旅費,費用弁償,,,,45,58
土木費,都市計画費,都市計画総,旅費,普通旅費,,,,82,137
土木費,都市計画費,都市計画総,旅費,特別旅費,,,,204,171
土木費,都市計画費,都市計画総,需用費,,,,,1389,1492
土木費,都市計画費,都市計画総,需用費,消耗品費,,,,288,288
土木費,都市計画費,都市計画総,需用費,食糧費,,,,6,6
土木費,都市計画費,都市計画総,需用費,印刷製本費,,,,1095,1198
土木費,都市計画費,都市計画総,委託料,,,,,15751,1040
土木費,都市計画費,都市計画総,使用料及び賃借料,,,,,844,844
土木費,都市計画費,都市計画総,負担金、補助及び交付金,,,,,468,468
土木費,都市計画費,都市計画総,負担金、補助及び交付金,負担金,,,,468,468
土木費,都市計画費,都市計画総,,,給与費,,,289134,298027
土木費,都市計画費,都市計画総,,,給与費,都市計画審議会委員　１２人,,480,480
土木費,都市計画費,都市計画総,,,給与費,一般職　３３人,,285895,294557
土木費,都市計画費,都市計画総,,,給与費,パートタイム会計年度任用職員,,2759,2990
土木費,都市計画費,都市計画総,,,都市計画審議会費,,,76,160
土木費,都市計画費,都市計画総,,,都市計画審議会費,都市計画審議会費,,76,160
土木費,都市計画費,都市計画総,,,都市計画管理費,,,18707,4050
土木費,都市計画費,都市計画総,,,都市計画管理費,都市計画管理事業費,,1693,1775
土木費,都市計画費,都市計画総,,,都市計画管理費,都市計画管理事業費,都市計画協会会費,228,228
土木費,都市計画費,都市計画総,,,都市計画管理費,都市計画管理事業費,県都市計画協会会費,200,200
土木費,都市計画費,都市計画総,,,都市計画管理費,都市計画管理事業費,岳南広域都市計画担当者連絡協議会会費,40,40
土木費,都市計画費,都市計画総,,,都市計画管理費,都市計画基本図等整備事業費,,17014,2275
土木費,都市計画費,都市計画総,,,都市計画管理費,都市計画基本図等整備事業費,都市計画基本図修正（地理空間情報等更新包括業務）,,0
土木費,都市計画費,都市計画総,,,都市計画管理費,都市計画基本図等整備事業費,都市計画GISデータ等修正,,0
土木費,都市計画費,都市計画総,,,都市計画管理費,都市計画基本図等整備事業費,窓口閲覧システム等借上,,
土木費,都市計画費,まちづくり,,,,,,534211,664310
土木費,都市計画費,まちづくり,報酬,,,,,500,500
土木費,都市計画費,まちづくり,報償費,,,,,274,884
土木費,都市計画費,まちづくり,旅費,,,,,741,1211
土木費,都市計画費,まちづくり,旅費,費用弁償,,,,166,310
土木費,都市計画費,まちづくり,旅費,普通旅費,,,,550,700
土木費,都市計画費,まちづくり,旅費,特別旅費,,,,25,201
土木費,都市計画費,まちづくり,需用費,,,,,1081,1309
土木費,都市計画費,まちづくり,需用費,消耗品費,,,,218,213
土木費,都市計画費,まちづくり,需用費,食糧費,,,,27,40
土木費,都市計画費,まちづくり,需用費,印刷製本費,,,,836,1056
土木費,都市計画費,まちづくり,委託料,,,,,164487,229834
土木費,都市計画費,まちづくり,使用料及び賃借料,,,,,43,43
土木費,都市計画費,まちづくり,負担金、補助及び交付金,,,,,367085,332529
土木費,都市計画費,まちづくり,負担金、補助及び交付金,負担金,,,,27,27
土木費,都市計画費,まちづくり,負担金、補助及び交付金,補助金,,,,367058,332502
土木費,都市計画費,まちづくり,,,給与費,,,500,500
土木費,都市計画費,まちづくり,,,給与費,公共交通協議会委員　１１人,,500,500
土木費,都市計画費,まちづくり,,,まちづくり計画調査費,,,9355,10405
土木費,都市計画費,まちづくり,,,まちづくり計画調査費,都市計画施設等整備促進調査事業費,,86,40
土木費,都市計画費,まちづくり,,,まちづくり計画調査費,都市計画施設等整備促進調査事業費,富士駅北口周辺地区再整備等に伴う,,0
土木費,都市計画費,まちづくり,,,まちづくり計画調査費,都市計画マスタープラン推進事業費,,7950,4008
土木費,都市計画費,まちづくり,,,まちづくり計画調査費,都市計画マスタープラン推進事業費,用途地域等再検証ガイドライン策定,,
土木費,都市計画費,まちづくり,,,まちづくり計画調査費,地区計画導入事業費,,29,64
土木費,都市計画費,まちづくり,,,まちづくり計画調査費,地区計画導入事業費,市街化調整区域における,,
土木費,都市計画費,まちづくり,,,まちづくり計画調査費,都市計画基本的諸調査事業費,,1125,6074
土木費,都市計画費,まちづくり,,,まちづくり計画調査費,都市計画基本的諸調査事業費,田子の浦港公有水面埋立,,0
土木費,都市計画費,まちづくり,,,まちづくり計画調査費,都市計画基本的諸調査事業費,会議、研修会出席者負担金,15,15
土木費,都市計画費,まちづくり,,,まちづくり計画調査費,事前都市復興推進事業費,,165,219
土木費,都市計画費,まちづくり,,,まちづくり計画調査費,事前都市復興推進事業費,復興まちづくり訓練,,
土木費,都市計画費,まちづくり,,,都市交通推進費,,,524356,653405
土木費,都市計画費,まちづくり,,,都市交通推進費,公共交通振興事業費,,1027,20928
土木費,都市計画費,まちづくり,,,都市交通推進費,公共交通振興事業費,バスなび改定,,
土木費,都市計画費,まちづくり,,,都市交通推進費,公共交通振興事業費,公共交通協議会運営,,
土木費,都市計画費,まちづくり,,,都市交通推進費,公共交通振興事業費,会議、研修会出席者負担金,12,12
土木費,都市計画費,まちづくり,,,都市交通推進費,自主運行バス等運行事業費,,73190,120236
土木費,都市計画費,まちづくり,,,都市交通推進費,自主運行バス等運行事業費,自主運行バス等運行　　　　 19路線,,0
土木費,都市計画費,まちづくり,,,都市交通推進費,公共交通支援事業費,,202128,203161
土木費,都市計画費,まちづくり,,,都市交通推進費,公共交通支援事業費,生活交通地域路線維持費補助金,97279,98294
土木費,都市計画費,まちづくり,,,都市交通推進費,公共交通支援事業費,生活交通基幹路線維持費補助金,19895,19912
土木費,都市計画費,まちづくり,,,都市交通推進費,公共交通支援事業費,のるーとひまわり運行事業補助金,10000,15000
土木費,都市計画費,まちづくり,,,都市交通推進費,公共交通支援事業費,地方鉄道事業運営費補助金,72454,67455
土木費,都市計画費,まちづくり,,,都市交通推進費,公共交通支援事業費,公共交通利用促進補助金,100,100
土木費,都市計画費,まちづくり,,,都市交通推進費,公共交通支援事業費,ユニバーサルデザインタクシー,2400,2400
土木費,都市計画費,まちづくり,,,都市交通推進費,バリアフリー基本構想推進事業費,,164982,224829
土木費,都市計画費,まちづくり,,,都市交通推進費,バリアフリー基本構想推進事業費,富士川駅バリアフリー化設備等,164930,126777
土木費,都市計画費,まちづくり,,,都市交通推進費,ＭａａＳ・新交通システム推進事業費,,83029,84251
土木費,都市計画費,まちづくり,,,都市交通推進費,ＭａａＳ・新交通システム推進事業費,のるーとふじ運行システム運用・保守,,0
土木費,都市計画費,まちづくり,,,都市交通推進費,ＭａａＳ・新交通システム推進事業費,自動運転バス実証運行,,
土木費,都市計画費,まちづくり,,,都市交通推進費,ＭａａＳ・新交通システム推進事業費,自動運転バス導入ロードマップ策定,,0
土木費,都市計画費,まちづくり,,,都市交通推進費,ＭａａＳ・新交通システム推進事業費,ふじＭａａＳ推進協議会運営,,
土木費,都市計画費,街路事業費,,,,,,810309,740961
土木費,都市計画費,街路事業費,報酬,,,,,2787,2906
土木費,都市計画費,街路事業費,給料,,,,,51481,53580
土木費,都市計画費,街路事業費,職員手当等当,,,,,29826,31487
土木費,都市計画費,街路事業費,職員手当等当,管理職手当,,,,797,797
土木費,都市計画費,街路事業費,職員手当等当,扶養手当,,,,588,1620
土木費,都市計画費,街路事業費,職員手当等当,地域手当,,,,1586,2240
土木費,都市計画費,街路事業費,職員手当等当,住居手当,,,,672,336
土木費,都市計画費,街路事業費,職員手当等当,通勤手当,,,,1419,1194
土木費,都市計画費,街路事業費,職員手当等当,特殊勤務手当,,,,100,100
土木費,都市計画費,街路事業費,職員手当等当,時間外勤務手,,,,2338,2338
土木費,都市計画費,街路事業費,職員手当等当,休日勤務手当,,,,50,50
土木費,都市計画費,街路事業費,職員手当等当,期末手当,,,,12577,12836
土木費,都市計画費,街路事業費,職員手当等当,勤勉手当,,,,9699,9976
土木費,都市計画費,街路事業費,共済費,,,,,16652,17219
土木費,都市計画費,街路事業費,旅費,,,,,281,288
土木費,都市計画費,街路事業費,旅費,費用弁償,,,,100,100
土木費,都市計画費,街路事業費,旅費,普通旅費,,,,87,95
土木費,都市計画費,街路事業費,旅費,特別旅費,,,,94,93
土木費,都市計画費,街路事業費,需用費,,,,,407,487
土木費,都市計画費,街路事業費,需用費,消耗品費,,,,82,162
土木費,都市計画費,街路事業費,需用費,燃料費,,,,10,10
土木費,都市計画費,街路事業費,需用費,印刷製本費,,,,315,315
土木費,都市計画費,街路事業費,役務費,,,,,2850,4900
土木費,都市計画費,街路事業費,役務費,手数料,,,,2850,4900
土木費,都市計画費,街路事業費,委託料,,,,,18800,40980
土木費,都市計画費,街路事業費,使用料及び賃借料,,,,,130,133
土木費,都市計画費,街路事業費,工事請負費,,,,,241500,325000
土木費,都市計画費,街路事業費,公有財産購入費,,,,,389550,212790
土木費,都市計画費,街路事業費,負担金、補助及び交付金,,,,,5045,36291
土木費,都市計画費,街路事業費,負担金、補助及び交付金,負担金,,,,5045,36291
土木費,都市計画費,街路事業費,補償、補塡及び賠償金塡金,,,,,51000,14900
土木費,都市計画費,街路事業費,補償、補塡及び賠償金塡金,補償金及び補,,,,51000,14900
土木費,都市計画費,街路事業費,,,給与費,,,100846,105292
土木費,都市計画費,街路事業費,,,給与費,一般職　１３人,,96779,101026
土木費,都市計画費,街路事業費,,,給与費,パートタイム会計年度任用職員,,4067,4266
土木費,都市計画費,街路事業費,,,街路事業管理費,,,12523,39014
土木費,都市計画費,街路事業費,,,街路事業管理費,街路事業管理事業費,,12523,39014
土木費,都市計画費,街路事業費,,,街路事業管理費,街路事業管理事業費,末広線現況・用地測量,,0
土木費,都市計画費,街路事業費,,,街路事業管理費,街路事業管理事業費,岳南電車踏切道保守負担金,2167,32021
土木費,都市計画費,街路事業費,,,街路事業管理費,街路事業管理事業費,会議、研修会出席者負担金,88,85
土木費,都市計画費,街路事業費,,,主要幹線街路整備費,,,317310,222680
土木費,都市計画費,街路事業費,,,主要幹線街路整備費,本市場大渕線（傘木上工区）整備事業費,,253400,204280
土木費,都市計画費,街路事業費,,,主要幹線街路整備費,本市場大渕線（傘木上工区）整備事業費,街路築造工　　　　　　Ｌ＝13ｍ,,0
土木費,都市計画費,街路事業費,,,主要幹線街路整備費,本市場大渕線（傘木上工区）整備事業費,用地取得　　　　　　　Ａ＝905㎡　補償一式,,0
土木費,都市計画費,街路事業費,,,主要幹線街路整備費,本市場大渕線（大渕上工区）整備事業費,,49700,12600
土木費,都市計画費,街路事業費,,,主要幹線街路整備費,本市場大渕線（大渕上工区）整備事業費,物件調査,,0
土木費,都市計画費,街路事業費,,,主要幹線街路整備費,本市場大渕線（大渕上工区）整備事業費,補償一式,,0
土木費,都市計画費,街路事業費,,,主要幹線街路整備費,中島林町線整備事業費,,14210,5800
土木費,都市計画費,街路事業費,,,主要幹線街路整備費,中島林町線整備事業費,用地取得　補償一式,,
土木費,都市計画費,街路事業費,,,幹線街路整備費,,,280900,279390
土木費,都市計画費,街路事業費,,,幹線街路整備費,五味島岩本線（四ツ家工区）整備事業費,,54700,37700
土木費,都市計画費,街路事業費,,,幹線街路整備費,五味島岩本線（四ツ家工区）整備事業費,物件調査,,
土木費,都市計画費,街路事業費,,,幹線街路整備費,五味島岩本線（四ツ家工区）整備事業費,交通量調査,,0
土木費,都市計画費,街路事業費,,,幹線街路整備費,五味島岩本線（四ツ家工区）整備事業費,用地取得　補償一式,,0
土木費,都市計画費,街路事業費,,,幹線街路整備費,左富士臨港線（青葉台東工区）整備事業費,,89600,85130
土木費,都市計画費,街路事業費,,,幹線街路整備費,左富士臨港線（青葉台東工区）整備事業費,街路築造工　　　　　　Ｌ＝90ｍ,,0
土木費,都市計画費,街路事業費,,,幹線街路整備費,左富士臨港線（青葉台東工区）整備事業費,物件調査,,
土木費,都市計画費,街路事業費,,,幹線街路整備費,左富士臨港線（青葉台東工区）整備事業費,用地取得　　　　　　　Ａ＝312㎡　補償一式,,0
土木費,都市計画費,街路事業費,,,幹線街路整備費,富士駅南口田子浦線整備事業費,,98600,95220
土木費,都市計画費,街路事業費,,,幹線街路整備費,富士駅南口田子浦線整備事業費,街路築造工　　　　　　Ｌ＝130ｍ,,
土木費,都市計画費,街路事業費,,,幹線街路整備費,富士駅南口田子浦線整備事業費,物件調査,,
土木費,都市計画費,街路事業費,,,幹線街路整備費,富士駅南口田子浦線整備事業費,用地取得　　　　　　　Ａ＝97㎡　補償一式,,0
土木費,都市計画費,街路事業費,,,幹線街路整備費,五味島岩本線（四ツ家東工区）整備事業費,,2000,31540
土木費,都市計画費,街路事業費,,,幹線街路整備費,五味島岩本線（四ツ家東工区）整備事業費,待避所整備工　　　　　Ｌ＝10ｍ,,
土木費,都市計画費,街路事業費,,,幹線街路整備費,元吉原富士岡線整備事業費,,36000,29800
土木費,都市計画費,街路事業費,,,幹線街路整備費,元吉原富士岡線整備事業費,街路築造工　　　　　　Ｌ＝90ｍ,,0
土木費,都市計画費,街路事業費,,,街路事業関連道路整備費,,,95940,90400
土木費,都市計画費,街路事業費,,,街路事業関連道路整備費,富士鷹岡線（川久保交差点）整備事業費,,95940,20400
土木費,都市計画費,街路事業費,,,街路事業関連道路整備費,富士鷹岡線（川久保交差点）整備事業費,歩道工　　　　　　　　Ｌ＝100ｍ,,0
土木費,都市計画費,街路事業費,,,街路事業関連道路整備費,富士鷹岡線（川久保交差点）整備事業費,信号機移設工,,0
土木費,都市計画費,街路事業費,,,街路事業関連道路整備費,富士鷹岡線（川久保交差点）整備事業費,補償一式,,0
土木費,都市計画費,街路事業費,,,県営事業負担金,,,2790,4185
土木費,都市計画費,街路事業費,,,県営事業負担金,県営街路整備事業費,,2790,4185
土木費,都市計画費,街路事業費,,,県営事業負担金,県営街路整備事業費,本市場大渕線　　　　　15％負担,,
土木費,都市計画費,市街地整備,,,,,,1999736,2897778
土木費,都市計画費,市街地整備,報酬,,,,,2110,2851
土木費,都市計画費,市街地整備,給料,,,,,46859,65691
土木費,都市計画費,市街地整備,職員手当等当,,,,,31719,43257
土木費,都市計画費,市街地整備,職員手当等当,管理職手当,,,,797,797
土木費,都市計画費,市街地整備,職員手当等当,扶養手当,,,,2388,2832
土木費,都市計画費,市街地整備,職員手当等当,地域手当,,,,1502,2756
土木費,都市計画費,市街地整備,職員手当等当,住居手当,,,,672,519
土木費,都市計画費,市街地整備,職員手当等当,通勤手当,,,,1012,1451
土木費,都市計画費,市街地整備,職員手当等当,特殊勤務手当,,,,50,50
土木費,都市計画費,市街地整備,職員手当等当,時間外勤務手,,,,4200,5000
土木費,都市計画費,市街地整備,職員手当等当,休日勤務手当,,,,50,50
土木費,都市計画費,市街地整備,職員手当等当,期末手当,,,,11827,16713
土木費,都市計画費,市街地整備,職員手当等当,勤勉手当,,,,9221,13089
土木費,都市計画費,市街地整備,共済費,,,,,16377,22479
土木費,都市計画費,市街地整備,旅費,,,,,859,932
土木費,都市計画費,市街地整備,旅費,費用弁償,,,,78,128
土木費,都市計画費,市街地整備,旅費,普通旅費,,,,413,538
土木費,都市計画費,市街地整備,旅費,特別旅費,,,,368,266
土木費,都市計画費,市街地整備,需用費,,,,,1086,1748
土木費,都市計画費,市街地整備,需用費,消耗品費,,,,340,730
土木費,都市計画費,市街地整備,需用費,印刷製本費,,,,746,1018
土木費,都市計画費,市街地整備,役務費,,,,,44,1881
土木費,都市計画費,市街地整備,役務費,手数料,,,,44,1463
土木費,都市計画費,市街地整備,委託料,,,,,276309,401447
土木費,都市計画費,市街地整備,使用料及び賃借料,,,,,2612,45722
土木費,都市計画費,市街地整備,工事請負費,,,,,255075,282548
土木費,都市計画費,市街地整備,負担金、補助及び交付金,,,,,692803,811115
土木費,都市計画費,市街地整備,負担金、補助及び交付金,負担金,,,,9803,10973
土木費,都市計画費,市街地整備,負担金、補助及び交付金,補助金,,,,683000,800142
土木費,都市計画費,市街地整備,補償、補塡及び賠償金塡金,,,,,34690,297315
土木費,都市計画費,市街地整備,補償、補塡及び賠償金塡金,補償金及び補,,,,34690,297315
土木費,都市計画費,市街地整備,繰出金,,,,,639193,680370
土木費,都市計画費,市街地整備,,,給与費,,,97143,134378
土木費,都市計画費,市街地整備,,,給与費,一般職　１１人,,94049,0
土木費,都市計画費,市街地整備,,,給与費,パートタイム会計年度任用職員,,3094,4139
土木費,都市計画費,市街地整備,,,市街地整備管理費,,,377,364
土木費,都市計画費,市街地整備,,,市街地整備管理費,市街地整備事業管理事務費,,377,364
土木費,都市計画費,市街地整備,,,市街地整備管理費,市街地整備事業管理事務費,県土地区画整理組合連合会会費,50,50
土木費,都市計画費,市街地整備,,,市街地整備管理費,市街地整備事業管理事務費,県市街地再開発促進協議会会費,10,0
土木費,都市計画費,市街地整備,,,市街地整備費,,,1263023,2063093
土木費,都市計画費,市街地整備,,,市街地整備費,新富士駅周辺Ｂ地区整備推進費,,101637,97538
土木費,都市計画費,市街地整備,,,市街地整備費,新富士駅周辺Ｂ地区整備推進費,柳島広町９号線整備事業,,
土木費,都市計画費,市街地整備,,,市街地整備費,新富士駅周辺Ｂ地区整備推進費,会議、研修会出席者負担金,37,123
土木費,都市計画費,市街地整備,,,市街地整備費,市街地再開発事業促進費,,1153037,1957798
土木費,都市計画費,市街地整備,,,市街地整備費,市街地再開発事業促進費,富士駅北口駅前広場整備事業,,
土木費,都市計画費,市街地整備,,,市街地整備費,市街地再開発事業促進費,富士駅北口第一地区再開発事業,,
土木費,都市計画費,市街地整備,,,市街地整備費,市街地再開発事業促進費,会議、研修会出席者負担金,138,0
土木費,都市計画費,市街地整備,,,市街地整備費,まちなか拠点形成事業費,,8349,7757
土木費,都市計画費,市街地整備,,,市街地整備費,まちなか拠点形成事業費,吉原商店街周辺ウォーカブル推進計画策定,,0
土木費,都市計画費,市街地整備,,,市街地整備費,まちなか拠点形成事業費,エキキタテラス開催　ほか,,0
土木費,都市計画費,市街地整備,,,市街地整備費,まちなか拠点形成事業費,会議、研修会出席者負担金,7,0
土木費,都市計画費,市街地整備,,,土地区画整理事業特別会計繰出金,,,639193,680370
土木費,都市計画費,市街地整備,,,土地区画整理事業特別会計繰出金,新富士駅南地区土地区画整理事業特別会計繰出金,,,
土木費,都市計画費,建築指導費,,,,,,299244,253668
土木費,都市計画費,建築指導費,報酬,,,,,7250,7770
土木費,都市計画費,建築指導費,職員手当等,,,,,1609,1824
土木費,都市計画費,建築指導費,職員手当等,期末手当,,,,1387,1561
土木費,都市計画費,建築指導費,職員手当等,勤勉手当,,,,222,263
土木費,都市計画費,建築指導費,共済費,,,,,1352,1460
土木費,都市計画費,建築指導費,旅費,,,,,563,588
土木費,都市計画費,建築指導費,旅費,費用弁償,,,,216,266
土木費,都市計画費,建築指導費,旅費,普通旅費,,,,134,68
土木費,都市計画費,建築指導費,旅費,特別旅費,,,,213,254
土木費,都市計画費,建築指導費,需用費,,,,,1262,1316
土木費,都市計画費,建築指導費,需用費,消耗品費,,,,512,524
土木費,都市計画費,建築指導費,需用費,食糧費,,,,4,4
土木費,都市計画費,建築指導費,需用費,印刷製本費,,,,746,788
土木費,都市計画費,建築指導費,役務費,,,,,187,183
土木費,都市計画費,建築指導費,役務費,手数料,,,,14,10
土木費,都市計画費,建築指導費,役務費,保険料,,,,173,173
土木費,都市計画費,建築指導費,委託料,,,,,45576,38824
土木費,都市計画費,建築指導費,使用料及び賃借料,,,,,1421,1861
土木費,都市計画費,建築指導費,工事請負費,,,,,50600,55000
土木費,都市計画費,建築指導費,原材料費,,,,,900,496
土木費,都市計画費,建築指導費,負担金、補助及び交付金,,,,,185699,141286
土木費,都市計画費,建築指導費,負担金、補助及び交付金,負担金,,,,346,417
土木費,都市計画費,建築指導費,負担金、補助及び交付金,補助金,,,,185353,140869
土木費,都市計画費,建築指導費,補償、補塡及び賠償金塡金,,,,,2825,3018
土木費,都市計画費,建築指導費,補償、補塡及び賠償金塡金,補償金及び補,,,,2825,3018
土木費,都市計画費,建築指導費,,,給与費,,,10333,11176
土木費,都市計画費,建築指導費,,,給与費,建築審査会委員　５人,,170,170
土木費,都市計画費,建築指導費,,,給与費,景観審議会委員　１１人,,131,131
土木費,都市計画費,建築指導費,,,給与費,パートタイム会計年度任用職員,,10032,10875
土木費,都市計画費,建築指導費,,,建築確認費,,,2166,2539
土木費,都市計画費,建築指導費,,,建築確認費,建築確認事業費,,2166,2539
土木費,都市計画費,建築指導費,,,建築確認費,建築確認事業費,建築計画概要書デジタルデータ移行,,
土木費,都市計画費,建築指導費,,,建築確認費,建築確認事業費,擁壁管理台帳デジタルデータ移行,,
土木費,都市計画費,建築指導費,,,建築指導費,,,3457,2923
土木費,都市計画費,建築指導費,,,建築指導費,建築指導事業費,,3243,2643
土木費,都市計画費,建築指導費,,,建築指導費,建築指導事業費,建築指導事務,,
土木費,都市計画費,建築指導費,,,建築指導費,建築指導事業費,建築物吹付アスベスト対策事業費補助金,2300,1700
土木費,都市計画費,建築指導費,,,建築指導費,建築指導事業費,日本建築行政会議負担金,100,100
土木費,都市計画費,建築指導費,,,建築指導費,建築指導事業費,県建築行政連絡会議負担金,20,20
土木費,都市計画費,建築指導費,,,建築指導費,建築指導事業費,会議、研修会出席者負担金,128,182
土木費,都市計画費,建築指導費,,,建築指導費,建築審査会費,,214,280
土木費,都市計画費,建築指導費,,,建築指導費,建築審査会費,全国建築審査会協議会負担金,48,48
土木費,都市計画費,建築指導費,,,建築指導費,建築審査会費,会議、研修会出席者負担金,30,47
土木費,都市計画費,建築指導費,,,ＴＯＵＫＡＩ－０推進費,,,181867,134476
土木費,都市計画費,建築指導費,,,ＴＯＵＫＡＩ－０推進費,既存建築物耐震性向上事業費,,800,1324
土木費,都市計画費,建築指導費,,,ＴＯＵＫＡＩ－０推進費,既存建築物耐震性向上事業費,既存建築物耐震性向上事業費補助金,800,1300
土木費,都市計画費,建築指導費,,,ＴＯＵＫＡＩ－０推進費,ブロック塀等耐震改修促進事業費,,15100,11352
土木費,都市計画費,建築指導費,,,ＴＯＵＫＡＩ－０推進費,ブロック塀等耐震改修促進事業費,ブロック塀等耐震改修促進事業費補助金,15000,11100
土木費,都市計画費,建築指導費,,,ＴＯＵＫＡＩ－０推進費,わが家の専門家診断事業費,,4742,0
土木費,都市計画費,建築指導費,,,ＴＯＵＫＡＩ－０推進費,わが家の専門家診断事業費,木造住宅耐震診断　　　　　　　 100戸,,0
土木費,都市計画費,建築指導費,,,ＴＯＵＫＡＩ－０推進費,耐震補強事業費,,161225,121800
土木費,都市計画費,建築指導費,,,ＴＯＵＫＡＩ－０推進費,耐震補強事業費,木造住宅等耐震補強事業費補助金,161000,120000
土木費,都市計画費,建築指導費,,,ＴＯＵＫＡＩ－０推進費,耐震補強事業費,（補強計画一体型）,,0
土木費,都市計画費,建築指導費,,,ＴＯＵＫＡＩ－０推進費,耐震補強事業費,耐震シェルター・防災ベッド,225,1800
土木費,都市計画費,建築指導費,,,狭あい道路拡幅整備費,,,100074,102227
土木費,都市計画費,建築指導費,,,狭あい道路拡幅整備費,狭あい道路拡幅整備事業費,,99788,101908
土木費,都市計画費,建築指導費,,,狭あい道路拡幅整備費,狭あい道路拡幅整備事業費,狭あい道路測量・登記・工事,,
土木費,都市計画費,建築指導費,,,狭あい道路拡幅整備費,狭あい道路拡幅整備事業費,狭あい道路拡幅整備助成金,5028,4969
土木費,都市計画費,建築指導費,,,狭あい道路拡幅整備費,指定道路図・道路調書作成事業費,,286,319
土木費,都市計画費,建築指導費,,,狭あい道路拡幅整備費,指定道路図・道路調書作成事業費,指定道路情報更新,,
土木費,都市計画費,建築指導費,,,景観形成費,,,1347,327
土木費,都市計画費,建築指導費,,,景観形成費,景観審議会費,,37,37
土木費,都市計画費,建築指導費,,,景観形成費,景観形成事業費,,1106,93
土木費,都市計画費,建築指導費,,,景観形成費,景観形成事業費,煙突撤去モデル事業費補助金,1000,0
土木費,都市計画費,建築指導費,,,景観形成費,景観形成事業費,中部地方都市美協議会負担金,20,20
土木費,都市計画費,建築指導費,,,景観形成費,屋外広告物管理事業費,,204,197
土木費,都市計画費,建築指導費,,,景観形成費,屋外広告物管理事業費,屋外広告物に関する審査・指導・啓発,,
土木費,都市計画費,土地対策費,,,,,,7421,8814
土木費,都市計画費,土地対策費,報酬,,,,,2612,3022
土木費,都市計画費,土地対策費,職員手当等,,,,,528,647
土木費,都市計画費,土地対策費,職員手当等,期末手当,,,,455,553
土木費,都市計画費,土地対策費,職員手当等,勤勉手当,,,,73,94
土木費,都市計画費,土地対策費,共済費,,,,,420,505
土木費,都市計画費,土地対策費,旅費,,,,,203,181
土木費,都市計画費,土地対策費,旅費,費用弁償,,,,11,11
土木費,都市計画費,土地対策費,旅費,普通旅費,,,,119,71
土木費,都市計画費,土地対策費,旅費,特別旅費,,,,73,99
土木費,都市計画費,土地対策費,需用費,,,,,597,564
土木費,都市計画費,土地対策費,需用費,消耗品費,,,,422,389
土木費,都市計画費,土地対策費,需用費,食糧費,,,,4,4
土木費,都市計画費,土地対策費,需用費,印刷製本費,,,,171,171
土木費,都市計画費,土地対策費,役務費,,,,,78,89
土木費,都市計画費,土地対策費,役務費,手数料,,,,50,61
土木費,都市計画費,土地対策費,役務費,保険料,,,,28,28
土木費,都市計画費,土地対策費,委託料,,,,,2811,2906
土木費,都市計画費,土地対策費,負担金、補助及び交付金,,,,,172,420
土木費,都市計画費,土地対策費,負担金、補助及び交付金,負担金,,,,172,420
土木費,都市計画費,土地対策費,,,給与費,,,3560,4174
土木費,都市計画費,土地対策費,,,給与費,開発審査会委員　５人,,300,300
土木費,都市計画費,土地対策費,,,給与費,パートタイム会計年度任用職員,,3260,3874
土木費,都市計画費,土地対策費,,,土地利用対策費,,,3556,3800
土木費,都市計画費,土地対策費,,,土地利用対策費,土地利用対策費,,3556,3800
土木費,都市計画費,土地対策費,,,土地利用対策費,土地利用対策費,土地利用事業に関する審査・指導,,
土木費,都市計画費,土地対策費,,,土地利用対策費,土地利用対策費,埋立て等事業地土壌検査及び定期パトロール,,
土木費,都市計画費,土地対策費,,,土地利用対策費,土地利用対策費,埋立て等事業地監視用ドローン活用,,
土木費,都市計画費,土地対策費,,,土地利用対策費,土地利用対策費,市条例違反埋立て等事業地監視カメラ活用,,
土木費,都市計画費,土地対策費,,,土地利用対策費,土地利用対策費,会議、研修会出席者負担金,93,341
土木費,都市計画費,土地対策費,,,開発行為管理費,,,237,772
土木費,都市計画費,土地対策費,,,開発行為管理費,開発行為管理費,,237,772
土木費,都市計画費,土地対策費,,,開発行為管理費,開発行為管理費,会議、研修会出席者負担金,79,79
土木費,都市計画費,土地対策費,,,開発審査会費,,,68,68
土木費,都市計画費,土地対策費,,,開発審査会費,開発審査会費,,68,68
土木費,公園費,,,,,,,1502899,1601782
土木費,公園費,公園整備費,,,,,,795966,743116
土木費,公園費,公園整備費,給料,,,,,80184,83529
土木費,公園費,公園整備費,職員手当等当,,,,,51764,55692
土木費,公園費,公園整備費,職員手当等当,管理職手当,,,,797,797
土木費,公園費,公園整備費,職員手当等当,扶養手当,,,,3996,4440
土木費,公園費,公園整備費,職員手当等当,地域手当,,,,2550,3551
土木費,公園費,公園整備費,職員手当等当,住居手当,,,,318,318
土木費,公園費,公園整備費,職員手当等当,通勤手当,,,,2248,2394
土木費,公園費,公園整備費,職員手当等当,時間外勤務手,,,,6500,6500
土木費,公園費,公園整備費,職員手当等当,休日勤務手当,,,,50,50
土木費,公園費,公園整備費,職員手当等当,期末手当,,,,19579,20884
土木費,公園費,公園整備費,職員手当等当,勤勉手当,,,,15726,16758
土木費,公園費,公園整備費,共済費,,,,,26986,28313
土木費,公園費,公園整備費,報償費,,,,,444,0
土木費,公園費,公園整備費,旅費,,,,,187,189
土木費,公園費,公園整備費,旅費,費用弁償,,,,8,0
土木費,公園費,公園整備費,旅費,普通旅費,,,,116,130
土木費,公園費,公園整備費,旅費,特別旅費,,,,63,59
土木費,公園費,公園整備費,需用費,,,,,1315,1057
土木費,公園費,公園整備費,需用費,消耗品費,,,,327,327
土木費,公園費,公園整備費,需用費,食糧費,,,,8,0
土木費,公園費,公園整備費,需用費,印刷製本費,,,,980,730
土木費,公園費,公園整備費,役務費,,,,,9,9
土木費,公園費,公園整備費,役務費,手数料,,,,9,9
土木費,公園費,公園整備費,委託料,,,,,64970,38900
土木費,公園費,公園整備費,工事請負費,,,,,508941,503491
土木費,公園費,公園整備費,公有財産購入費,,,,,60989,31742
土木費,公園費,公園整備費,負担金、補助及び交付金,,,,,177,194
土木費,公園費,公園整備費,負担金、補助及び交付金,負担金,,,,177,194
土木費,公園費,公園整備費,,,給与費,,,158934,167534
土木費,公園費,公園整備費,,,給与費,一般職　１８人,,158934,167534
土木費,公園費,公園整備費,,,都市基幹公園整備費,,,33500,8000
土木費,公園費,公園整備費,,,都市基幹公園整備費,比奈公園整備事業費,,33500,8000
土木費,公園費,公園整備費,,,都市基幹公園整備費,比奈公園整備事業費,実施設計、用地測量,,0
土木費,公園費,公園整備費,,,住区基幹公園整備費,,,50950,105000
土木費,公園費,公園整備費,,,住区基幹公園整備費,（仮称）インター周辺街区公園整備事業費,,33950,35000
土木費,公園費,公園整備費,,,住区基幹公園整備費,（仮称）インター周辺街区公園整備事業費,広場整備工（末広公園）,,
土木費,公園費,公園整備費,,,住区基幹公園整備費,（仮称）新富士駅南地区街区公園整備事業費,,12000,65000
土木費,公園費,公園整備費,,,住区基幹公園整備費,（仮称）新富士駅南地区街区公園整備事業費,実施設計（１号公園）,,0
土木費,公園費,公園整備費,,,住区基幹公園整備費,吉原公園再整備事業費,,5000,5000
土木費,公園費,公園整備費,,,住区基幹公園整備費,吉原公園再整備事業費,支障木処理,,
土木費,公園費,公園整備費,,,緑地・緑道整備費,,,535989,452242
土木費,公園費,公園整備費,,,緑地・緑道整備費,富士西公園整備事業費,,60989,31742
土木費,公園費,公園整備費,,,緑地・緑道整備費,富士西公園整備事業費,譲受施設の割賦金,,
土木費,公園費,公園整備費,,,緑地・緑道整備費,富士川左岸緑地整備事業費,,475000,0
土木費,公園費,公園整備費,,,緑地・緑道整備費,富士川左岸緑地整備事業費,グラウンド施設整備工,,0
土木費,公園費,公園整備費,,,公園調査計画事業費,,,14290,5200
土木費,公園費,公園整備費,,,公園調査計画事業費,公園調査計画事業費,,14290,5200
土木費,公園費,公園整備費,,,公園調査計画事業費,公園調査計画事業費,（仮称）新・泉の郷構想策定,,0
土木費,公園費,公園整備費,,,公園調査計画事業費,公園調査計画事業費,緑の基本計画改定,,0
土木費,公園費,公園整備費,,,公園整備事業事務費,,,2303,2440
土木費,公園費,公園整備費,,,公園整備事業事務費,公園整備事業事務費,,2303,2440
土木費,公園費,公園整備費,,,公園整備事業事務費,公園整備事業事務費,都市緑化機構会費,50,50
土木費,公園費,公園整備費,,,公園整備事業事務費,公園整備事業事務費,日本公園緑地協会会費,85,85
土木費,公園費,公園整備費,,,公園整備事業事務費,公園整備事業事務費,全国都市公園整備促進協議会会費,42,42
土木費,公園費,公園維持修,,,,,,664526,799405
土木費,公園費,公園維持修,報酬,,,,,5462,5776
土木費,公園費,公園維持修,職員手当等,,,,,1278,1416
土木費,公園費,公園維持修,職員手当等,期末手当,,,,1101,1212
土木費,公園費,公園維持修,職員手当等,勤勉手当,,,,177,204
土木費,公園費,公園維持修,共済費,,,,,1040,1088
土木費,公園費,公園維持修,報償費,,,,,8917,8980
土木費,公園費,公園維持修,旅費,,,,,343,313
土木費,公園費,公園維持修,旅費,費用弁償,,,,200,256
土木費,公園費,公園維持修,旅費,普通旅費,,,,130,45
土木費,公園費,公園維持修,旅費,特別旅費,,,,13,12
土木費,公園費,公園維持修,需用費,,,,,32566,32636
土木費,公園費,公園維持修,需用費,消耗品費,,,,1712,2042
土木費,公園費,公園維持修,需用費,燃料費,,,,154,154
土木費,公園費,公園維持修,需用費,印刷製本費,,,,37,10
土木費,公園費,公園維持修,需用費,光熱水費,,,,19300,19030
土木費,公園費,公園維持修,需用費,修繕料,,,,11363,11400
土木費,公園費,公園維持修,役務費,,,,,493,471
土木費,公園費,公園維持修,役務費,通信運搬費,,,,103,103
土木費,公園費,公園維持修,役務費,手数料,,,,390,368
土木費,公園費,公園維持修,委託料,,,,,513310,549423
土木費,公園費,公園維持修,使用料及び賃借料,,,,,12526,12571
土木費,公園費,公園維持修,工事請負費,,,,,86249,175274
土木費,公園費,公園維持修,原材料費,,,,,1200,1200
土木費,公園費,公園維持修,備品購入費,,,,,100,515
土木費,公園費,公園維持修,負担金、補助及び交付金,,,,,1042,9742
土木費,公園費,公園維持修,負担金、補助及び交付金,負担金,,,,42,42
土木費,公園費,公園維持修,負担金、補助及び交付金,補助金,,,,1000,9700
土木費,公園費,公園維持修,,,給与費,,,7980,8523
土木費,公園費,公園維持修,,,給与費,パートタイム会計年度任用職員,,7980,8523
土木費,公園費,公園維持修,,,公園維持修繕費,,,638108,776802
土木費,公園費,公園維持修,,,公園維持修繕費,公園等維持管理費,,418179,429370
土木費,公園費,公園維持修,,,公園維持修繕費,公園等維持管理費,都市公園維持管理,,
土木費,公園費,公園維持修,,,公園維持修繕費,公園等維持管理費,都市公園施設管理（指定管理）（11公園）,,
土木費,公園費,公園維持修,,,公園維持修繕費,公園等修繕費,,48682,150587
土木費,公園費,公園維持修,,,公園維持修繕費,公園等修繕費,公園施設・遊具等修繕　ほか,,
土木費,公園費,公園維持修,,,公園維持修繕費,街路樹等維持管理費,,136447,164845
土木費,公園費,公園維持修,,,公園維持修繕費,街路樹等維持管理費,街路樹の剪定　ほか,,
土木費,公園費,公園維持修,,,公園維持修繕費,公園施設長寿命化事業費,,34800,32000
土木費,公園費,公園維持修,,,公園維持修繕費,公園施設長寿命化事業費,公園遊具更新（中島公園ほか）,,0
土木費,公園費,公園維持修,,,公園愛護会費,,,8917,9554
土木費,公園費,公園維持修,,,公園愛護会費,公園愛護会費,,8917,9554
土木費,公園費,公園維持修,,,公園愛護会費,公園愛護会費,公園愛護会活動報奨金（251か所）　ほか,,0
土木費,公園費,公園維持修,,,児童遊び場施設設置助成費,,,1000,1200
土木費,公園費,公園維持修,,,児童遊び場施設設置助成費,児童遊び場施設設置助成費,,1000,1200
土木費,公園費,公園維持修,,,児童遊び場施設設置助成費,児童遊び場施設設置助成費,児童遊び場整備費補助金,,
土木費,公園費,公園維持修,,,公園等管理事務費,,,8521,3326
土木費,公園費,公園維持修,,,公園等管理事務費,公園等管理事務費,,8521,3326
土木費,公園費,公園維持修,,,公園等管理事務費,公園等管理事務費,指定管理者制度導入可能性調査,,0
土木費,公園費,公園維持修,,,公園等管理事務費,公園等管理事務費,公園台帳作成　ほか,,
土木費,公園費,公園維持修,,,公園等管理事務費,公園等管理事務費,会議、研修会出席者負担金,42,42
土木費,公園費,緑化推進費,,,,,,42407,59261
土木費,公園費,緑化推進費,報酬,,,,,696,696
土木費,公園費,緑化推進費,報償費,,,,,21,21
土木費,公園費,緑化推進費,旅費,,,,,148,151
土木費,公園費,緑化推進費,旅費,普通旅費,,,,148,151
土木費,公園費,緑化推進費,需用費,,,,,8452,8731
土木費,公園費,緑化推進費,需用費,消耗品費,,,,8419,8531
土木費,公園費,緑化推進費,需用費,印刷製本費,,,,33,50
土木費,公園費,緑化推進費,委託料,,,,,27338,43899
土木費,公園費,緑化推進費,工事請負費,,,,,800,800
土木費,公園費,緑化推進費,原材料費,,,,,150,150
土木費,公園費,緑化推進費,負担金、補助及び交付金,,,,,4802,4813
土木費,公園費,緑化推進費,負担金、補助及び交付金,負担金,,,,202,213
土木費,公園費,緑化推進費,負担金、補助及び交付金,補助金,,,,4600,4600
土木費,公園費,緑化推進費,,,給与費,,,696,696
土木費,公園費,緑化推進費,,,給与費,緑化指導員　２９人,,696,696
土木費,公園費,緑化推進費,,,緑化推進活動費,,,4576,4592
土木費,公園費,緑化推進費,,,緑化推進活動費,緑化推進事業費,,370,338
土木費,公園費,緑化推進費,,,緑化推進活動費,緑化推進事業費,県さくらの会会費,20,20
土木費,公園費,緑化推進費,,,緑化推進活動費,緑化推進事業費,県グリーンバンク会費,167,167
土木費,公園費,緑化推進費,,,緑化推進活動費,緑化推進事業費,会議、研修会出席者負担金,15,15
土木費,公園費,緑化推進費,,,緑化推進活動費,緑化団体支援事業費,,4185,4158
土木費,公園費,緑化推進費,,,緑化推進活動費,緑化団体支援事業費,バラ苗配布,,
土木費,公園費,緑化推進費,,,緑化推進活動費,緑化団体支援事業費,富士ばらまつり開催,,
土木費,公園費,緑化推進費,,,緑化推進活動費,緑化団体支援事業費,みどりいっぱい推進事業補助金,1800,1800
土木費,公園費,緑化推進費,,,緑化推進活動費,緑化団体支援事業費,バラ普及推進事業費補助金,300,300
土木費,公園費,緑化推進費,,,緑化推進活動費,緑化指導員費,,21,96
土木費,公園費,緑化推進費,,,緑化推進活動費,緑化指導員費,都市緑化の指導推進,,
土木費,公園費,緑化推進費,,,地域・家庭緑化費,,,15868,16021
土木費,公園費,緑化推進費,,,地域・家庭緑化費,花いっぱい・緑いっぱい事業費,,13368,13521
土木費,公園費,緑化推進費,,,地域・家庭緑化費,花いっぱい・緑いっぱい事業費,草花苗・草花種子配布,,
土木費,公園費,緑化推進費,,,地域・家庭緑化費,花いっぱい・緑いっぱい事業費,バラ花壇維持管理,,
土木費,公園費,緑化推進費,,,地域・家庭緑化費,花いっぱい・緑いっぱい事業費,新富士駅前等フラワーポット維持管理,,
土木費,公園費,緑化推進費,,,地域・家庭緑化費,花いっぱい・緑いっぱい事業費,新富士駅ハンギング等植物管理,,
土木費,公園費,緑化推進費,,,地域・家庭緑化費,緑のいえなみ整備助成費,,1000,1000
土木費,公園費,緑化推進費,,,地域・家庭緑化費,緑のいえなみ整備助成費,緑のいえなみ整備事業補助金,,
土木費,公園費,緑化推進費,,,地域・家庭緑化費,地域支障樹木除去助成費,,1500,1500
土木費,公園費,緑化推進費,,,地域・家庭緑化費,地域支障樹木除去助成費,地域支障樹木除去事業補助金,,
土木費,公園費,緑化推進費,,,河川環境等維持整備費,,,21267,21388
土木費,公園費,緑化推進費,,,河川環境等維持整備費,河川植栽等維持管理費,,21267,21388
土木費,公園費,緑化推進費,,,河川環境等維持整備費,河川植栽等維持管理費,潤井川等河川修景施設維持管理,,
土木費,公園費,緑化推進費,,,河川環境等維持整備費,河川植栽等維持管理費,病害虫防除,,
土木費,公園費,緑化推進費,,,河川環境等維持整備費,河川植栽等維持管理費,スズメバチ等駆除,,
土木費,公園費,緑化推進費,,,河川環境等維持整備費,河川植栽等維持管理費,河川緑化木補植・修繕　ほか,,
土木費,下水道費,,,,,,,1772175,1751892
土木費,下水道費,下水道事業,,,,,,1772175,1751892
土木費,下水道費,下水道事業,負担金、補助及び交付金,,,,,1766484,1746483
土木費,下水道費,下水道事業,負担金、補助及び交付金,負担金,,,,1766484,1746483
土木費,下水道費,下水道事業,投資及び出資金,,,,,5691,5409
土木費,下水道費,下水道事業,,,下水道事業費,,,1772175,1751892
土木費,下水道費,下水道事業,,,下水道事業費,公共下水道事業会計負担金等,,1772175,1751892
土木費,下水道費,下水道事業,,,下水道事業費,公共下水道事業会計負担金等,分流式下水道等負担金,1766484,1746483
土木費,下水道費,下水道事業,,,下水道事業費,公共下水道事業会計負担金等,施設整備等に係る出資金,5691,5409
土木費,住宅費,,,,,,,812854,983879
土木費,住宅費,住宅管理費,,,,,,757528,939699
土木費,住宅費,住宅管理費,給料,,,,,44716,46312
土木費,住宅費,住宅管理費,職員手当等当,,,,,30227,30472
土木費,住宅費,住宅管理費,職員手当等当,管理職手当,,,,797,797
土木費,住宅費,住宅管理費,職員手当等当,扶養手当,,,,1476,1056
土木費,住宅費,住宅管理費,職員手当等当,地域手当,,,,1410,1927
土木費,住宅費,住宅管理費,職員手当等当,住居手当,,,,210,210
土木費,住宅費,住宅管理費,職員手当等当,通勤手当,,,,1101,1079
土木費,住宅費,住宅管理費,職員手当等当,時間外勤務手,,,,6000,6000
土木費,住宅費,住宅管理費,職員手当等当,休日勤務手当,,,,100,100
土木費,住宅費,住宅管理費,職員手当等当,期末手当,,,,10607,10639
土木費,住宅費,住宅管理費,職員手当等当,勤勉手当,,,,8526,8664
土木費,住宅費,住宅管理費,共済費,,,,,15325,15345
土木費,住宅費,住宅管理費,旅費,,,,,161,191
土木費,住宅費,住宅管理費,旅費,普通旅費,,,,92,92
土木費,住宅費,住宅管理費,旅費,特別旅費,,,,69,99
土木費,住宅費,住宅管理費,需用費,,,,,15133,3155
土木費,住宅費,住宅管理費,需用費,消耗品費,,,,468,468
土木費,住宅費,住宅管理費,需用費,燃料費,,,,11,11
土木費,住宅費,住宅管理費,需用費,印刷製本費,,,,684,723
土木費,住宅費,住宅管理費,需用費,修繕料,,,,13970,1953
土木費,住宅費,住宅管理費,役務費,,,,,1255,1185
土木費,住宅費,住宅管理費,役務費,通信運搬費,,,,700,633
土木費,住宅費,住宅管理費,役務費,手数料,,,,555,552
土木費,住宅費,住宅管理費,委託料,,,,,205813,218350
土木費,住宅費,住宅管理費,使用料及び賃借料,,,,,66,66
土木費,住宅費,住宅管理費,工事請負費,,,,,443597,620311
土木費,住宅費,住宅管理費,負担金、補助及び交付金,,,,,1235,480
土木費,住宅費,住宅管理費,負担金、補助及び交付金,負担金,,,,1235,480
土木費,住宅費,住宅管理費,,,給与費,,,90268,92129
土木費,住宅費,住宅管理費,,,給与費,一般職　１０人,,90268,0
土木費,住宅費,住宅管理費,,,一般管理費,,,310,310
土木費,住宅費,住宅管理費,,,一般管理費,一般管理費,,310,310
土木費,住宅費,住宅管理費,,,一般管理費,一般管理費,県住宅振興協議会会費,200,200
土木費,住宅費,住宅管理費,,,一般管理費,一般管理費,県住宅行政連絡協議会会費,75,75
土木費,住宅費,住宅管理費,,,一般管理費,一般管理費,日本住宅協会会費,18,18
土木費,住宅費,住宅管理費,,,市営住宅管理費,,,666950,847260
土木費,住宅費,住宅管理費,,,市営住宅管理費,市営住宅運営管理事業費,,195436,195347
土木費,住宅費,住宅管理費,,,市営住宅管理費,市営住宅運営管理事業費,"管理戸数　23団地　2,175戸",,
土木費,住宅費,住宅管理費,,,市営住宅管理費,市営住宅運営管理事業費,市営住宅管理代行,,
土木費,住宅費,住宅管理費,,,市営住宅管理費,市営住宅運営管理事業費,市営住宅明渡訴訟手続　ほか,,
土木費,住宅費,住宅管理費,,,市営住宅管理費,市営住宅運営管理事業費,汚水処理施設使用料徴収業務負担金,93,99
土木費,住宅費,住宅管理費,,,市営住宅管理費,市営住宅運営管理事業費,会議、研修会出席者負担金,72,88
土木費,住宅費,住宅管理費,,,市営住宅管理費,市営住宅施設管理事業費,,471514,651913
土木費,住宅費,住宅管理費,,,市営住宅管理費,市営住宅施設管理事業費,市営住宅再編計画策定,,
土木費,住宅費,住宅管理費,,,市営住宅管理費,市営住宅施設管理事業費,富士見台団地Ｃ棟全面的改善事業,,
土木費,住宅費,住宅管理費,,,市営住宅管理費,市営住宅施設管理事業費,天間団地合併浄化槽解体,,0
土木費,住宅費,住宅管理費,,,市営住宅管理費,市営住宅施設管理事業費,下水道受益者負担金（天間団地）,777,0
土木費,住宅費,住宅政策費,,,,,,55326,44180
土木費,住宅費,住宅政策費,報酬,,,,,2664,2831
土木費,住宅費,住宅政策費,職員手当等,,,,,555,626
土木費,住宅費,住宅政策費,職員手当等,期末手当,,,,478,535
土木費,住宅費,住宅政策費,職員手当等,勤勉手当,,,,77,91
土木費,住宅費,住宅政策費,共済費,,,,,451,469
土木費,住宅費,住宅政策費,報償費,,,,,258,268
土木費,住宅費,住宅政策費,旅費,,,,,159,165
土木費,住宅費,住宅政策費,旅費,費用弁償,,,,17,17
土木費,住宅費,住宅政策費,旅費,普通旅費,,,,39,39
土木費,住宅費,住宅政策費,旅費,特別旅費,,,,103,109
土木費,住宅費,住宅政策費,需用費,,,,,331,1194
土木費,住宅費,住宅政策費,需用費,消耗品費,,,,124,182
土木費,住宅費,住宅政策費,需用費,食糧費,,,,7,7
土木費,住宅費,住宅政策費,需用費,修繕料,,,,200,165
土木費,住宅費,住宅政策費,役務費,,,,,2018,2000
土木費,住宅費,住宅政策費,役務費,通信運搬費,,,,18,0
土木費,住宅費,住宅政策費,役務費,手数料,,,,2000,2000
土木費,住宅費,住宅政策費,委託料,,,,,19303,10376
土木費,住宅費,住宅政策費,負担金、補助及び交付金,,,,,29587,26251
土木費,住宅費,住宅政策費,負担金、補助及び交付金,負担金,,,,267,351
土木費,住宅費,住宅政策費,負担金、補助及び交付金,補助金,,,,29320,25900
土木費,住宅費,住宅政策費,,,給与費,,,3670,3926
土木費,住宅費,住宅政策費,,,給与費,空家等対策協議会委員　９人,,270,270
土木費,住宅費,住宅政策費,,,給与費,パートタイム会計年度任用職員,,3400,3656
土木費,住宅費,住宅政策費,,,住宅政策推進費,,,51656,40254
土木費,住宅費,住宅政策費,,,住宅政策推進費,住宅政策推進事業費,,17737,16895
土木費,住宅費,住宅政策費,,,住宅政策推進費,住宅政策推進事業費,マンション管理適正化推進,,
土木費,住宅費,住宅政策費,,,住宅政策推進費,住宅政策推進事業費,第三次住宅マスタープラン策定,,
土木費,住宅費,住宅政策費,,,住宅政策推進費,住宅政策推進事業費,多世代同居・近居支援奨励金,12000,12000
土木費,住宅費,住宅政策費,,,住宅政策推進費,住宅政策推進事業費,県マンション管理適正化推進協議会会費,53,53
土木費,住宅費,住宅政策費,,,住宅政策推進費,住宅政策推進事業費,会議、研修会出席者負担金,19,79
土木費,住宅費,住宅政策費,,,住宅政策推進費,空家等対策推進事業費,,33919,23359
土木費,住宅費,住宅政策費,,,住宅政策推進費,空家等対策推進事業費,所有者不明土地建物管理人制度活用,,
土木費,住宅費,住宅政策費,,,住宅政策推進費,空家等対策推進事業費,所有者不存在空家解体撤去,,0
土木費,住宅費,住宅政策費,,,住宅政策推進費,空家等対策推進事業費,空き家実態調査,,0
土木費,住宅費,住宅政策費,,,住宅政策推進費,空家等対策推進事業費,危険空家除却促進補助金,10320,9900
土木費,住宅費,住宅政策費,,,住宅政策推進費,空家等対策推進事業費,空き家リフォーム支援補助金,5000,3000
土木費,住宅費,住宅政策費,,,住宅政策推進費,空家等対策推進事業費,空き家利活用支援補助金,2000,1000
土木費,住宅費,住宅政策費,,,住宅政策推進費,空家等対策推進事業費,空き家ワンストップ相談会負担金,75,74
土木費,住宅費,住宅政策費,,,住宅政策推進費,空家等対策推進事業費,空き家ワンストップ相談会,34,34
土木費,住宅費,住宅政策費,,,住宅政策推進費,空家等対策推進事業費,空き家出前講座負担金,12,0
土木費,住宅費,住宅政策費,,,住宅政策推進費,空家等対策推進事業費,会議、研修会出席者負担金,74,111
消防費,,,,,,,,3947692,6082682
消防費,消防費,,,,,,,3947692,6082682
消防費,消防費,常備消防費,,,,,,3052633,4970456
消防費,消防費,常備消防費,報酬,,,,,8043,8622
消防費,消防費,常備消防費,給料,,,,,1261275,1342176
消防費,消防費,常備消防費,職員手当等当,,,,,911950,997215
消防費,消防費,常備消防費,職員手当等当,管理職手当,,,,6796,6796
消防費,消防費,常備消防費,職員手当等当,扶養手当,,,,54114,57342
消防費,消防費,常備消防費,職員手当等当,地域手当,,,,40342,56909
消防費,消防費,常備消防費,職員手当等当,住居手当,,,,15918,16315
消防費,消防費,常備消防費,職員手当等当,通勤手当,,,,37780,38324
消防費,消防費,常備消防費,職員手当等当,特殊勤務手当,,,,18000,18000
消防費,消防費,常備消防費,職員手当等当,時間外勤務手,,,,59720,65720
消防費,消防費,常備消防費,職員手当等当,休日勤務手当,,,,99000,113000
消防費,消防費,常備消防費,職員手当等当,夜間勤務手当,,,,34000,34000
消防費,消防費,常備消防費,職員手当等当,宿日直手当,,,,200,200
消防費,消防費,常備消防費,職員手当等当,期末手当,,,,302343,326905
消防費,消防費,常備消防費,職員手当等当,勤勉手当,,,,242945,262888
消防費,消防費,常備消防費,職員手当等当,単身赴任手当,,,,792,816
消防費,消防費,常備消防費,共済費,,,,,439918,467938
消防費,消防費,常備消防費,報償費,,,,,791,808
消防費,消防費,常備消防費,旅費,,,,,4543,4600
消防費,消防費,常備消防費,旅費,費用弁償,,,,295,278
消防費,消防費,常備消防費,旅費,普通旅費,,,,846,1865
消防費,消防費,常備消防費,旅費,特別旅費,,,,3402,2457
消防費,消防費,常備消防費,需用費,,,,,107279,119404
消防費,消防費,常備消防費,需用費,消耗品費,,,,30533,37291
消防費,消防費,常備消防費,需用費,燃料費,,,,15620,16213
消防費,消防費,常備消防費,需用費,食糧費,,,,32,82
消防費,消防費,常備消防費,需用費,印刷製本費,,,,2627,2724
消防費,消防費,常備消防費,需用費,光熱水費,,,,11130,12468
消防費,消防費,常備消防費,需用費,修繕料,,,,47337,50626
消防費,消防費,常備消防費,役務費険料,,,,,23920,21969
消防費,消防費,常備消防費,役務費険料,通信運搬費,,,,19612,17584
消防費,消防費,常備消防費,役務費険料,手数料,,,,2299,2257
消防費,消防費,常備消防費,役務費険料,保険料,,,,893,882
消防費,消防費,常備消防費,役務費険料,自動車損害保,,,,1116,1246
消防費,消防費,常備消防費,委託料,,,,,121882,1837162
消防費,消防費,常備消防費,使用料及び賃借料,,,,,47642,38859
消防費,消防費,常備消防費,工事請負費,,,,,74951,63374
消防費,消防費,常備消防費,原材料費,,,,,685,661
消防費,消防費,常備消防費,備品購入費,,,,,12219,36849
消防費,消防費,常備消防費,負担金、補助及び交付金,,,,,34513,28116
消防費,消防費,常備消防費,負担金、補助及び交付金,負担金,,,,27483,21986
消防費,消防費,常備消防費,負担金、補助及び交付金,補助金,,,,7030,6130
消防費,消防費,常備消防費,補償、補塡及び賠償金,,,,,1000,1000
消防費,消防費,常備消防費,補償、補塡及び賠償金,賠償金,,,,1000,1000
消防費,消防費,常備消防費,公課費,,,,,2022,1703
消防費,消防費,常備消防費,,,給与費,,,2621463,2816229
消防費,消防費,常備消防費,,,給与費,一般職　３０９人,,2609686,0
消防費,消防費,常備消防費,,,給与費,パートタイム会計年度任用職員,,11777,12710
消防費,消防費,常備消防費,,,消防管理費,,,233880,248605
消防費,消防費,常備消防費,,,消防管理費,消防運営管理費,,57586,60816
消防費,消防費,常備消防費,,,消防管理費,消防運営管理費,署所維持管理,,
消防費,消防費,常備消防費,,,消防管理費,消防運営管理費,全国消防長会負担金,329,419
消防費,消防費,常備消防費,,,消防管理費,消防運営管理費,全国消防協会負担金,128,128
消防費,消防費,常備消防費,,,消防管理費,消防運営管理費,県消防長会負担金,306,306
消防費,消防費,常備消防費,,,消防管理費,消防運営管理費,全国消防長会関東支部負担金,28,28
消防費,消防費,常備消防費,,,消防管理費,消防運営管理費,県東部消防長会負担金,140,139
消防費,消防費,常備消防費,,,消防管理費,消防運営管理費,労働基準協会負担金,20,20
消防費,消防費,常備消防費,,,消防管理費,消防運営管理費,東名高速道路静岡県消防協議会負担金,2,2
消防費,消防費,常備消防費,,,消防管理費,消防運営管理費,無線電波利用負担金,47,47
消防費,消防費,常備消防費,,,消防管理費,消防運営管理費,救急安心電話相談窓口（＃7119）負担金,4764,3098
消防費,消防費,常備消防費,,,消防管理費,消防教育研修事業費,,13414,9797
消防費,消防費,常備消防費,,,消防管理費,消防教育研修事業費,職員教育,,
消防費,消防費,常備消防費,,,消防管理費,消防教育研修事業費,研修、資格取得,,
消防費,消防費,常備消防費,,,消防管理費,消防教育研修事業費,消防大学校等教育負担金,4940,4853
消防費,消防費,常備消防費,,,消防管理費,消防教育研修事業費,県消防学校教育負担金,3061,1168
消防費,消防費,常備消防費,,,消防管理費,消防教育研修事業費,大型自動車運転免許試験講習参加負担金,240,240
消防費,消防費,常備消防費,,,消防管理費,消防教育研修事業費,交通安全適性診断負担金,25,27
消防費,消防費,常備消防費,,,消防管理費,消防教育研修事業費,ドローン免許取得講習参加負担金,1502,500
消防費,消防費,常備消防費,,,消防管理費,消防教育研修事業費,会議、研修会出席者負担金,791,781
消防費,消防費,常備消防費,,,消防管理費,被服貸与費,,19083,24500
消防費,消防費,常備消防費,,,消防管理費,被服貸与費,消防吏員被服貸与,,
消防費,消防費,常備消防費,,,消防管理費,消防車両・資機材管理事業費,,26820,27616
消防費,消防費,常備消防費,,,消防管理費,消防車両・資機材管理事業費,消防車両維持管理　　　車両43台,,0
消防費,消防費,常備消防費,,,消防管理費,消防車両・資機材管理事業費,消防用資機材維持管理,,
消防費,消防費,常備消防費,,,消防管理費,消防車両・資機材管理事業費,安全運転管理協会負担金,49,49
消防費,消防費,常備消防費,,,消防管理費,消防水利管理事業費,,36405,36492
消防費,消防費,常備消防費,,,消防管理費,消防水利管理事業費,消防水利維持補修,,
消防費,消防費,常備消防費,,,消防管理費,消防水利管理事業費,防火水槽長寿命化修繕,,
消防費,消防費,常備消防費,,,消防管理費,消防庁舎管理事業費,,80572,89384
消防費,消防費,常備消防費,,,消防管理費,消防庁舎管理事業費,消防庁舎維持補修,,
消防費,消防費,常備消防費,,,消防管理費,消防庁舎管理事業費,非常用自家発電設備設置,,
消防費,消防費,常備消防費,,,消防活動費,,,23804,24597
消防費,消防費,常備消防費,,,消防活動費,消防活動費,,23804,24597
消防費,消防費,常備消防費,,,消防活動費,消防活動費,署所用器具、消耗品,,
消防費,消防費,常備消防費,,,消防活動費,消防活動費,消防活動用資機材,,
消防費,消防費,常備消防費,,,消防活動費,消防活動費,県防災ヘリコプター運航連絡協議会,9093,8586
消防費,消防費,常備消防費,,,救急活動費,,,16807,18967
消防費,消防費,常備消防費,,,救急活動費,救急活動費,,16807,18967
消防費,消防費,常備消防費,,,救急活動費,救急活動費,救急資器材管理システム導入,,0
消防費,消防費,常備消防費,,,救急活動費,救急活動費,救急用器具、消耗品,,
消防費,消防費,常備消防費,,,救急活動費,救急活動費,救急活動用備品,,
消防費,消防費,常備消防費,,,救急活動費,救急活動費,普通救命講習開催,,
消防費,消防費,常備消防費,,,救急活動費,救急活動費,富士地域ＭＣ協議会負担金,55,55
消防費,消防費,常備消防費,,,救急活動費,救急活動費,医療関係者間,423,0
消防費,消防費,常備消防費,,,予防広報活動費,,,8345,8740
消防費,消防費,常備消防費,,,予防広報活動費,予防広報事業費,,6489,6662
消防費,消防費,常備消防費,,,予防広報活動費,予防広報事業費,火災予防運動実施,,
消防費,消防費,常備消防費,,,予防広報活動費,予防広報事業費,感震ブレーカー設置費補助金,5600,4700
消防費,消防費,常備消防費,,,予防広報活動費,消防音楽隊等運営事業費,,856,1078
消防費,消防費,常備消防費,,,予防広報活動費,消防音楽隊等運営事業費,消防音楽隊運営,,
消防費,消防費,常備消防費,,,予防広報活動費,消防音楽隊等運営事業費,カラーガード隊運営,,
消防費,消防費,常備消防費,,,予防広報活動費,消防まつり開催助成費,,1000,1000
消防費,消防費,常備消防費,,,予防広報活動費,消防まつり開催助成費,消防まつり補助金,,
消防費,消防費,常備消防費,,,富士市・富士宮市消防指令センター費,,,147807,1852791
消防費,消防費,常備消防費,,,富士市・富士宮市消防指令センター費,富士市・富士宮市消防指令センター運営事業費,,147807,1852791
消防費,消防費,常備消防費,,,富士市・富士宮市消防指令センター費,富士市・富士宮市消防指令センター運営事業費,映像通報システム運用,,
消防費,消防費,常備消防費,,,富士市・富士宮市消防指令センター費,富士市・富士宮市消防指令センター運営事業費,消防緊急通信指令施設運営管理,,
消防費,消防費,常備消防費,,,富士市・富士宮市消防指令センター費,富士市・富士宮市消防指令センター運営事業費,高機能消防指令センター全部更新構築管理,,0
消防費,消防費,常備消防費,,,富士市・富士宮市消防指令センター費,富士市・富士宮市消防指令センター運営事業費,施設保守等維持管理,,
消防費,消防費,常備消防費,,,富士市・富士宮市消防指令センター費,富士市・富士宮市消防指令センター運営事業費,富士宮市庁舎使用負担金,690,690
消防費,消防費,常備消防費,,,富士市・富士宮市消防指令センター費,富士市・富士宮市消防指令センター運営事業費,県防災行政無線運営協議会負担金,450,450
消防費,消防費,常備消防費,,,富士市・富士宮市消防指令センター費,富士市・富士宮市消防指令センター運営事業費,金丸山基地局電気使用料負担金,400,400
消防費,消防費,常備消防費,,,遭難対策費,,,527,527
消防費,消防費,常備消防費,,,遭難対策費,遭難対策事業費,,97,97
消防費,消防費,常備消防費,,,遭難対策費,遭難対策事業費,山岳遭難、水難救助対策経費,,
消防費,消防費,常備消防費,,,遭難対策費,遭難対策助成費,,430,430
消防費,消防費,常備消防費,,,遭難対策費,遭難対策助成費,山岳遭難防止対策事業活動補助金,100,100
消防費,消防費,常備消防費,,,遭難対策費,遭難対策助成費,山岳救助対策事業活動補助金,130,130
消防費,消防費,常備消防費,,,遭難対策費,遭難対策助成費,水難活動補助金,200,200
消防費,消防費,非常備消防,,,,,,171953,164183
消防費,消防費,非常備消防,報酬,,,,,66490,66936
消防費,消防費,非常備消防,災害補償費,,,,,2283,2414
消防費,消防費,非常備消防,報償費,,,,,20300,20750
消防費,消防費,非常備消防,旅費,,,,,26,177
消防費,消防費,非常備消防,旅費,費用弁償,,,,19,149
消防費,消防費,非常備消防,旅費,普通旅費,,,,5,5
消防費,消防費,非常備消防,旅費,特別旅費,,,,2,23
消防費,消防費,非常備消防,需用費,,,,,13918,14487
消防費,消防費,非常備消防,需用費,消耗品費,,,,2969,4025
消防費,消防費,非常備消防,需用費,燃料費,,,,621,621
消防費,消防費,非常備消防,需用費,印刷製本費,,,,264,264
消防費,消防費,非常備消防,需用費,光熱水費,,,,2660,2877
消防費,消防費,非常備消防,需用費,修繕料,,,,7404,6700
消防費,消防費,非常備消防,役務費険料,,,,,1307,1161
消防費,消防費,非常備消防,役務費険料,手数料,,,,112,66
消防費,消防費,非常備消防,役務費険料,保険料,,,,484,440
消防費,消防費,非常備消防,役務費険料,自動車損害保,,,,711,655
消防費,消防費,非常備消防,委託料,,,,,1559,1557
消防費,消防費,非常備消防,使用料及び賃借料,,,,,3832,4259
消防費,消防費,非常備消防,工事請負費,,,,,17602,10650
消防費,消防費,非常備消防,備品購入費,,,,,1985,0
消防費,消防費,非常備消防,負担金、補助及び交付金,,,,,41571,41099
消防費,消防費,非常備消防,負担金、補助及び交付金,負担金,,,,22321,22329
消防費,消防費,非常備消防,負担金、補助及び交付金,補助金,,,,2750,2490
消防費,消防費,非常備消防,負担金、補助及び交付金,交付金,,,,16500,16280
消防費,消防費,非常備消防,公課費,,,,,1080,693
消防費,消防費,非常備消防,,,給与費,,,66490,66936
消防費,消防費,非常備消防,,,給与費,消防団員　８００人,,66490,66936
消防費,消防費,非常備消防,,,消防団管理費,,,84160,77726
消防費,消防費,非常備消防,,,消防団管理費,消防団運営管理費,,55253,56739
消防費,消防費,非常備消防,,,消防団管理費,消防団運営管理費,公務災害補償,,
消防費,消防費,非常備消防,,,消防団管理費,消防団運営管理費,退職報償金,,
消防費,消防費,非常備消防,,,消防団管理費,消防団運営管理費,各種表彰,,
消防費,消防費,非常備消防,,,消防団管理費,消防団運営管理費,被服貸与,,
消防費,消防費,非常備消防,,,消防団管理費,消防団運営管理費,消防団アプリ運用,,
消防費,消防費,非常備消防,,,消防団管理費,消防団運営管理費,詰所維持管理,,
消防費,消防費,非常備消防,,,消防団管理費,消防団運営管理費,消防団災害活動用自動車保険,,
消防費,消防費,非常備消防,,,消防団管理費,消防団運営管理費,県消防協会富士支部負担金,1672,1673
消防費,消防費,非常備消防,,,消防団管理費,消防団運営管理費,消防団員退職報償金掛金,17856,17856
消防費,消防費,非常備消防,,,消防団管理費,消防団運営管理費,消防団員等公務災害補償掛金,2448,2448
消防費,消防費,非常備消防,,,消防団管理費,消防団運営管理費,消防団員賞じゅつ見舞金掛金,290,287
消防費,消防費,非常備消防,,,消防団管理費,消防団運営管理費,無線電波利用負担金,47,49
消防費,消防費,非常備消防,,,消防団管理費,消防団運営管理費,会議、研修会出席者負担金,8,16
消防費,消防費,非常備消防,,,消防団管理費,消防団車両・資機材管理事業費,,7265,7555
消防費,消防費,非常備消防,,,消防団管理費,消防団車両・資機材管理事業費,消防車両維持管理　　車両33台,,
消防費,消防費,非常備消防,,,消防団管理費,消防団車両・資機材管理事業費,消防用資機材維持管理,,
消防費,消防費,非常備消防,,,消防団管理費,消防団詰所管理事業費,,21642,13432
消防費,消防費,非常備消防,,,消防団管理費,消防団詰所管理事業費,消防団詰所維持補修、改修,,
消防費,消防費,非常備消防,,,消防団管理費,消防団詰所管理事業費,消防団詰所屋上・外壁防水,,0
消防費,消防費,非常備消防,,,消防団管理費,消防団詰所管理事業費,消防団詰所用地借上（第5分団）,,
消防費,消防費,非常備消防,,,消防団活動費,,,21303,19521
消防費,消防費,非常備消防,,,消防団活動費,消防団活動費,,2053,751
消防費,消防費,非常備消防,,,消防団活動費,消防団活動費,団本部、31か分団,,
消防費,消防費,非常備消防,,,消防団活動費,消防団活動費,消防活動用資機材整備,,0
消防費,消防費,非常備消防,,,消防団活動費,消防団等助成費,,2750,2490
消防費,消防費,非常備消防,,,消防団活動費,消防団等助成費,消防団員福祉共済保険助成金,2100,2100
消防費,消防費,非常備消防,,,消防団活動費,消防団等助成費,消防団員準中型自動車運転免許,650,390
消防費,消防費,非常備消防,,,消防団活動費,消防団交付金,,16500,16280
消防費,消防費,非常備消防,,,消防団活動費,消防団交付金,消防団運営交付金,16500,16280
消防費,消防費,消防施設費,,,,,,496760,659497
消防費,消防費,消防施設費,旅費,,,,,648,466
消防費,消防費,消防施設費,旅費,普通旅費,,,,648,466
消防費,消防費,消防施設費,需用費,,,,,570,644
消防費,消防費,消防施設費,需用費,消耗品費,,,,560,634
消防費,消防費,消防施設費,需用費,印刷製本費,,,,10,10
消防費,消防費,消防施設費,役務費,,,,,1377,1128
消防費,消防費,消防施設費,役務費,手数料,,,,1377,1128
消防費,消防費,消防施設費,工事請負費,,,,,13000,16000
消防費,消防費,消防施設費,備品購入費,,,,,414331,330803
消防費,消防費,消防施設費,負担金、補助及び交付金,,,,,66834,310456
消防費,消防費,消防施設費,負担金、補助及び交付金,負担金,,,,66534,310456
消防費,消防費,消防施設費,負担金、補助及び交付金,補助金,,,,300,0
消防費,消防費,消防施設費,,,消防施設整備費,,,427756,627251
消防費,消防費,消防施設費,,,消防施設整備費,消火栓整備事業費,,66834,310456
消防費,消防費,消防施設費,,,消防施設整備費,消火栓整備事業費,消火栓設置補助金,300,0
消防費,消防費,消防施設費,,,消防施設整備費,消火栓整備事業費,消火栓新設負担金,45188,60456
消防費,消防費,消防施設費,,,消防施設整備費,消火栓整備事業費,消火栓維持管理負担金,21346,0
消防費,消防費,消防施設費,,,消防施設整備費,消防用資機材整備事業費,,7917,3867
消防費,消防費,消防施設費,,,消防施設整備費,消防用資機材整備事業費,オゾン水生成機　　　　　　　　　2台,,0
消防費,消防費,消防施設費,,,消防施設整備費,消防用資機材整備事業費,救命ボート　　　　　　　　　　　1艇,,0
消防費,消防費,消防施設費,,,消防施設整備費,消防用資機材整備事業費,防火装備品用乾燥機　　　　　　　2台,,0
消防費,消防費,消防施設費,,,消防施設整備費,消防車両整備事業費,,339947,296902
消防費,消防費,消防施設費,,,消防施設整備費,消防車両整備事業費,高規格救急自動車　　　　　　　　1台,,
消防費,消防費,消防施設費,,,消防施設整備費,消防車両整備事業費,水槽付消防ポンプ自動車　　　　　1台,,0
消防費,消防費,消防施設費,,,消防施設整備費,消防車両整備事業費,救助工作車Ⅱ型　　　　　　　　　1台,,0
消防費,消防費,消防施設費,,,消防施設整備費,耐震性貯水槽整備事業費,,13058,16026
消防費,消防費,消防施設費,,,消防施設整備費,耐震性貯水槽整備事業費,耐震性貯水槽40㎥　　　　　　　　1基,,
消防費,消防費,消防施設費,,,消防団施設整備費,,,69004,32246
消防費,消防費,消防施設費,,,消防団施設整備費,消防団資機材整備事業費,,4944,5020
消防費,消防費,消防施設費,,,消防団施設整備費,消防団資機材整備事業費,可搬式消防ポンプ　　　　　　　　3台,,0
消防費,消防費,消防施設費,,,消防団施設整備費,消防団資機材整備事業費,発電機　　　　　　　　　　　　　7台,,0
消防費,消防費,消防施設費,,,消防団施設整備費,消防団車両整備事業費,,64060,27226
消防費,消防費,消防施設費,,,消防団施設整備費,消防団車両整備事業費,消防ポンプ自動車　　　　　　　　2台,,0
消防費,消防費,水防費,,,,,,18781,25962
消防費,消防費,水防費,報酬,,,,,4497,4471
消防費,消防費,水防費,災害補償費,,,,,200,200
消防費,消防費,水防費,報償費,,,,,11,11
消防費,消防費,水防費,旅費,,,,,8,18
消防費,消防費,水防費,旅費,普通旅費,,,,8,18
消防費,消防費,水防費,需用費,,,,,2576,2420
消防費,消防費,水防費,需用費,消耗品費,,,,2204,2042
消防費,消防費,水防費,需用費,食糧費,,,,14,14
消防費,消防費,水防費,需用費,光熱水費,,,,58,64
消防費,消防費,水防費,需用費,修繕料,,,,300,300
消防費,消防費,水防費,役務費,,,,,215,216
消防費,消防費,水防費,役務費,通信運搬費,,,,3,3
消防費,消防費,水防費,役務費,手数料,,,,5,5
消防費,消防費,水防費,役務費,筆耕翻訳料,,,,9,10
消防費,消防費,水防費,役務費,保険料,,,,198,198
消防費,消防費,水防費,委託料,,,,,3074,14360
消防費,消防費,水防費,使用料及び賃借料,,,,,947,947
消防費,消防費,水防費,原材料費,,,,,72,64
消防費,消防費,水防費,備品購入費,,,,,4211,315
消防費,消防費,水防費,負担金、補助及び交付金,,,,,2970,2940
消防費,消防費,水防費,負担金、補助及び交付金,負担金,,,,1560,1560
消防費,消防費,水防費,負担金、補助及び交付金,交付金,,,,1410,1380
消防費,消防費,水防費,,,給与費,,,4497,4471
消防費,消防費,水防費,,,給与費,水防団員　４７０人,,4457,0
消防費,消防費,水防費,,,給与費,水防協議会委員　４人,,40,40
消防費,消防費,水防費,,,水防対策費,,,13951,21158
消防費,消防費,水防費,,,水防対策費,一般事務費,,18,28
消防費,消防費,水防費,,,水防対策費,一般事務費,会議、研修会出席者負担金,10,10
消防費,消防費,水防費,,,水防対策費,水防団活動事業費,,11299,7210
消防費,消防費,水防費,,,水防対策費,水防団活動事業費,可搬式発電機　　　　　　　　　　1台,,0
消防費,消防費,水防費,,,水防対策費,水防団活動事業費,水防団災害活動用自動車保険,,
消防費,消防費,水防費,,,水防対策費,水防団活動事業費,水防団事業交付金,1410,1380
消防費,消防費,水防費,,,水防対策費,水防団活動事業費,消防団員等公務災害補償掛金,1550,1550
消防費,消防費,水防費,,,水防対策費,水防訓練事業費,,2634,2920
消防費,消防費,水防費,,,水防対策費,水防訓練事業費,市水防訓練,,
消防費,消防費,水防費,,,田子の浦港海岸陸閘操作委託費,,,333,333
消防費,消防費,水防費,,,田子の浦港海岸陸閘操作委託費,田子の浦港海岸陸閘操作委託費,,333,333
消防費,消防費,水防費,,,田子の浦港海岸陸閘操作委託費,田子の浦港海岸陸閘操作委託費,田子の浦港海岸陸閘操作点検等（県受託事業）,,
消防費,消防費,防災費,,,,,,207565,262584
消防費,消防費,防災費,報酬,,,,,3061,3223
消防費,消防費,防災費,職員手当等当,,,,,11399,10675
消防費,消防費,防災費,職員手当等当,時間外勤務手,,,,10795,10000
消防費,消防費,防災費,職員手当等当,期末手当,,,,520,577
消防費,消防費,防災費,職員手当等当,勤勉手当,,,,84,98
消防費,消防費,防災費,共済費,,,,,531,573
消防費,消防費,防災費,報償費,,,,,561,1196
消防費,消防費,防災費,旅費,,,,,526,599
消防費,消防費,防災費,旅費,費用弁償,,,,147,199
消防費,消防費,防災費,旅費,普通旅費,,,,244,271
消防費,消防費,防災費,旅費,特別旅費,,,,135,129
消防費,消防費,防災費,需用費,,,,,47114,36352
消防費,消防費,防災費,需用費,消耗品費,,,,21687,24409
消防費,消防費,防災費,需用費,燃料費,,,,311,127
消防費,消防費,防災費,需用費,食糧費,,,,1,1
消防費,消防費,防災費,需用費,印刷製本費,,,,1243,2139
消防費,消防費,防災費,需用費,光熱水費,,,,3535,3642
消防費,消防費,防災費,需用費,修繕料,,,,20337,5153
消防費,消防費,防災費,役務費険料,,,,,13845,16372
消防費,消防費,防災費,役務費険料,通信運搬費,,,,7502,8389
消防費,消防費,防災費,役務費険料,広告料,,,,3289,3289
消防費,消防費,防災費,役務費険料,手数料,,,,188,1830
消防費,消防費,防災費,役務費険料,保険料,,,,2860,2858
消防費,消防費,防災費,役務費険料,自動車損害保,,,,6,6
消防費,消防費,防災費,委託料,,,,,24890,70833
消防費,消防費,防災費,使用料及び賃借料,,,,,4850,5554
消防費,消防費,防災費,工事請負費,,,,,5131,5321
消防費,消防費,防災費,備品購入費,,,,,54678,68199
消防費,消防費,防災費,負担金、補助及び交付金,,,,,40962,41895
消防費,消防費,防災費,負担金、補助及び交付金,負担金,,,,849,782
消防費,消防費,防災費,負担金、補助及び交付金,補助金,,,,40113,41113
消防費,消防費,防災費,公課費,,,,,17,17
消防費,消防費,防災費,,,給与費,,,15091,14571
消防費,消防費,防災費,,,給与費,防災会議委員　２２人,,220,220
消防費,消防費,防災費,,,給与費,国民保護協議会委員　２１人,,210,210
消防費,消防費,防災費,,,給与費,時間外勤務手当,,10795,10000
消防費,消防費,防災費,,,給与費,時間外勤務手当,地域防災訓練,,0
消防費,消防費,防災費,,,給与費,時間外勤務手当,津波対策訓練,,0
消防費,消防費,防災費,,,給与費,時間外勤務手当,土砂災害対策訓練,,0
消防費,消防費,防災費,,,給与費,時間外勤務手当,学校防災教育連絡会議,,0
消防費,消防費,防災費,,,給与費,時間外勤務手当,地区防災会議,,0
消防費,消防費,防災費,,,給与費,時間外勤務手当,災害配備出動,,
消防費,消防費,防災費,,,給与費,パートタイム会計年度任用職員,,3866,4141
消防費,消防費,防災費,,,防災対策費,,,124864,193918
消防費,消防費,防災費,,,防災対策費,防災危機管理事務費,,50936,63002
消防費,消防費,防災費,,,防災対策費,防災危機管理事務費,危機管理体制整備,,
消防費,消防費,防災費,,,防災対策費,防災危機管理事務費,地域防災計画推進,,
消防費,消防費,防災費,,,防災対策費,防災危機管理事務費,災害時協力機関連携強化,,
消防費,消防費,防災費,,,防災対策費,防災危機管理事務費,全国市長会防災・減災費用保険,,
消防費,消防費,防災費,,,防災対策費,防災危機管理事務費,ドローン利活用推進事業,,
消防費,消防費,防災費,,,防災対策費,防災危機管理事務費,防災アプリ（防災ふじ）運用,,
消防費,消防費,防災費,,,防災対策費,防災危機管理事務費,災害対策本部室ＡＶ設備更新,,0
消防費,消防費,防災費,,,防災対策費,防災危機管理事務費,県内都市災害対策連絡会負担金,30,0
消防費,消防費,防災費,,,防災対策費,防災危機管理事務費,中越大震災ﾈｯﾄﾜｰｸおぢや協議会負担金,10,10
消防費,消防費,防災費,,,防災対策費,防災危機管理事務費,４市協定連絡会負担金,10,0
消防費,消防費,防災費,,,防災対策費,防災危機管理事務費,会議、研修会出席者負担金,5,0
消防費,消防費,防災費,,,防災対策費,防災啓発事業費,,4407,17645
消防費,消防費,防災費,,,防災対策費,防災啓発事業費,防災教育,,
消防費,消防費,防災費,,,防災対策費,防災啓発事業費,地域防災指導員,,
消防費,消防費,防災費,,,防災対策費,防災啓発事業費,防災啓発番組放送（Radio-f）,,
消防費,消防費,防災費,,,防災対策費,防災啓発事業費,トイレトレーラー運営,,
消防費,消防費,防災費,,,防災対策費,防災啓発事業費,女性の防災力向上事業補助金,115,115
消防費,消防費,防災費,,,防災対策費,防災啓発事業費,会議、研修会出席者負担金,154,154
消防費,消防費,防災費,,,防災対策費,備蓄資機材整備事業費,,26942,70930
消防費,消防費,防災費,,,防災対策費,備蓄資機材整備事業費,"備蓄用食糧整備（58,050食）",,0
消防費,消防費,防災費,,,防災対策費,備蓄資機材整備事業費,防災用資機材整備,,
消防費,消防費,防災費,,,防災対策費,備蓄資機材整備事業費,避難所用資機材整備,,
消防費,消防費,防災費,,,防災対策費,備蓄資機材整備事業費,防災倉庫・ヘリポート維持管理,,
消防費,消防費,防災費,,,防災対策費,自主防災組織育成事業費,,39998,40998
消防費,消防費,防災費,,,防災対策費,自主防災組織育成事業費,自主防災組織運営補助金,18500,18500
消防費,消防費,防災費,,,防災対策費,自主防災組織育成事業費,自主防災組織防災器材購入費補助金,21498,0
消防費,消防費,防災費,,,防災対策費,地震・津波対策事業費,,1591,1343
消防費,消防費,防災費,,,防災対策費,地震・津波対策事業費,家具固定事業,,
消防費,消防費,防災費,,,防災対策費,地震・津波対策事業費,津波警告標識等管理,,
消防費,消防費,防災費,,,防災対策費,国民保護事業費,,990,0
消防費,消防費,防災費,,,防災対策費,国民保護事業費,国民保護推進,,0
消防費,消防費,防災費,,,防災無線費,,,63236,50970
消防費,消防費,防災費,,,防災無線費,防災無線整備費,,35858,31096
消防費,消防費,防災費,,,防災無線費,防災無線整備費,同報無線受信局整備,,0
消防費,消防費,防災費,,,防災無線費,防災無線整備費,災害時通信機器整備,,
消防費,消防費,防災費,,,防災無線費,防災無線整備費,全国瞬時警報システム受信装置更新,,0
消防費,消防費,防災費,,,防災無線費,防災無線管理費,,27378,19874
消防費,消防費,防災費,,,防災無線費,防災無線管理費,同報無線管理,,
消防費,消防費,防災費,,,防災無線費,防災無線管理費,ＭＣＡ無線管理,,
消防費,消防費,防災費,,,防災無線費,防災無線管理費,行政無線管理,,
消防費,消防費,防災費,,,防災無線費,防災無線管理費,各種無線電波利用負担金,64,54
消防費,消防費,防災費,,,防災無線費,防災無線管理費,県防災行政無線運営協議会負担金,550,550
消防費,消防費,防災費,,,防災無線費,防災無線管理費,無線従事者養成講習会負担金,4,4
消防費,消防費,防災費,,,防災無線費,防災無線管理費,主任無線従事者講習負担金,22,0
消防費,消防費,防災費,,,防災訓練費,,,4374,1350
消防費,消防費,防災費,,,防災訓練費,防災訓練費,,4374,1350
消防費,消防費,防災費,,,防災訓練費,防災訓練費,総合防災訓練,,
消防費,消防費,防災費,,,防災訓練費,防災訓練費,地域防災訓練,,
消防費,消防費,防災費,,,防災訓練費,防災訓練費,津波対策訓練,,
消防費,消防費,防災費,,,防災訓練費,防災訓練費,土砂災害対策訓練,,
消防費,消防費,防災費,,,防災訓練費,防災訓練費,ふじBousai2025,,0
教育費,,,,,,,,13345799,12402939
教育費,教育総務費,,,,,,,1387247,1587267
教育費,教育総務費,教育委員会,,,,,,5897,34522
教育費,教育総務費,教育委員会,報酬,,,,,3672,4499
教育費,教育総務費,教育委員会,報償費,,,,,106,156
教育費,教育総務費,教育委員会,旅費,,,,,230,260
教育費,教育総務費,教育委員会,旅費,費用弁償,,,,230,260
教育費,教育総務費,教育委員会,需用費,,,,,83,808
教育費,教育総務費,教育委員会,需用費,消耗品費,,,,63,71
教育費,教育総務費,教育委員会,需用費,食糧費,,,,20,37
教育費,教育総務費,教育委員会,委託料,,,,,1690,21453
教育費,教育総務費,教育委員会,使用料及び賃借料,,,,,17,17
教育費,教育総務費,教育委員会,負担金、補助及び交付金,,,,,99,7049
教育費,教育総務費,教育委員会,負担金、補助及び交付金,負担金,,,,99,99
教育費,教育総務費,教育委員会,,,給与費,,,3672,4499
教育費,教育総務費,教育委員会,,,給与費,教育委員　４人,,3430,3430
教育費,教育総務費,教育委員会,,,給与費,自己点検評価に関する外部評価検討会委員　４人,,,
教育費,教育総務費,教育委員会,,,給与費,中学校部活動地域移行協議会委員　６人,,180,0
教育費,教育総務費,教育委員会,,,教育委員会費,,,2225,30023
教育費,教育総務費,教育委員会,,,教育委員会費,教育委員会運営事業費,,2225,30023
教育費,教育総務費,教育委員会,,,教育委員会費,教育委員会運営事業費,教育委員会運営（定例会）,,
教育費,教育総務費,教育委員会,,,教育委員会費,教育委員会運営事業費,教育委員会外部評価検討会運営,,
教育費,教育総務費,教育委員会,,,教育委員会費,教育委員会運営事業費,小中一貫教育推進,,
教育費,教育総務費,教育委員会,,,教育委員会費,教育委員会運営事業費,小中学校適正規模・適正配置推進,,0
教育費,教育総務費,教育委員会,,,教育委員会費,教育委員会運営事業費,中学校部活動地域連携・地域移行推進,,0
教育費,教育総務費,教育委員会,,,教育委員会費,教育委員会運営事業費,県市町教育委員会連絡協議会負担金,83,83
教育費,教育総務費,教育委員会,,,教育委員会費,教育委員会運営事業費,会議、研修会出席者負担金,16,16
教育費,教育総務費,事務局費,,,,,,923949,1038750
教育費,教育総務費,事務局費,報酬,,,,,33721,41496
教育費,教育総務費,事務局費,給料,,,,,246525,269904
教育費,教育総務費,事務局費,職員手当等当,,,,,219654,331180
教育費,教育総務費,事務局費,職員手当等当,管理職手当,,,,4764,4764
教育費,教育総務費,事務局費,職員手当等当,扶養手当,,,,7247,6816
教育費,教育総務費,事務局費,職員手当等当,地域手当,,,,7489,10886
教育費,教育総務費,事務局費,職員手当等当,住居手当,,,,1514,1689
教育費,教育総務費,事務局費,職員手当等当,通勤手当,,,,5037,5644
教育費,教育総務費,事務局費,職員手当等当,時間外勤務手,,,,46269,44000
教育費,教育総務費,事務局費,職員手当等当,休日勤務手当,,,,50,50
教育費,教育総務費,事務局費,職員手当等当,期末手当,,,,67296,75705
教育費,教育総務費,事務局費,職員手当等当,勤勉手当,,,,47558,53709
教育費,教育総務費,事務局費,職員手当等当,退職手当,,,,10000,106022
教育費,教育総務費,事務局費,職員手当等当,児童手当,,,,22430,21895
教育費,教育総務費,事務局費,共済費,,,,,124503,131217
教育費,教育総務費,事務局費,報償費,,,,,156,140
教育費,教育総務費,事務局費,旅費,,,,,2203,2228
教育費,教育総務費,事務局費,旅費,費用弁償,,,,1631,1679
教育費,教育総務費,事務局費,旅費,普通旅費,,,,354,352
教育費,教育総務費,事務局費,旅費,特別旅費,,,,218,197
教育費,教育総務費,事務局費,需用費,,,,,2723,4606
教育費,教育総務費,事務局費,需用費,消耗品費,,,,784,730
教育費,教育総務費,事務局費,需用費,印刷製本費,,,,1739,1516
教育費,教育総務費,事務局費,需用費,修繕料,,,,200,2360
教育費,教育総務費,事務局費,役務費,,,,,2160,2668
教育費,教育総務費,事務局費,役務費,通信運搬費,,,,35,264
教育費,教育総務費,事務局費,役務費,手数料,,,,76,55
教育費,教育総務費,事務局費,役務費,筆耕翻訳料,,,,17,3
教育費,教育総務費,事務局費,役務費,保険料,,,,2032,2346
教育費,教育総務費,事務局費,委託料,,,,,52394,59708
教育費,教育総務費,事務局費,使用料及び賃借料,,,,,186378,190498
教育費,教育総務費,事務局費,備品購入費,,,,,150,150
教育費,教育総務費,事務局費,負担金、補助及び交付金,,,,,2467,2342
教育費,教育総務費,事務局費,負担金、補助及び交付金,負担金,,,,243,227
教育費,教育総務費,事務局費,負担金、補助及び交付金,補助金,,,,2224,2115
教育費,教育総務費,事務局費,補償、補塡及び賠償金,,,,,2000,2000
教育費,教育総務費,事務局費,補償、補塡及び賠償金,賠償金,,,,2000,2000
教育費,教育総務費,事務局費,積立金,,,,,48915,613
教育費,教育総務費,事務局費,,,給与費,,,625960,775331
教育費,教育総務費,事務局費,,,給与費,特別職　１人,,15263,15414
教育費,教育総務費,事務局費,,,給与費,一般職　５１人,,531290,0
教育費,教育総務費,事務局費,,,給与費,パートタイム会計年度任用職員　（教育総務）,,69084,74667
教育費,教育総務費,事務局費,,,給与費,パートタイム会計年度任用職員　（教育総務）,教育委員会会計年度任用職員の,,
教育費,教育総務費,事務局費,,,給与費,パートタイム会計年度任用職員　（教育総務）,労災保険料、雇用保険料　ほか,,
教育費,教育総務費,事務局費,,,給与費,パートタイム会計年度任用職員　（学校教育）,,6416,15344
教育費,教育総務費,事務局費,,,給与費,パートタイム会計年度任用職員　（学校教育）,保健室サポート員　1人　ほか,,0
教育費,教育総務費,事務局費,,,給与費,パートタイム会計年度任用職員　（学務）,,3907,0
教育費,教育総務費,事務局費,,,管理事務局費,,,14002,13991
教育費,教育総務費,事務局費,,,管理事務局費,事務局運営事業費,,3305,3121
教育費,教育総務費,事務局費,,,管理事務局費,事務局運営事業費,事務局運営費、文書等集配業務　ほか,,
教育費,教育総務費,事務局費,,,管理事務局費,事務局運営事業費,県都市教育長協議会年間負担金,77,77
教育費,教育総務費,事務局費,,,管理事務局費,事務局運営事業費,各種団体負担金,34,34
教育費,教育総務費,事務局費,,,管理事務局費,事務局運営事業費,会議、研修会出席者負担金,132,116
教育費,教育総務費,事務局費,,,管理事務局費,学校災害賠償補償事業費,,4032,4346
教育費,教育総務費,事務局費,,,管理事務局費,学校災害賠償補償事業費,全国市長会学校災害賠償補償保険,,
教育費,教育総務費,事務局費,,,管理事務局費,学校災害賠償補償事業費,"（小学校、中学校、高校　計18,955人）",,0
教育費,教育総務費,事務局費,,,管理事務局費,学校用地管理事業費,,6665,6524
教育費,教育総務費,事務局費,,,管理事務局費,学校用地管理事業費,教育施設用地借上（元吉原中学校）,,
教育費,教育総務費,事務局費,,,学校事務局費,,,220299,236894
教育費,教育総務費,事務局費,,,学校事務局費,学校事務局運営事業費,,1792,1762
教育費,教育総務費,事務局費,,,学校事務局費,学校事務局運営事業費,事務局運営費,,
教育費,教育総務費,事務局費,,,学校事務局費,学校事務局運営事業費,インターネットバンキング使用料,,
教育費,教育総務費,事務局費,,,学校事務局費,教職員表彰事業費,,130,96
教育費,教育総務費,事務局費,,,学校事務局費,教職員表彰事業費,教職員表彰　　　　　 　　2人,,
教育費,教育総務費,事務局費,,,学校事務局費,教職員表彰事業費,退職教職員感謝状贈呈　　40人,,
教育費,教育総務費,事務局費,,,学校事務局費,学校ＯＡ化推進事業費,,216986,233662
教育費,教育総務費,事務局費,,,学校事務局費,学校ＯＡ化推進事業費,"校務用パソコン　 1,337台",,
教育費,教育総務費,事務局費,,,学校事務局費,学校ＯＡ化推進事業費,校務用ソフトウェア運用管理,,
教育費,教育総務費,事務局費,,,学校事務局費,学校ＯＡ化推進事業費,インターネット接続管理,,0
教育費,教育総務費,事務局費,,,学校事務局費,学校ＯＡ化推進事業費,教職員勤怠管理システム運用管理,,
教育費,教育総務費,事務局費,,,学校事務局費,学校ＯＡ化推進事業費,中学校デジタル採点支援システム導入,,0
教育費,教育総務費,事務局費,,,学校事務局費,学籍管理事業費,,252,252
教育費,教育総務費,事務局費,,,学校事務局費,学籍管理事業費,運営事務費,,
教育費,教育総務費,事務局費,,,学校事務局費,教育研修センター運営管理事業費,,527,524
教育費,教育総務費,事務局費,,,学校事務局費,教育研修センター運営管理事業費,運営事務費,,
教育費,教育総務費,事務局費,,,学校事務局費,特別支援教育センター運営管理事業費,,612,598
教育費,教育総務費,事務局費,,,学校事務局費,特別支援教育センター運営管理事業費,運営事務費,,
教育費,教育総務費,事務局費,,,教育振興助成費,,,14773,11921
教育費,教育総務費,事務局費,,,教育振興助成費,学校区管理事業費,,12672,9921
教育費,教育総務費,事務局費,,,教育振興助成費,学校区管理事業費,遠距離通学者補助金,123,115
教育費,教育総務費,事務局費,,,教育振興助成費,学校区管理事業費,（対象者　通学距離小学校4ｋｍ,,
教育費,教育総務費,事務局費,,,教育振興助成費,学校区管理事業費,児童専用路線バス運行（元吉原小学校）,,
教育費,教育総務費,事務局費,,,教育振興助成費,学校区管理事業費,旧大淵第二小学校児童通学用車両運行,,0
教育費,教育総務費,事務局費,,,教育振興助成費,その他教育振興助成費,,2101,2000
教育費,教育総務費,事務局費,,,教育振興助成費,その他教育振興助成費,小中学校単位ＰＴＡ活動事業補助金,,
教育費,教育総務費,事務局費,,,大村教育施設等整備基金積立費,,,680,586
教育費,教育総務費,事務局費,,,大村教育施設等整備基金積立費,大村教育施設等整備基金積立事業費,,680,586
教育費,教育総務費,事務局費,,,大村教育施設等整備基金積立費,大村教育施設等整備基金積立事業費,大村教育施設等整備基金積立金,,
教育費,教育総務費,事務局費,,,学校施設整備基金積立費,,,48235,27
教育費,教育総務費,事務局費,,,学校施設整備基金積立費,学校施設整備基金積立事業費,,48235,27
教育費,教育総務費,事務局費,,,学校施設整備基金積立費,学校施設整備基金積立事業費,学校施設整備基金積立金,,
教育費,教育総務費,学校教育指,,,,,,227436,244426
教育費,教育総務費,学校教育指,報酬,,,,,160122,167534
教育費,教育総務費,学校教育指,職員手当等,,,,,961,1029
教育費,教育総務費,学校教育指,職員手当等,期末手当,,,,828,880
教育費,教育総務費,学校教育指,職員手当等,勤勉手当,,,,133,149
教育費,教育総務費,学校教育指,共済費,,,,,15990,15953
教育費,教育総務費,学校教育指,報償費,,,,,1914,1793
教育費,教育総務費,学校教育指,旅費,,,,,7780,7503
教育費,教育総務費,学校教育指,旅費,費用弁償,,,,7648,7261
教育費,教育総務費,学校教育指,旅費,普通旅費,,,,35,25
教育費,教育総務費,学校教育指,旅費,特別旅費,,,,97,217
教育費,教育総務費,学校教育指,需用費,,,,,2499,2709
教育費,教育総務費,学校教育指,需用費,消耗品費,,,,2177,2317
教育費,教育総務費,学校教育指,需用費,食糧費,,,,268,268
教育費,教育総務費,学校教育指,需用費,印刷製本費,,,,54,124
教育費,教育総務費,学校教育指,役務費,,,,,76,76
教育費,教育総務費,学校教育指,役務費,保険料,,,,76,76
教育費,教育総務費,学校教育指,委託料,,,,,20864,29282
教育費,教育総務費,学校教育指,使用料及び賃借料,,,,,12238,12276
教育費,教育総務費,学校教育指,工事請負費,,,,,1221,2100
教育費,教育総務費,学校教育指,備品購入費,,,,,1550,1480
教育費,教育総務費,学校教育指,負担金、補助及び交付金,,,,,1822,1802
教育費,教育総務費,学校教育指,負担金、補助及び交付金,負担金,,,,100,100
教育費,教育総務費,学校教育指,負担金、補助及び交付金,補助金,,,,1722,1702
教育費,教育総務費,学校教育指,積立金,,,,,399,889
教育費,教育総務費,学校教育指,,,給与費,,,184246,191284
教育費,教育総務費,学校教育指,,,給与費,いじめ問題対策連絡協議会委員　１人,,14,14
教育費,教育総務費,学校教育指,,,給与費,いじめ問題対策推進委員会委員　５人,,250,400
教育費,教育総務費,学校教育指,,,給与費,パートタイム会計年度任用職員,,183982,190870
教育費,教育総務費,学校教育指,,,給与費,パートタイム会計年度任用職員,英語指導スーパーバイザー　　1人,,0
教育費,教育総務費,学校教育指,,,給与費,パートタイム会計年度任用職員,外国人英語指導助手　　　　 20人,,0
教育費,教育総務費,学校教育指,,,給与費,パートタイム会計年度任用職員,学校司書　　　　　　　　　 40人,,0
教育費,教育総務費,学校教育指,,,給与費,パートタイム会計年度任用職員,学校訪問指導主事　　　　　　2人,,0
教育費,教育総務費,学校教育指,,,給与費,パートタイム会計年度任用職員,生徒指導アドバイザー　　　　1人,,0
教育費,教育総務費,学校教育指,,,給与費,パートタイム会計年度任用職員,生徒指導サポート員　　　　 13人,,0
教育費,教育総務費,学校教育指,,,給与費,パートタイム会計年度任用職員,スクールソーシャルワーカー　4人,,0
教育費,教育総務費,学校教育指,,,給与費,パートタイム会計年度任用職員,部活動指導員　　　　　　　 10人,,0
教育費,教育総務費,学校教育指,,,教育研究費,,,30139,34206
教育費,教育総務費,学校教育指,,,教育研究費,教育研究事業費,,3295,5021
教育費,教育総務費,学校教育指,,,教育研究費,教育研究事業費,「特色ある教育」等の教育研究,,
教育費,教育総務費,学校教育指,,,教育研究費,教育研究事業費,教育研究教員海外派遣　2人,,
教育費,教育総務費,学校教育指,,,教育研究費,教育研究指定校事業費,,480,480
教育費,教育総務費,学校教育指,,,教育研究費,教育研究指定校事業費,教育研究指定校　　　　4校,,
教育費,教育総務費,学校教育指,,,教育研究費,学校図書館教育推進事業費,,22276,24567
教育費,教育総務費,学校教育指,,,教育研究費,学校図書館教育推進事業費,学校図書システム運用管理,,
教育費,教育総務費,学校教育指,,,教育研究費,教育指導管理事業費,,1890,1996
教育費,教育総務費,学校教育指,,,教育研究費,教育指導管理事業費,学校指導訪問　ほか,,
教育費,教育総務費,学校教育指,,,教育研究費,社会科副読本等作成事業費,,2198,2142
教育費,教育総務費,学校教育指,,,教育研究費,社会科副読本等作成事業費,小中学校社会科副読本等作成,,
教育費,教育総務費,学校教育指,,,教職員研修費,,,1013,853
教育費,教育総務費,学校教育指,,,教職員研修費,教職員研修事業費,,1013,853
教育費,教育総務費,学校教育指,,,教職員研修費,教職員研修事業費,教職員研修,,
教育費,教育総務費,学校教育指,,,教職員研修費,教職員研修事業費,教育研究推進会講師報償　ほか,,
教育費,教育総務費,学校教育指,,,教育研究助成費,,,1722,1702
教育費,教育総務費,学校教育指,,,教育研究助成費,教育研究団体助成費,,1722,1702
教育費,教育総務費,学校教育指,,,教育研究助成費,教育研究団体助成費,教育研究実践会補助金,20,0
教育費,教育総務費,学校教育指,,,教育研究助成費,教育研究団体助成費,校長会教育研究補助金,1118,1118
教育費,教育総務費,学校教育指,,,教育研究助成費,教育研究団体助成費,教頭会教育研究補助金,584,584
教育費,教育総務費,学校教育指,,,教育振興基金積立費,,,399,889
教育費,教育総務費,学校教育指,,,教育振興基金積立費,教育振興基金積立事業費,,399,889
教育費,教育総務費,学校教育指,,,教育振興基金積立費,教育振興基金積立事業費,教育振興基金積立金,,
教育費,教育総務費,学校教育指,,,学習支援事業費,,,9917,15492
教育費,教育総務費,学校教育指,,,学習支援事業費,学習成果発表事業費,,759,1261
教育費,教育総務費,学校教育指,,,学習支援事業費,学習成果発表事業費,読書感想文コンクール、英語弁論大会、,,
教育費,教育総務費,学校教育指,,,学習支援事業費,学習成果発表事業費,中学校総合体育大会開催,,
教育費,教育総務費,学校教育指,,,学習支援事業費,学習成果発表事業費,戸塚洋二奨励賞表彰　ほか,,
教育費,教育総務費,学校教育指,,,学習支援事業費,学習成果発表事業費,富士地区教育研究協議会負担金,100,100
教育費,教育総務費,学校教育指,,,学習支援事業費,生き方支援事業費,,9158,9998
教育費,教育総務費,学校教育指,,,学習支援事業費,生き方支援事業費,学級集団アセスメント（ｉ-ｃｈｅｃｋ）,,
教育費,教育総務費,学校教育指,,,学習支援事業費,生き方支援事業費,知能検査（小学校3年生、中学校1年生、,,
教育費,教育総務費,学校教育指,,,学習支援事業費,生き方支援事業費,中学生リーダー研修会,,
教育費,教育総務費,学校教育指,,,学習支援事業費,生き方支援事業費,いじめ問題対策推進委員会運営,,
教育費,教育総務費,学校教育指,,,学習支援事業費,生き方支援事業費,放課後学習支援ボランティア事業,,0
教育費,教育総務費,学校教育指,,,学習支援事業費,生き方支援事業費,校内教育支援センター設置,,
教育費,教育総務費,特別支援教,,,,,,200585,237955
教育費,教育総務費,特別支援教,報酬,,,,,154100,176951
教育費,教育総務費,特別支援教,給料,,,,,6518,6041
教育費,教育総務費,特別支援教,職員手当等当,,,,,9330,17501
教育費,教育総務費,特別支援教,職員手当等当,地域手当,,,,196,242
教育費,教育総務費,特別支援教,職員手当等当,通勤手当,,,,178,100
教育費,教育総務費,特別支援教,職員手当等当,時間外勤務手,,,,300,300
教育費,教育総務費,特別支援教,職員手当等当,期末手当,,,,7462,13300
教育費,教育総務費,特別支援教,職員手当等当,勤勉手当,,,,1194,3559
教育費,教育総務費,特別支援教,共済費,,,,,7138,13346
教育費,教育総務費,特別支援教,報償費,,,,,1578,2354
教育費,教育総務費,特別支援教,旅費,,,,,8906,8859
教育費,教育総務費,特別支援教,旅費,費用弁償,,,,8874,8827
教育費,教育総務費,特別支援教,旅費,特別旅費,,,,32,32
教育費,教育総務費,特別支援教,需用費,,,,,2078,7071
教育費,教育総務費,特別支援教,需用費,消耗品費,,,,2024,1954
教育費,教育総務費,特別支援教,需用費,食糧費,,,,18,17
教育費,教育総務費,特別支援教,需用費,修繕料,,,,36,5100
教育費,教育総務費,特別支援教,委託料,,,,,1700,1750
教育費,教育総務費,特別支援教,使用料及び賃借料,,,,,1275,0
教育費,教育総務費,特別支援教,工事請負費,,,,,4081,500
教育費,教育総務費,特別支援教,備品購入費,,,,,3755,3285
教育費,教育総務費,特別支援教,負担金、補助及び交付金,,,,,126,297
教育費,教育総務費,特別支援教,負担金、補助及び交付金,負担金,,,,126,297
教育費,教育総務費,特別支援教,,,給与費,,,185960,222658
教育費,教育総務費,特別支援教,,,給与費,就学支援委員会委員　１人,,120,120
教育費,教育総務費,特別支援教,,,給与費,発達支援委員会委員　１人,,76,76
教育費,教育総務費,特別支援教,,,給与費,フルタイム会計年度任用職員　２人,,10655,9982
教育費,教育総務費,特別支援教,,,給与費,フルタイム会計年度任用職員　２人,特別支援専門相談員　　　　　 　 1人,,0
教育費,教育総務費,特別支援教,,,給与費,フルタイム会計年度任用職員　２人,社会福祉総合相談員　　　　　 　 1人,,0
教育費,教育総務費,特別支援教,,,給与費,パートタイム会計年度任用職員,,175109,212480
教育費,教育総務費,特別支援教,,,給与費,パートタイム会計年度任用職員,特別支援学級（肢体）サポート員　10人,,0
教育費,教育総務費,特別支援教,,,給与費,パートタイム会計年度任用職員,特別支援学級サポート員　　　　　43人,,0
教育費,教育総務費,特別支援教,,,給与費,パートタイム会計年度任用職員,特別支援教育サポート員　　　 　 53人,,0
教育費,教育総務費,特別支援教,,,給与費,パートタイム会計年度任用職員,特別支援教育学習相談員　　　　  10人,,0
教育費,教育総務費,特別支援教,,,給与費,パートタイム会計年度任用職員,中央病院内教室講師　　　　　　　 2人,,0
教育費,教育総務費,特別支援教,,,給与費,パートタイム会計年度任用職員,外国人児童生徒指導員　　　　　　 1人,,0
教育費,教育総務費,特別支援教,,,給与費,パートタイム会計年度任用職員,外国人児童生徒支援員　　　　　　 5人,,0
教育費,教育総務費,特別支援教,,,給与費,パートタイム会計年度任用職員,国際教室専任指導員　　　　　　　 5人,,0
教育費,教育総務費,特別支援教,,,特別支援教育振興費,,,13044,12081
教育費,教育総務費,特別支援教,,,特別支援教育振興費,特別支援教育事業費,,13044,12081
教育費,教育総務費,特別支援教,,,特別支援教育振興費,特別支援教育事業費,特別支援教育振興,,
教育費,教育総務費,特別支援教,,,特別支援教育振興費,特別支援教育事業費,不登校相談支援,,
教育費,教育総務費,特別支援教,,,特別支援教育振興費,特別支援教育事業費,通級指導教室整備・改修,,
教育費,教育総務費,特別支援教,,,特別支援教育振興費,特別支援教育事業費,全日本特別支援教育連盟等負担金,22,22
教育費,教育総務費,特別支援教,,,特別支援教育振興費,特別支援教育事業費,全国特別支援学級設置学校長協会負担金,27,27
教育費,教育総務費,特別支援教,,,特別支援教育振興費,特別支援教育事業費,その他各種団体負担金,29,27
教育費,教育総務費,特別支援教,,,特別支援教育振興費,特別支援教育事業費,会議、研修会出席者負担金,48,61
教育費,教育総務費,特別支援教,,,特別支援教育活動費,,,1581,3216
教育費,教育総務費,特別支援教,,,特別支援教育活動費,外国人児童生徒支援事業費,,1581,3216
教育費,教育総務費,特別支援教,,,特別支援教育活動費,外国人児童生徒支援事業費,就学支援,,
教育費,教育総務費,特別支援教,,,特別支援教育活動費,外国人児童生徒支援事業費,日本語・母国語指導教室運営,,0
教育費,教育総務費,特別支援教,,,特別支援教育活動費,外国人児童生徒支援事業費,（吉原小学校・富士見台小学校・田子浦小学校）,,
教育費,教育総務費,育英奨学費,,,,,,10217,13986
教育費,教育総務費,育英奨学費,報酬,,,,,20,20
教育費,教育総務費,育英奨学費,負担金、補助及び交付金,,,,,9480,12780
教育費,教育総務費,育英奨学費,負担金、補助及び交付金,補助金,,,,9480,12780
教育費,教育総務費,育英奨学費,積立金,,,,,717,1186
教育費,教育総務費,育英奨学費,,,給与費,,,20,20
教育費,教育総務費,育英奨学費,,,給与費,育英奨学生選考委員会委員　２人,,20,20
教育費,教育総務費,育英奨学費,,,育英奨学資金事業費,,,9480,12780
教育費,教育総務費,育英奨学費,,,育英奨学資金事業費,育英奨学資金事業費,,9480,12780
教育費,教育総務費,育英奨学費,,,育英奨学資金事業費,育英奨学資金事業費,育英奨学金　奨学生　　　79人,,0
教育費,教育総務費,育英奨学費,,,育英奨学基金積立費,,,717,1186
教育費,教育総務費,育英奨学費,,,育英奨学基金積立費,育英奨学基金積立事業費,,717,1186
教育費,教育総務費,育英奨学費,,,育英奨学基金積立費,育英奨学基金積立事業費,育英奨学基金積立金,,
教育費,教育総務費,教育プラザ,,,,,,19163,17628
教育費,教育総務費,教育プラザ,需用費,,,,,6500,5827
教育費,教育総務費,教育プラザ,需用費,消耗品費,,,,500,500
教育費,教育総務費,教育プラザ,需用費,光熱水費,,,,4000,4000
教育費,教育総務費,教育プラザ,需用費,修繕料,,,,2000,1327
教育費,教育総務費,教育プラザ,役務費,,,,,945,936
教育費,教育総務費,教育プラザ,役務費,通信運搬費,,,,919,910
教育費,教育総務費,教育プラザ,役務費,手数料,,,,26,26
教育費,教育総務費,教育プラザ,委託料,,,,,10150,10496
教育費,教育総務費,教育プラザ,使用料及び賃借料,,,,,160,160
教育費,教育総務費,教育プラザ,備品購入費,,,,,1400,201
教育費,教育総務費,教育プラザ,負担金、補助及び交付金,,,,,8,8
教育費,教育総務費,教育プラザ,負担金、補助及び交付金,負担金,,,,8,8
教育費,教育総務費,教育プラザ,,,教育プラザ管理費,,,19163,17628
教育費,教育総務費,教育プラザ,,,教育プラザ管理費,教育プラザ運営管理事業費,,7600,7825
教育費,教育総務費,教育プラザ,,,教育プラザ管理費,教育プラザ運営管理事業費,施設光熱水費　ほか,,
教育費,教育総務費,教育プラザ,,,教育プラザ管理費,教育プラザ運営管理事業費,会議、研修会出席者負担金,8,8
教育費,教育総務費,教育プラザ,,,教育プラザ管理費,教育プラザ施設管理事業費,,11563,9803
教育費,教育総務費,教育プラザ,,,教育プラザ管理費,教育プラザ施設管理事業費,各種設備保守点検　ほか,,
教育費,小学校費,,,,,,,2615062,1734997
教育費,小学校費,小学校管理,,,,,,775010,805378
教育費,小学校費,小学校管理,報酬,,,,,127513,134247
教育費,小学校費,小学校管理,職員手当等,,,,,29600,32834
教育費,小学校費,小学校管理,職員手当等,期末手当,,,,25517,28103
教育費,小学校費,小学校管理,職員手当等,勤勉手当,,,,4083,4731
教育費,小学校費,小学校管理,共済費,,,,,25428,26125
教育費,小学校費,小学校管理,報償費,,,,,1322,1175
教育費,小学校費,小学校管理,旅費,,,,,6453,5682
教育費,小学校費,小学校管理,旅費,費用弁償,,,,6323,5500
教育費,小学校費,小学校管理,旅費,普通旅費,,,,130,170
教育費,小学校費,小学校管理,需用費,,,,,314945,334213
教育費,小学校費,小学校管理,需用費,消耗品費,,,,52769,52402
教育費,小学校費,小学校管理,需用費,燃料費,,,,2500,2500
教育費,小学校費,小学校管理,需用費,食糧費,,,,900,512
教育費,小学校費,小学校管理,需用費,印刷製本費,,,,14430,14212
教育費,小学校費,小学校管理,需用費,光熱水費,,,,154475,156744
教育費,小学校費,小学校管理,需用費,修繕料,,,,89871,107843
教育費,小学校費,小学校管理,役務費,,,,,29076,29960
教育費,小学校費,小学校管理,役務費,通信運搬費,,,,12275,12477
教育費,小学校費,小学校管理,役務費,手数料,,,,16801,17483
教育費,小学校費,小学校管理,委託料,,,,,104395,104782
教育費,小学校費,小学校管理,使用料及び賃借料,,,,,31620,32668
教育費,小学校費,小学校管理,工事請負費,,,,,58273,54550
教育費,小学校費,小学校管理,備品購入費,,,,,46339,49076
教育費,小学校費,小学校管理,負担金、補助及び交付金,,,,,46,66
教育費,小学校費,小学校管理,負担金、補助及び交付金,負担金,,,,46,66
教育費,小学校費,小学校管理,,,給与費,,,188114,198006
教育費,小学校費,小学校管理,,,給与費,パートタイム会計年度任用職員,,188114,198006
教育費,小学校費,小学校管理,,,給与費,パートタイム会計年度任用職員,事務職員　24人,,0
教育費,小学校費,小学校管理,,,給与費,パートタイム会計年度任用職員,用務員　　26人,,0
教育費,小学校費,小学校管理,,,小学校運営管理費,,,344522,348533
教育費,小学校費,小学校管理,,,小学校運営管理費,小学校運営管理事業費,,19912,18332
教育費,小学校費,小学校管理,,,小学校運営管理費,小学校運営管理事業費,メール等による緊急連絡網,,
教育費,小学校費,小学校管理,,,小学校運営管理費,小学校運営管理事業費,卒業記念品、生ごみ処理委託、,,0
教育費,小学校費,小学校管理,,,小学校運営管理費,小学校運営管理事業費,印刷機借上　ほか,,
教育費,小学校費,小学校管理,,,小学校運営管理費,小学校管理備品整備事業費,,29379,31938
教育費,小学校費,小学校管理,,,小学校運営管理費,小学校管理備品整備事業費,教室用机・椅子、遊具等大型管理備品整備,,
教育費,小学校費,小学校管理,,,小学校運営管理費,小学校教材整備事業費,,6598,6600
教育費,小学校費,小学校管理,,,小学校運営管理費,小学校教材整備事業費,大型教材、理科教育振興法による教材整備,,
教育費,小学校費,小学校管理,,,小学校運営管理費,各小学校運営費,,288633,291663
教育費,小学校費,小学校管理,,,小学校運営管理費,各小学校運営費,小学校26校への配当運営費,,
教育費,小学校費,小学校管理,,,小学校運営管理費,各小学校運営費,（電気、水道、電話料、図書購入費　ほか）,,
教育費,小学校費,小学校管理,,,小学校施設管理費,,,242374,258839
教育費,小学校費,小学校管理,,,小学校施設管理費,小学校施設管理事業費,,108230,109813
教育費,小学校費,小学校管理,,,小学校施設管理費,小学校施設管理事業費,各種設備保守点検,,
教育費,小学校費,小学校管理,,,小学校施設管理費,小学校施設管理事業費,空調設備ＥＳＣＯ事業,,
教育費,小学校費,小学校管理,,,小学校施設管理費,小学校施設管理事業費,太陽光発電売電用計器取替負担金,46,50
教育費,小学校費,小学校管理,,,小学校施設管理費,小学校緊急補修事業費,,134144,149026
教育費,小学校費,小学校管理,,,小学校施設管理費,小学校緊急補修事業費,不特定緊急維持補修,,
教育費,小学校費,小学校管理,,,小学校施設管理費,小学校緊急補修事業費,バリアフリー改修　ほか,,0
教育費,小学校費,小学校教育,,,,,,910738,270198
教育費,小学校費,小学校教育,報酬,,,,,30994,32994
教育費,小学校費,小学校教育,職員手当等,,,,,3317,3832
教育費,小学校費,小学校教育,職員手当等,期末手当,,,,2859,3280
教育費,小学校費,小学校教育,職員手当等,勤勉手当,,,,458,552
教育費,小学校費,小学校教育,共済費,,,,,2650,2991
教育費,小学校費,小学校教育,旅費,,,,,1040,944
教育費,小学校費,小学校教育,旅費,費用弁償,,,,1040,944
教育費,小学校費,小学校教育,需用費,,,,,4587,4032
教育費,小学校費,小学校教育,需用費,消耗品費,,,,1608,1603
教育費,小学校費,小学校教育,需用費,食糧費,,,,429,429
教育費,小学校費,小学校教育,需用費,修繕料,,,,2550,2000
教育費,小学校費,小学校教育,役務費,,,,,9585,9501
教育費,小学校費,小学校教育,役務費,通信運搬費,,,,9585,9501
教育費,小学校費,小学校教育,委託料,,,,,61904,88108
教育費,小学校費,小学校教育,使用料及び賃借料,,,,,70102,61786
教育費,小学校費,小学校教育,備品購入費,,,,,645975,0
教育費,小学校費,小学校教育,扶助費,,,,,80584,66010
教育費,小学校費,小学校教育,,,給与費,,,37961,40741
教育費,小学校費,小学校教育,,,給与費,小学校学校運営協議会委員　３００人,,1800,1850
教育費,小学校費,小学校教育,,,給与費,パートタイム会計年度任用職員,,36161,38891
教育費,小学校費,小学校教育,,,給与費,パートタイム会計年度任用職員,ＩＣＴ支援員　7人,,0
教育費,小学校費,小学校教育,,,給与費,パートタイム会計年度任用職員,コミュニティスクールディレクター　　26人,,0
教育費,小学校費,小学校教育,,,小学校教育振興費,,,861111,224484
教育費,小学校費,小学校教育,,,小学校教育振興費,小学校教科書整備事業費,,175,170
教育費,小学校費,小学校教育,,,小学校教育振興費,小学校教科書整備事業費,教師用教科書・指導書,,
教育費,小学校費,小学校教育,,,小学校教育振興費,小学校ＩＣＴ教育推進事業費,,790087,161366
教育費,小学校費,小学校教育,,,小学校教育振興費,小学校ＩＣＴ教育推進事業費,"ＧＩＧＡタブレット端末更新　11,745台",,0
教育費,小学校費,小学校教育,,,小学校教育振興費,小学校ＩＣＴ教育推進事業費,校内ＩＣＴ機器等管理,,
教育費,小学校費,小学校教育,,,小学校教育振興費,小学校ＩＣＴ教育推進事業費,（ＧＩＧＡﾀﾌﾞﾚｯﾄ端末、ﾌﾟﾛｼﾞｪｸﾀｰ　ほか）,,
教育費,小学校費,小学校教育,,,小学校教育振興費,小学校ＩＣＴ教育推進事業費,高速通信ネットワーク接続管理,,
教育費,小学校費,小学校教育,,,小学校教育振興費,小学校ＩＣＴ教育推進事業費,学習用ソフトウェア運用管理,,
教育費,小学校費,小学校教育,,,小学校教育振興費,小学校就学援助事業費,,69632,61731
教育費,小学校費,小学校教育,,,小学校教育振興費,小学校就学援助事業費,（物価高騰対応重点支援地方創生臨時交付金事業）,,0
教育費,小学校費,小学校教育,,,小学校教育振興費,小学校ふれあい協力員推進事業費,,1217,1217
教育費,小学校費,小学校教育,,,小学校教育振興費,小学校ふれあい協力員推進事業費,ふれあい協力員　26校,,
教育費,小学校費,小学校教育,,,小学校特別支援学級振興費,,,10952,4279
教育費,小学校費,小学校教育,,,小学校特別支援学級振興費,小学校特別支援学級就学奨励事業費,,10952,4279
教育費,小学校費,小学校教育,,,小学校特別支援学級振興費,小学校特別支援学級就学奨励事業費,学用品費・給食費等の就学奨励,,0
教育費,小学校費,小学校教育,,,小学校コミュニティスクール推進費,,,714,694
教育費,小学校費,小学校教育,,,小学校コミュニティスクール推進費,小学校学校運営協議会運営事業費,,714,694
教育費,小学校費,小学校教育,,,小学校コミュニティスクール推進費,小学校学校運営協議会運営事業費,26校,,0
教育費,小学校費,小学校建設,,,,,,929314,659421
教育費,小学校費,小学校建設,需用費,,,,,371420,179761
教育費,小学校費,小学校建設,需用費,修繕料,,,,371420,179761
教育費,小学校費,小学校建設,役務費,,,,,1727,0
教育費,小学校費,小学校建設,役務費,手数料,,,,1727,0
教育費,小学校費,小学校建設,委託料,,,,,16867,32160
教育費,小学校費,小学校建設,工事請負費,,,,,539300,447500
教育費,小学校費,小学校建設,,,小学校施設整備費,,,929314,659421
教育費,小学校費,小学校建設,,,小学校施設整備費,小学校屋内運動場リニューアル事業費,,105700,273400
教育費,小学校費,小学校建設,,,小学校施設整備費,小学校屋内運動場リニューアル事業費,神戸小学校,,0
教育費,小学校費,小学校建設,,,小学校施設整備費,小学校屋内運動場リニューアル事業費,(屋根・外壁・内壁・床・トイレ改修　ほか),,
教育費,小学校費,小学校建設,,,小学校施設整備費,小学校長寿命化改修事業費,,811404,346621
教育費,小学校費,小学校建設,,,小学校施設整備費,小学校長寿命化改修事業費,校舎屋上防水・外壁改修,,0
教育費,小学校費,小学校建設,,,小学校施設整備費,小学校長寿命化改修事業費,（大淵第一小学校、鷹岡小学校）,,0
教育費,小学校費,小学校建設,,,小学校施設整備費,小学校長寿命化改修事業費,校舎屋根塗装・外壁改修（富士中央小学校）,,0
教育費,小学校費,小学校建設,,,小学校施設整備費,小学校長寿命化改修事業費,校舎外壁改修,,0
教育費,小学校費,小学校建設,,,小学校施設整備費,(原田小学校、富士第二小学校）,,,0
教育費,小学校費,小学校建設,,,小学校施設整備費,(原田小学校、富士第二小学校）,校舎内部（教室・トイレ等）改修,,0
教育費,小学校費,小学校建設,,,小学校施設整備費,(今泉小学校、神戸小学校、原田小学校、,,,0
教育費,小学校費,小学校建設,,,小学校施設整備費,(今泉小学校、神戸小学校、原田小学校、,大淵第一小学校、富士第二小学校、鷹岡小学校、,,0
教育費,小学校費,小学校建設,,,小学校施設整備費,(今泉小学校、神戸小学校、原田小学校、,富士南小学校),,0
教育費,小学校費,小学校建設,,,小学校施設整備費,(今泉小学校、神戸小学校、原田小学校、,バリアフリートイレ整備（今泉小学校）,,0
教育費,小学校費,小学校建設,,,小学校施設整備費,(今泉小学校、神戸小学校、原田小学校、,校舎防火設備改修（今泉小学校、原田小学校）,,0
教育費,小学校費,小学校建設,,,小学校施設整備費,(今泉小学校、神戸小学校、原田小学校、,非常放送設備更新,,0
教育費,小学校費,小学校建設,,,小学校施設整備費,(原田小学校、吉永第二小学校、神戸小学校,,,0
教育費,小学校費,小学校建設,,,小学校施設整備費,(原田小学校、吉永第二小学校、神戸小学校,岩松北小学校）,,0
教育費,小学校費,小学校建設,,,小学校施設整備費,(原田小学校、吉永第二小学校、神戸小学校,消火栓ポンプ更新（富士川第一小学校）,,0
教育費,小学校費,小学校建設,,,小学校施設整備費,(原田小学校、吉永第二小学校、神戸小学校,貯水槽改修（富士第二小学校）,,0
教育費,小学校費,小学校建設,,,小学校施設整備費,(原田小学校、吉永第二小学校、神戸小学校,給水管布設替え,,0
教育費,小学校費,小学校建設,,,小学校施設整備費,(原田小学校、吉永第二小学校、神戸小学校,（吉原小学校、吉永第一小学校、大淵第一小学校、,,0
教育費,小学校費,小学校建設,,,小学校施設整備費,(原田小学校、吉永第二小学校、神戸小学校,プールろ過機取替え（原田小学校）,,0
教育費,小学校費,小学校建設,,,小学校施設整備費,(原田小学校、吉永第二小学校、神戸小学校,給食室改修（岩松北小学校）,,0
教育費,小学校費,小学校建設,,,小学校施設整備費,田子浦小学校校舎改築事業費,,12210,39400
教育費,小学校費,小学校建設,,,小学校施設整備費,田子浦小学校校舎改築事業費,耐力度調査,,0
教育費,小学校費,小学校建設,,,小学校施設整備費,田子浦小学校校舎改築事業費,基本構想策定,,0
教育費,中学校費,,,,,,,1679572,1235930
教育費,中学校費,中学校管理,,,,,,468808,458454
教育費,中学校費,中学校管理,報酬,,,,,72131,76502
教育費,中学校費,中学校管理,職員手当等,,,,,16767,18713
教育費,中学校費,中学校管理,職員手当等,期末手当,,,,14454,16017
教育費,中学校費,中学校管理,職員手当等,勤勉手当,,,,2313,2696
教育費,中学校費,中学校管理,共済費,,,,,14347,14875
教育費,中学校費,中学校管理,報償費,,,,,1310,1175
教育費,中学校費,中学校管理,旅費,,,,,3447,3145
教育費,中学校費,中学校管理,旅費,費用弁償,,,,3377,3075
教育費,中学校費,中学校管理,旅費,普通旅費,,,,70,70
教育費,中学校費,中学校管理,需用費,,,,,188439,178597
教育費,中学校費,中学校管理,需用費,消耗品費,,,,34254,34448
教育費,中学校費,中学校管理,需用費,燃料費,,,,1832,1832
教育費,中学校費,中学校管理,需用費,印刷製本費,,,,9245,9170
教育費,中学校費,中学校管理,需用費,光熱水費,,,,87774,90038
教育費,中学校費,中学校管理,需用費,修繕料,,,,55334,43109
教育費,中学校費,中学校管理,役務費,,,,,17049,16896
教育費,中学校費,中学校管理,役務費,通信運搬費,,,,6997,7091
教育費,中学校費,中学校管理,役務費,手数料,,,,10052,9805
教育費,中学校費,中学校管理,委託料,,,,,64087,63749
教育費,中学校費,中学校管理,使用料及び賃借料,,,,,21715,21542
教育費,中学校費,中学校管理,工事請負費,,,,,31520,28300
教育費,中学校費,中学校管理,原材料費,,,,,2464,2450
教育費,中学校費,中学校管理,備品購入費,,,,,35532,32510
教育費,中学校費,中学校管理,,,給与費,,,106147,112690
教育費,中学校費,中学校管理,,,給与費,パートタイム会計年度任用職員,,106147,112690
教育費,中学校費,中学校管理,,,給与費,パートタイム会計年度任用職員,事務職員　13人,,0
教育費,中学校費,中学校管理,,,給与費,パートタイム会計年度任用職員,用務員　　15人,,0
教育費,中学校費,中学校管理,,,中学校運営管理費,,,214773,212769
教育費,中学校費,中学校管理,,,中学校運営管理費,中学校運営管理事業費,,17295,15346
教育費,中学校費,中学校管理,,,中学校運営管理費,中学校運営管理事業費,メール等による緊急連絡網,,
教育費,中学校費,中学校管理,,,中学校運営管理費,中学校運営管理事業費,卒業記念品、生ごみ処理委託、,,0
教育費,中学校費,中学校管理,,,中学校運営管理費,中学校運営管理事業費,印刷機借上　ほか,,
教育費,中学校費,中学校管理,,,中学校運営管理費,中学校管理備品整備事業費,,18293,15332
教育費,中学校費,中学校管理,,,中学校運営管理費,中学校管理備品整備事業費,教室用机・椅子、体育器具等,,
教育費,中学校費,中学校管理,,,中学校運営管理費,中学校教材整備事業費,,5232,4739
教育費,中学校費,中学校管理,,,中学校運営管理費,中学校教材整備事業費,大型教材、理科教育振興法による教材整備,,
教育費,中学校費,中学校管理,,,中学校運営管理費,各中学校運営費,,173953,177352
教育費,中学校費,中学校管理,,,中学校運営管理費,各中学校運営費,中学校15校への配当運営費,,
教育費,中学校費,中学校管理,,,中学校運営管理費,各中学校運営費,（電気、水道、電話料、図書購入費　ほか）,,
教育費,中学校費,中学校管理,,,中学校施設管理費,,,147888,132995
教育費,中学校費,中学校管理,,,中学校施設管理費,中学校施設管理事業費,,68220,68786
教育費,中学校費,中学校管理,,,中学校施設管理費,中学校施設管理事業費,各種設備保守点検,,
教育費,中学校費,中学校管理,,,中学校施設管理費,中学校施設管理事業費,空調設備ＥＳＣＯ事業,,
教育費,中学校費,中学校管理,,,中学校施設管理費,中学校施設管理事業費,屋外トイレ整備（富士川第一中学校）,,0
教育費,中学校費,中学校管理,,,中学校施設管理費,中学校緊急補修事業費,,79668,64209
教育費,中学校費,中学校管理,,,中学校施設管理費,中学校緊急補修事業費,不特定緊急維持補修,,
教育費,中学校費,中学校管理,,,中学校施設管理費,中学校緊急補修事業費,バリアフリー改修　ほか,,
教育費,中学校費,中学校教育,,,,,,567024,193416
教育費,中学校費,中学校教育,報酬,,,,,17844,19144
教育費,中学校費,中学校教育,職員手当等,,,,,1894,2196
教育費,中学校費,中学校教育,職員手当等,期末手当,,,,1632,1879
教育費,中学校費,中学校教育,職員手当等,勤勉手当,,,,262,317
教育費,中学校費,中学校教育,共済費,,,,,1536,1679
教育費,中学校費,中学校教育,旅費,,,,,926,558
教育費,中学校費,中学校教育,旅費,費用弁償,,,,926,558
教育費,中学校費,中学校教育,需用費,,,,,37690,6219
教育費,中学校費,中学校教育,需用費,消耗品費,,,,35848,4607
教育費,中学校費,中学校教育,需用費,食糧費,,,,252,252
教育費,中学校費,中学校教育,需用費,修繕料,,,,1590,1360
教育費,中学校費,中学校教育,役務費,,,,,5269,5204
教育費,中学校費,中学校教育,役務費,通信運搬費,,,,5269,5204
教育費,中学校費,中学校教育,委託料,,,,,35922,47258
教育費,中学校費,中学校教育,使用料及び賃借料,,,,,36316,32782
教育費,中学校費,中学校教育,備品購入費,,,,,344740,0
教育費,中学校費,中学校教育,負担金、補助及び交付金,,,,,1800,1800
教育費,中学校費,中学校教育,負担金、補助及び交付金,補助金,,,,1800,1800
教育費,中学校費,中学校教育,扶助費,,,,,83087,76576
教育費,中学校費,中学校教育,,,給与費,,,22174,23551
教育費,中学校費,中学校教育,,,給与費,中学校学校運営協議会委員　１８０人,,1080,1110
教育費,中学校費,中学校教育,,,給与費,パートタイム会計年度任用職員,,21094,22441
教育費,中学校費,中学校教育,,,給与費,パートタイム会計年度任用職員,ＩＣＴ支援員　4人,,0
教育費,中学校費,中学校教育,,,給与費,パートタイム会計年度任用職員,コミュニティスクールディレクター　15人,,0
教育費,中学校費,中学校教育,,,中学校教育振興費,,,536414,160259
教育費,中学校費,中学校教育,,,中学校教育振興費,中学校教科書整備事業費,,35118,3877
教育費,中学校費,中学校教育,,,中学校教育振興費,中学校教科書整備事業費,教師用教科書・指導書,,
教育費,中学校費,中学校教育,,,中学校教育振興費,中学校ＩＣＴ教育推進事業費,,423847,86614
教育費,中学校費,中学校教育,,,中学校教育振興費,中学校ＩＣＴ教育推進事業費,"ＧＩＧＡタブレット端末更新　6,268台",,0
教育費,中学校費,中学校教育,,,中学校教育振興費,中学校ＩＣＴ教育推進事業費,校内ＩＣＴ機器等管理,,
教育費,中学校費,中学校教育,,,中学校教育振興費,中学校ＩＣＴ教育推進事業費,（ＧＩＧＡﾀﾌﾞﾚｯﾄ端末、ﾌﾟﾛｼﾞｪｸﾀｰ　ほか）,,
教育費,中学校費,中学校教育,,,中学校教育振興費,中学校ＩＣＴ教育推進事業費,高速通信ネットワーク接続管理,,
教育費,中学校費,中学校教育,,,中学校教育振興費,中学校ＩＣＴ教育推進事業費,学習用ソフトウェア運用管理,,
教育費,中学校費,中学校教育,,,中学校教育振興費,中学校就学援助事業費,,75067,67386
教育費,中学校費,中学校教育,,,中学校教育振興費,中学校就学援助事業費,（物価高騰対応重点支援地方創生臨時交付金事業）,,0
教育費,中学校費,中学校教育,,,中学校教育振興費,中学校ふれあい協力員推進事業費,,582,582
教育費,中学校費,中学校教育,,,中学校教育振興費,中学校ふれあい協力員推進事業費,ふれあい協力員　15校,,
教育費,中学校費,中学校教育,,,中学校教育振興費,中学校体育推進助成費,,1800,1800
教育費,中学校費,中学校教育,,,中学校教育振興費,中学校体育推進助成費,中学校体育連盟大会開催等補助金,,
教育費,中学校費,中学校教育,,,中学校特別支援学級振興費,,,8020,9190
教育費,中学校費,中学校教育,,,中学校特別支援学級振興費,中学校特別支援学級就学奨励事業費,,8020,9190
教育費,中学校費,中学校教育,,,中学校特別支援学級振興費,中学校特別支援学級就学奨励事業費,学用品費・給食費等の就学奨励,,
教育費,中学校費,中学校教育,,,中学校コミュニティスクール推進費,,,416,416
教育費,中学校費,中学校教育,,,中学校コミュニティスクール推進費,中学校学校運営協議会運営事業費,,416,416
教育費,中学校費,中学校教育,,,中学校コミュニティスクール推進費,中学校学校運営協議会運営事業費,15校,,0
教育費,中学校費,中学校建設,,,,,,643740,584060
教育費,中学校費,中学校建設,需用費,,,,,144735,141613
教育費,中学校費,中学校建設,需用費,修繕料,,,,144735,141613
教育費,中学校費,中学校建設,委託料,,,,,4880,142972
教育費,中学校費,中学校建設,工事請負費,,,,,492499,292913
教育費,中学校費,中学校建設,備品購入費,,,,,1626,0
教育費,中学校費,中学校建設,,,中学校施設整備費,,,643740,584060
教育費,中学校費,中学校建設,,,中学校施設整備費,中学校屋内運動場リニューアル事業費,,117700,0
教育費,中学校費,中学校建設,,,中学校施設整備費,中学校屋内運動場リニューアル事業費,須津中学校,,0
教育費,中学校費,中学校建設,,,中学校施設整備費,中学校屋内運動場リニューアル事業費,（屋根・外壁・トイレ改修　ほか）,,0
教育費,中学校費,中学校建設,,,中学校施設整備費,中学校長寿命化改修事業費,,307347,435986
教育費,中学校費,中学校建設,,,中学校施設整備費,中学校長寿命化改修事業費,校舎屋上防水・外壁改修（大淵中学校）,,0
教育費,中学校費,中学校建設,,,中学校施設整備費,中学校長寿命化改修事業費,校舎外壁改修（吉原第二中学校）,,
教育費,中学校費,中学校建設,,,中学校施設整備費,中学校長寿命化改修事業費,校舎内部（教室・トイレ等）改修,,0
教育費,中学校費,中学校建設,,,中学校施設整備費,中学校長寿命化改修事業費,(吉原第一中学校、吉原第二中学校、大淵中学校）,,0
教育費,中学校費,中学校建設,,,中学校施設整備費,(吉原第一中学校、元吉原中学校、吉原北中学校,,,0
教育費,中学校費,中学校建設,,,中学校施設整備費,(吉原第一中学校、元吉原中学校、吉原北中学校,富士中学校）,,0
教育費,中学校費,中学校建設,,,中学校施設整備費,(吉原第一中学校、元吉原中学校、吉原北中学校,消火栓設備改修（吉原第一中学校）,,0
教育費,中学校費,中学校建設,,,中学校施設整備費,(吉原第一中学校、元吉原中学校、吉原北中学校,貯水槽改修（岳陽中学校）,,0
教育費,中学校費,中学校建設,,,中学校施設整備費,(吉原第一中学校、元吉原中学校、吉原北中学校,プール解体（田子浦中学校）,,0
教育費,中学校費,中学校建設,,,中学校施設整備費,岳陽中学校武道場建設事業費,,216515,0
教育費,中学校費,中学校建設,,,中学校施設整備費,岳陽中学校武道場建設事業費,武道場建設工事（Ⅱ期）　Ｓ－1Ｆ　Ａ＝743.3㎡,,0
教育費,中学校費,中学校建設,,,中学校施設整備費,岳陽中学校武道場建設事業費,渡り廊下整備　ほか,,0
教育費,中学校費,中学校建設,,,中学校施設整備費,吉原第一中学校武道場建設事業費,,2178,148074
教育費,中学校費,中学校建設,,,中学校施設整備費,吉原第一中学校武道場建設事業費,平面測量,,0
教育費,高等学校費,,,,,,,1015831,836164
教育費,高等学校費,高等学校総,,,,,,1015831,836164
教育費,高等学校費,高等学校総,報酬,,,,,47141,52174
教育費,高等学校費,高等学校総,給料,,,,,333583,339931
教育費,高等学校費,高等学校総,職員手当等当,,,,,206663,217138
教育費,高等学校費,高等学校総,職員手当等当,管理職手当,,,,3192,3192
教育費,高等学校費,高等学校総,職員手当等当,扶養手当,,,,8300,9300
教育費,高等学校費,高等学校総,職員手当等当,地域手当,,,,10359,14097
教育費,高等学校費,高等学校総,職員手当等当,住居手当,,,,6208,5733
教育費,高等学校費,高等学校総,職員手当等当,通勤手当,,,,13602,13710
教育費,高等学校費,高等学校総,職員手当等当,特殊勤務手当,,,,9779,9779
教育費,高等学校費,高等学校総,職員手当等当,時間外勤務手,,,,2930,2930
教育費,高等学校費,高等学校総,職員手当等当,休日勤務手当,,,,50,50
教育費,高等学校費,高等学校総,職員手当等当,宿日直手当,,,,1600,1600
教育費,高等学校費,高等学校総,職員手当等当,期末手当,,,,82196,85546
教育費,高等学校費,高等学校総,職員手当等当,勤勉手当,,,,63678,66691
教育費,高等学校費,高等学校総,職員手当等当,教員特別手当,,,,4769,4510
教育費,高等学校費,高等学校総,共済費,,,,,113886,116096
教育費,高等学校費,高等学校総,報償費,,,,,380,380
教育費,高等学校費,高等学校総,旅費,,,,,6431,6780
教育費,高等学校費,高等学校総,旅費,費用弁償,,,,2937,3368
教育費,高等学校費,高等学校総,旅費,普通旅費,,,,945,945
教育費,高等学校費,高等学校総,旅費,特別旅費,,,,2549,2467
教育費,高等学校費,高等学校総,需用費,,,,,45210,33462
教育費,高等学校費,高等学校総,需用費,消耗品費,,,,4661,4942
教育費,高等学校費,高等学校総,需用費,燃料費,,,,5074,5456
教育費,高等学校費,高等学校総,需用費,食糧費,,,,10,10
教育費,高等学校費,高等学校総,需用費,印刷製本費,,,,600,600
教育費,高等学校費,高等学校総,需用費,光熱水費,,,,20775,18704
教育費,高等学校費,高等学校総,需用費,修繕料,,,,14090,3750
教育費,高等学校費,高等学校総,役務費,,,,,1848,1750
教育費,高等学校費,高等学校総,役務費,通信運搬費,,,,986,1008
教育費,高等学校費,高等学校総,役務費,手数料,,,,833,713
教育費,高等学校費,高等学校総,役務費,保険料,,,,29,29
教育費,高等学校費,高等学校総,委託料,,,,,26255,28866
教育費,高等学校費,高等学校総,使用料及び賃借料,,,,,32900,32019
教育費,高等学校費,高等学校総,工事請負費,,,,,194700,0
教育費,高等学校費,高等学校総,原材料費,,,,,105,105
教育費,高等学校費,高等学校総,備品購入費,,,,,1100,1100
教育費,高等学校費,高等学校総,負担金、補助及び交付金,,,,,5629,6363
教育費,高等学校費,高等学校総,負担金、補助及び交付金,負担金,,,,5629,6363
教育費,高等学校費,高等学校総,,,給与費,,,704038,728193
教育費,高等学校費,高等学校総,,,給与費,高等学校学校運営協議会委員　８人,,102,102
教育費,高等学校費,高等学校総,,,給与費,一般職　７１人,,641834,0
教育費,高等学校費,高等学校総,,,給与費,パートタイム会計年度任用職員,,62102,67429
教育費,高等学校費,高等学校総,,,給与費,パートタイム会計年度任用職員,非常勤講師　　　　10人,,0
教育費,高等学校費,高等学校総,,,給与費,パートタイム会計年度任用職員,部活動講師　　　　16人,,0
教育費,高等学校費,高等学校総,,,給与費,パートタイム会計年度任用職員,外国語指導助手　　 1人,,0
教育費,高等学校費,高等学校総,,,給与費,パートタイム会計年度任用職員,カウンセラー　　　 1人,,0
教育費,高等学校費,高等学校総,,,給与費,パートタイム会計年度任用職員,保健室サポート員　 2人,,0
教育費,高等学校費,高等学校総,,,給与費,パートタイム会計年度任用職員,事務補助職員等　　 9人,,0
教育費,高等学校費,高等学校総,,,高等学校運営管理費,,,82452,81747
教育費,高等学校費,高等学校総,,,高等学校運営管理費,高等学校運営管理事業費,,47831,47708
教育費,高等学校費,高等学校総,,,高等学校運営管理費,高等学校運営管理事業費,光熱水費、消耗品、その他運営管理,,
教育費,高等学校費,高等学校総,,,高等学校運営管理費,高等学校運営管理事業費,理科教育振興法による教材整備,,
教育費,高等学校費,高等学校総,,,高等学校運営管理費,高等学校運営管理事業費,海外探究研修教員分負担金,4320,4320
教育費,高等学校費,高等学校総,,,高等学校運営管理費,高等学校運営管理事業費,ＪＥＴプログラム会費等負担金,121,417
教育費,高等学校費,高等学校総,,,高等学校運営管理費,高等学校運営管理事業費,その他各種団体会費等負担金,233,230
教育費,高等学校費,高等学校総,,,高等学校運営管理費,高等学校運営管理事業費,会議、研修会出席者負担金,100,100
教育費,高等学校費,高等学校総,,,高等学校運営管理費,高等学校ＩＣＴ教育推進事業費,,34621,34039
教育費,高等学校費,高等学校総,,,高等学校運営管理費,高等学校ＩＣＴ教育推進事業費,機器借上,,
教育費,高等学校費,高等学校総,,,高等学校運営管理費,高等学校ＩＣＴ教育推進事業費,保守管理,,
教育費,高等学校費,高等学校総,,,高等学校施設管理費,,,226932,23689
教育費,高等学校費,高等学校総,,,高等学校施設管理費,高等学校施設管理事業費,,226932,23689
教育費,高等学校費,高等学校総,,,高等学校施設管理費,高等学校施設管理事業費,校舎トイレ改修,,0
教育費,高等学校費,高等学校総,,,高等学校施設管理費,高等学校施設管理事業費,屋外運動場人工芝改修,,0
教育費,高等学校費,高等学校総,,,高等学校施設管理費,高等学校施設管理事業費,空調・照明設備等ＥＳＣＯ事業,,
教育費,高等学校費,高等学校総,,,高等学校施設管理費,高等学校施設管理事業費,設備保守点検、施設修繕　ほか,,
教育費,高等学校費,高等学校総,,,高等学校教育推進費,,,2409,2535
教育費,高等学校費,高等学校総,,,高等学校教育推進費,高等学校教育推進事業費,,2409,2535
教育費,高等学校費,高等学校総,,,高等学校教育推進費,高等学校教育推進事業費,学校運営協議会運営,,
教育費,高等学校費,高等学校総,,,高等学校教育推進費,高等学校教育推進事業費,教員研修,,
教育費,高等学校費,高等学校総,,,高等学校教育推進費,高等学校教育推進事業費,学校案内・情報発信広報誌作成,,
教育費,高等学校費,高等学校総,,,高等学校教育推進費,高等学校教育推進事業費,教科別研修会出席者負担金,195,195
教育費,高等学校費,高等学校総,,,高等学校教育推進費,高等学校教育推進事業費,集中研修教員分負担金,660,795
教育費,幼稚園費,,,,,,,1038478,1070012
教育費,幼稚園費,幼稚園管理,,,,,,325133,349078
教育費,幼稚園費,幼稚園管理,報酬,,,,,37511,42013
教育費,幼稚園費,幼稚園管理,給料,,,,,129961,134187
教育費,幼稚園費,幼稚園管理,職員手当等当,,,,,76186,84246
教育費,幼稚園費,幼稚園管理,職員手当等当,管理職手当,,,,1488,2492
教育費,幼稚園費,幼稚園管理,職員手当等当,扶養手当,,,,590,931
教育費,幼稚園費,幼稚園管理,職員手当等当,地域手当,,,,3995,5514
教育費,幼稚園費,幼稚園管理,職員手当等当,住居手当,,,,1521,1136
教育費,幼稚園費,幼稚園管理,職員手当等当,通勤手当,,,,3625,3249
教育費,幼稚園費,幼稚園管理,職員手当等当,時間外勤務手,,,,3004,3004
教育費,幼稚園費,幼稚園管理,職員手当等当,休日勤務手当,,,,50,50
教育費,幼稚園費,幼稚園管理,職員手当等当,期末手当,,,,35689,40126
教育費,幼稚園費,幼稚園管理,職員手当等当,勤勉手当,,,,26224,27744
教育費,幼稚園費,幼稚園管理,共済費,,,,,47084,50003
教育費,幼稚園費,幼稚園管理,旅費,,,,,1675,1502
教育費,幼稚園費,幼稚園管理,旅費,費用弁償,,,,1675,1502
教育費,幼稚園費,幼稚園管理,需用費,,,,,23236,23143
教育費,幼稚園費,幼稚園管理,需用費,消耗品費,,,,1925,1925
教育費,幼稚園費,幼稚園管理,需用費,燃料費,,,,200,233
教育費,幼稚園費,幼稚園管理,需用費,食糧費,,,,12000,11352
教育費,幼稚園費,幼稚園管理,需用費,印刷製本費,,,,540,540
教育費,幼稚園費,幼稚園管理,需用費,光熱水費,,,,4286,4799
教育費,幼稚園費,幼稚園管理,需用費,修繕料,,,,2739,2739
教育費,幼稚園費,幼稚園管理,需用費,賄材料費,,,,1546,1555
教育費,幼稚園費,幼稚園管理,役務費,,,,,1809,1573
教育費,幼稚園費,幼稚園管理,役務費,通信運搬費,,,,541,541
教育費,幼稚園費,幼稚園管理,役務費,手数料,,,,1240,1000
教育費,幼稚園費,幼稚園管理,役務費,保険料,,,,28,32
教育費,幼稚園費,幼稚園管理,委託料,,,,,2120,1950
教育費,幼稚園費,幼稚園管理,使用料及び賃借料,,,,,515,3758
教育費,幼稚園費,幼稚園管理,工事請負費,,,,,2500,4500
教育費,幼稚園費,幼稚園管理,原材料費,,,,,50,50
教育費,幼稚園費,幼稚園管理,備品購入費,,,,,1160,1366
教育費,幼稚園費,幼稚園管理,負担金、補助及び交付金,,,,,446,287
教育費,幼稚園費,幼稚園管理,負担金、補助及び交付金,負担金,,,,446,287
教育費,幼稚園費,幼稚園管理,補償、補塡及び賠償金塡金,,,,,500,500
教育費,幼稚園費,幼稚園管理,補償、補塡及び賠償金塡金,補償金及び補,,,,500,500
教育費,幼稚園費,幼稚園管理,償還金、利子及び割引料,,,,,380,0
教育費,幼稚園費,幼稚園管理,,,給与費,,,292417,311951
教育費,幼稚園費,幼稚園管理,,,給与費,嘱託医　１５人,,1554,0
教育費,幼稚園費,幼稚園管理,,,給与費,一般職　３２人,,239077,0
教育費,幼稚園費,幼稚園管理,,,給与費,パートタイム会計年度任用職員,,51786,60526
教育費,幼稚園費,幼稚園管理,,,給与費,パートタイム会計年度任用職員,幼稚園教諭　　　　　　1人,,0
教育費,幼稚園費,幼稚園管理,,,給与費,パートタイム会計年度任用職員,用務員　　　　　　　　4人,,0
教育費,幼稚園費,幼稚園管理,,,給与費,パートタイム会計年度任用職員,特別教育サポート員　 15人,,0
教育費,幼稚園費,幼稚園管理,,,給与費,パートタイム会計年度任用職員,巡回支援員　　　　　　1人,,0
教育費,幼稚園費,幼稚園管理,,,幼稚園運営管理費,,,25897,28660
教育費,幼稚園費,幼稚園管理,,,幼稚園運営管理費,幼稚園運営管理事業費,,3353,6012
教育費,幼稚園費,幼稚園管理,,,幼稚園運営管理費,幼稚園運営管理事業費,公立幼稚園　　　　　　4園,,0
教育費,幼稚園費,幼稚園管理,,,幼稚園運営管理費,幼稚園運営管理事業費,教育施設ＩＣＴ化システム運用,,0
教育費,幼稚園費,幼稚園管理,,,幼稚園運営管理費,幼稚園運営管理事業費,遊具等修繕　ほか,,
教育費,幼稚園費,幼稚園管理,,,幼稚園運営管理費,幼稚園運営管理事業費,日本スポーツ振興センター災害共済掛金,72,71
教育費,幼稚園費,幼稚園管理,,,幼稚園運営管理費,幼稚園運営管理事業費,下水道受益者負担金(天間幼稚園),209,0
教育費,幼稚園費,幼稚園管理,,,幼稚園運営管理費,幼稚園備品整備事業費,,800,1006
教育費,幼稚園費,幼稚園管理,,,幼稚園運営管理費,幼稚園備品整備事業費,園児用机・椅子など管理備品等整備,,
教育費,幼稚園費,幼稚園管理,,,幼稚園運営管理費,各幼稚園運営費,,21493,21383
教育費,幼稚園費,幼稚園管理,,,幼稚園運営管理費,各幼稚園運営費,（物価高騰対応重点支援地方創生臨時交付金事業）,,
教育費,幼稚園費,幼稚園管理,,,幼稚園運営管理費,教職員健康対策事業費,,251,259
教育費,幼稚園費,幼稚園管理,,,幼稚園運営管理費,教職員健康対策事業費,法定人間ドック健康診断負担金,165,216
教育費,幼稚園費,幼稚園管理,,,幼稚園施設管理費,,,6819,8467
教育費,幼稚園費,幼稚園管理,,,幼稚園施設管理費,幼稚園施設管理事業費,,4319,3967
教育費,幼稚園費,幼稚園管理,,,幼稚園施設管理費,幼稚園施設管理事業費,各種設備保守点検,,
教育費,幼稚園費,幼稚園管理,,,幼稚園施設管理費,幼稚園維持補修事業費,,2500,4500
教育費,幼稚園費,幼稚園管理,,,幼稚園施設管理費,幼稚園維持補修事業費,不特定緊急維持補修,,
教育費,幼稚園費,幼稚園教育,,,,,,713345,720934
教育費,幼稚園費,幼稚園教育,報償費,,,,,120,120
教育費,幼稚園費,幼稚園教育,旅費,,,,,797,775
教育費,幼稚園費,幼稚園教育,旅費,費用弁償,,,,61,60
教育費,幼稚園費,幼稚園教育,旅費,普通旅費,,,,382,362
教育費,幼稚園費,幼稚園教育,旅費,特別旅費,,,,354,353
教育費,幼稚園費,幼稚園教育,需用費,,,,,570,699
教育費,幼稚園費,幼稚園教育,需用費,消耗品費,,,,570,633
教育費,幼稚園費,幼稚園教育,使用料及び賃借料,,,,,366,797
教育費,幼稚園費,幼稚園教育,備品購入費,,,,,90,190
教育費,幼稚園費,幼稚園教育,負担金、補助及び交付金,,,,,203,214
教育費,幼稚園費,幼稚園教育,負担金、補助及び交付金,負担金,,,,43,54
教育費,幼稚園費,幼稚園教育,負担金、補助及び交付金,補助金,,,,160,160
教育費,幼稚園費,幼稚園教育,扶助費,,,,,711199,718139
教育費,幼稚園費,幼稚園教育,,,幼稚園教育振興費,,,1755,1995
教育費,幼稚園費,幼稚園教育,,,幼稚園教育振興費,幼稚園教育振興事業費,,497,537
教育費,幼稚園費,幼稚園教育,,,幼稚園教育振興費,幼稚園教育振興事業費,研修受講履歴記録システム利用負担金,14,9
教育費,幼稚園費,幼稚園教育,,,幼稚園教育振興費,幼稚園教育研究事業費,,599,621
教育費,幼稚園費,幼稚園教育,,,幼稚園教育振興費,幼稚園教育研究事業費,オンライン研修事業,,
教育費,幼稚園費,幼稚園教育,,,幼稚園教育振興費,幼稚園教育研究事業費,教育講演会、保育研修会開催　ほか,,0
教育費,幼稚園費,幼稚園教育,,,幼稚園教育振興費,特別支援教育事業費,,659,837
教育費,幼稚園費,幼稚園教育,,,幼稚園教育振興費,特別支援教育事業費,ことばの教室運営　　 10教室,,0
教育費,幼稚園費,幼稚園教育,,,幼稚園教育振興費,特別支援教育事業費,県言語聴覚発達障害教育研究会負担金,20,27
教育費,幼稚園費,幼稚園教育,,,幼稚園教育振興費,特別支援教育事業費,日本言語障害児教育研究研修負担金,9,0
教育費,幼稚園費,幼稚園教育,,,私立幼稚園教育振興費,,,711430,718779
教育費,幼稚園費,幼稚園教育,,,私立幼稚園教育振興費,施設型給付費,,708192,715796
教育費,幼稚園費,幼稚園教育,,,私立幼稚園教育振興費,施設型給付費,（物価高騰対応重点支援地方創生臨時交付金事業）,,
教育費,幼稚園費,幼稚園教育,,,私立幼稚園教育振興費,私立幼稚園施設等利用給付費,,2776,2159
教育費,幼稚園費,幼稚園教育,,,私立幼稚園教育振興費,私立幼稚園施設等利用給付費,私立幼稚園（保育料・入園料分）,,
教育費,幼稚園費,幼稚園教育,,,私立幼稚園教育振興費,私立幼稚園運営支援事業費,,462,824
教育費,幼稚園費,幼稚園教育,,,オンライン研修事業,,,,
教育費,幼稚園費,幼稚園教育,,,実費徴収補足給付事業,,,,
教育費,幼稚園費,幼稚園教育,,,幼稚園教育振興助成費,,,160,160
教育費,幼稚園費,幼稚園教育,,,幼稚園教育振興助成費,その他教育振興助成費,,160,160
教育費,幼稚園費,幼稚園教育,,,幼稚園教育振興助成費,その他教育振興助成費,公立幼稚園単位ＰＴＡ活動事業補助金,,
教育費,社会教育費,,,,,,,1964274,2140689
教育費,社会教育費,社会教育総,,,,,,157055,165132
教育費,社会教育費,社会教育総,報酬,,,,,2130,2290
教育費,社会教育費,社会教育総,給料,,,,,74043,78324
教育費,社会教育費,社会教育総,職員手当等当,,,,,49742,51759
教育費,社会教育費,社会教育総,職員手当等当,管理職手当,,,,1420,1420
教育費,社会教育費,社会教育総,職員手当等当,扶養手当,,,,1530,1932
教育費,社会教育費,社会教育総,職員手当等当,地域手当,,,,2310,3268
教育費,社会教育費,社会教育総,職員手当等当,住居手当,,,,1236,948
教育費,社会教育費,社会教育総,職員手当等当,通勤手当,,,,2450,2315
教育費,社会教育費,社会教育総,職員手当等当,時間外勤務手,,,,8645,7000
教育費,社会教育費,社会教育総,職員手当等当,休日勤務手当,,,,189,189
教育費,社会教育費,社会教育総,職員手当等当,期末手当,,,,17657,19181
教育費,社会教育費,社会教育総,職員手当等当,勤勉手当,,,,14305,15506
教育費,社会教育費,社会教育総,共済費,,,,,25094,26826
教育費,社会教育費,社会教育総,報償費,,,,,4403,4370
教育費,社会教育費,社会教育総,旅費,,,,,292,253
教育費,社会教育費,社会教育総,旅費,費用弁償,,,,169,151
教育費,社会教育費,社会教育総,旅費,普通旅費,,,,63,43
教育費,社会教育費,社会教育総,旅費,特別旅費,,,,60,59
教育費,社会教育費,社会教育総,需用費,,,,,815,780
教育費,社会教育費,社会教育総,需用費,消耗品費,,,,45,42
教育費,社会教育費,社会教育総,需用費,食糧費,,,,20,22
教育費,社会教育費,社会教育総,需用費,印刷製本費,,,,750,716
教育費,社会教育費,社会教育総,委託料,,,,,73,73
教育費,社会教育費,社会教育総,使用料及び賃借料,,,,,40,42
教育費,社会教育費,社会教育総,負担金、補助及び交付金,,,,,423,415
教育費,社会教育費,社会教育総,負担金、補助及び交付金,負担金,,,,423,415
教育費,社会教育費,社会教育総,,,給与費,,,151109,159299
教育費,社会教育費,社会教育総,,,給与費,社会教育委員　１２人,,270,270
教育費,社会教育費,社会教育総,,,給与費,一般職　１９人,,148070,0
教育費,社会教育費,社会教育総,,,給与費,パートタイム会計年度任用職員,,2769,3031
教育費,社会教育費,社会教育総,,,社会教育管理費,,,1133,1037
教育費,社会教育費,社会教育総,,,社会教育管理費,社会教育管理事業費,,1133,1037
教育費,社会教育費,社会教育総,,,社会教育管理費,社会教育管理事業費,県社会教育委員連絡協議会負担金,423,415
教育費,社会教育費,社会教育総,,,社会教育推進事業費,,,360,360
教育費,社会教育費,社会教育総,,,社会教育推進事業費,子育て学習推進事業費,,360,360
教育費,社会教育費,社会教育総,,,社会教育推進事業費,子育て学習推進事業費,子育て講演会開催（市内全小中学校）,,
教育費,社会教育費,社会教育総,,,市民大学事業費,,,4453,4436
教育費,社会教育費,社会教育総,,,市民大学事業費,市民大学前期ミニカレッジ事業費,,836,836
教育費,社会教育費,社会教育総,,,市民大学事業費,市民大学前期ミニカレッジ事業費,講座　5科目　3～9回,,0
教育費,社会教育費,社会教育総,,,市民大学事業費,市民大学後期講演会事業費,,3617,3600
教育費,社会教育費,社会教育総,,,市民大学事業費,市民大学後期講演会事業費,講演会　6回　募集人数　900人,,
教育費,社会教育費,生涯学習費,,,,,,45280,44272
教育費,社会教育費,生涯学習費,報酬,,,,,16979,17983
教育費,社会教育費,生涯学習費,職員手当等,,,,,3763,4229
教育費,社会教育費,生涯学習費,職員手当等,期末手当,,,,3244,3619
教育費,社会教育費,生涯学習費,職員手当等,勤勉手当,,,,519,610
教育費,社会教育費,生涯学習費,共済費,,,,,3312,3570
教育費,社会教育費,生涯学習費,報償費,,,,,5220,5600
教育費,社会教育費,生涯学習費,旅費,,,,,681,602
教育費,社会教育費,生涯学習費,旅費,費用弁償,,,,681,601
教育費,社会教育費,生涯学習費,需用費,,,,,2935,2978
教育費,社会教育費,生涯学習費,需用費,消耗品費,,,,1085,1128
教育費,社会教育費,生涯学習費,需用費,印刷製本費,,,,1850,1850
教育費,社会教育費,生涯学習費,委託料,,,,,12257,9235
教育費,社会教育費,生涯学習費,備品購入費,,,,,133,73
教育費,社会教育費,生涯学習費,,,給与費,,,24735,26382
教育費,社会教育費,生涯学習費,,,給与費,パートタイム会計年度任用職員,,24735,26382
教育費,社会教育費,生涯学習費,,,給与費,パートタイム会計年度任用職員,生涯学習指導員　6人,,0
教育費,社会教育費,生涯学習費,,,地区生涯学習費,,,20545,17890
教育費,社会教育費,生涯学習費,,,地区生涯学習費,地区生涯学習活動推進事業費,,20545,17890
教育費,社会教育費,生涯学習費,,,地区生涯学習費,地区生涯学習活動推進事業費,まちづくりセンター講座事業　　　計295講座,,0
教育費,社会教育費,生涯学習費,,,地区生涯学習費,地区生涯学習活動推進事業費,放課後子ども教室・少年教育講座開催,,
教育費,社会教育費,青少年教育,,,,,,20148,20161
教育費,社会教育費,青少年教育,報酬,,,,,3020,3202
教育費,社会教育費,青少年教育,職員手当等,,,,,685,757
教育費,社会教育費,青少年教育,職員手当等,期末手当,,,,590,648
教育費,社会教育費,青少年教育,職員手当等,勤勉手当,,,,95,109
教育費,社会教育費,青少年教育,共済費,,,,,581,620
教育費,社会教育費,青少年教育,報償費,,,,,2310,2124
教育費,社会教育費,青少年教育,旅費,,,,,226,343
教育費,社会教育費,青少年教育,旅費,費用弁償,,,,141,130
教育費,社会教育費,青少年教育,旅費,普通旅費,,,,11,15
教育費,社会教育費,青少年教育,旅費,特別旅費,,,,74,198
教育費,社会教育費,青少年教育,需用費,,,,,3068,2708
教育費,社会教育費,青少年教育,需用費,消耗品費,,,,2340,2159
教育費,社会教育費,青少年教育,需用費,燃料費,,,,15,18
教育費,社会教育費,青少年教育,需用費,食糧費,,,,62,41
教育費,社会教育費,青少年教育,需用費,印刷製本費,,,,651,490
教育費,社会教育費,青少年教育,役務費,,,,,16,16
教育費,社会教育費,青少年教育,役務費,手数料,,,,16,16
教育費,社会教育費,青少年教育,委託料,,,,,9212,9188
教育費,社会教育費,青少年教育,使用料及び賃借料,,,,,95,93
教育費,社会教育費,青少年教育,負担金、補助及び交付金,,,,,935,1110
教育費,社会教育費,青少年教育,負担金、補助及び交付金,負担金,,,,5,5
教育費,社会教育費,青少年教育,負担金、補助及び交付金,補助金,,,,930,1105
教育費,社会教育費,青少年教育,,,給与費,,,4386,4679
教育費,社会教育費,青少年教育,,,給与費,パートタイム会計年度任用職員,,4386,4679
教育費,社会教育費,青少年教育,,,１８・２０歳記念事業費,,,3311,2901
教育費,社会教育費,青少年教育,,,１８・２０歳記念事業費,１８・２０歳記念事業費,,3311,2901
教育費,社会教育費,青少年教育,,,１８・２０歳記念事業費,１８・２０歳記念事業費,令和8年　はたちの記念式典,,0
教育費,社会教育費,青少年教育,,,１８・２０歳記念事業費,１８・２０歳記念事業費,18歳新成人への祝意メッセージ送付,,
教育費,社会教育費,青少年教育,,,雫石町少年交流事業費,,,1986,2018
教育費,社会教育費,青少年教育,,,雫石町少年交流事業費,雫石町少年交流事業費,,1986,2018
教育費,社会教育費,青少年教育,,,雫石町少年交流事業費,雫石町少年交流事業費,雫石町からの訪問受け入れ,,0
教育費,社会教育費,青少年教育,,,青少年体験交流事業費,,,6781,6989
教育費,社会教育費,青少年教育,,,青少年体験交流事業費,青少年体験交流事業費,,6781,6989
教育費,社会教育費,青少年教育,,,青少年体験交流事業費,青少年体験交流事業費,期　間　令和7年8月9日～8月12日,,0
教育費,社会教育費,青少年教育,,,青少年体験交流事業費,青少年体験交流事業費,研修生　中学生・高校生・青年　90人,,
教育費,社会教育費,青少年教育,,,青少年体験交流事業費,青少年体験交流事業費,研修先　長野県伊那市周辺,,
教育費,社会教育費,青少年教育,,,青少年指導者養成事業費,,,44,44
教育費,社会教育費,青少年教育,,,青少年指導者養成事業費,青少年リーダー育成事業費,,44,44
教育費,社会教育費,青少年教育,,,青少年指導者養成事業費,青少年リーダー育成事業費,青少年育成ボランティア養成講座開催,,
教育費,社会教育費,青少年教育,,,青少年指導者養成事業費,青少年リーダー育成事業費,会議、研修会出席者負担金,5,5
教育費,社会教育費,青少年教育,,,青少年活動助成費,,,930,1105
教育費,社会教育費,青少年教育,,,青少年活動助成費,青少年団体助成費,,930,1105
教育費,社会教育費,青少年教育,,,青少年活動助成費,青少年団体助成費,子ども会活動事業補助金,750,700
教育費,社会教育費,青少年教育,,,青少年活動助成費,青少年団体助成費,ボーイスカウト活動事業補助金,180,180
教育費,社会教育費,青少年教育,,,青少年教育センター事業費,,,2464,2425
教育費,社会教育費,青少年教育,,,青少年教育センター事業費,青年教養講座事業費,,2464,2425
教育費,社会教育費,青少年教育,,,青少年教育センター事業費,青年教養講座事業費,教養講座　34講座,,0
教育費,社会教育費,青少年教育,,,青少年教育センター事業費,青年教養講座事業費,出会いのカフェタイム×印象アップセミナー開催,,0
教育費,社会教育費,青少年教育,,,青少年社会活動推進事業費,,,246,0
教育費,社会教育費,青少年教育,,,青少年社会活動推進事業費,青少年キャリア教育事業費,,246,0
教育費,社会教育費,青少年教育,,,青少年社会活動推進事業費,青少年キャリア教育事業費,キャリア教育プログラム「ミライつく～る」,,0
教育費,社会教育費,青少年対策,,,,,,53295,59865
教育費,社会教育費,青少年対策,報酬,,,,,25902,30547
教育費,社会教育費,青少年対策,職員手当等,,,,,5003,6207
教育費,社会教育費,青少年対策,職員手当等,期末手当,,,,4313,5312
教育費,社会教育費,青少年対策,職員手当等,勤勉手当,,,,690,895
教育費,社会教育費,青少年対策,共済費,,,,,4161,4921
教育費,社会教育費,青少年対策,報償費,,,,,3717,2913
教育費,社会教育費,青少年対策,旅費,,,,,1164,1413
教育費,社会教育費,青少年対策,旅費,費用弁償,,,,1106,1362
教育費,社会教育費,青少年対策,旅費,普通旅費,,,,55,48
教育費,社会教育費,青少年対策,旅費,特別旅費,,,,3,3
教育費,社会教育費,青少年対策,需用費,,,,,596,564
教育費,社会教育費,青少年対策,需用費,消耗品費,,,,248,248
教育費,社会教育費,青少年対策,需用費,燃料費,,,,3,3
教育費,社会教育費,青少年対策,需用費,食糧費,,,,4,4
教育費,社会教育費,青少年対策,需用費,印刷製本費,,,,321,289
教育費,社会教育費,青少年対策,需用費,賄材料費,,,,20,20
教育費,社会教育費,青少年対策,役務費,,,,,153,153
教育費,社会教育費,青少年対策,役務費,手数料,,,,8,8
教育費,社会教育費,青少年対策,役務費,保険料,,,,145,145
教育費,社会教育費,青少年対策,委託料,,,,,12598,13146
教育費,社会教育費,青少年対策,使用料及び賃借料,,,,,1,1
教育費,社会教育費,青少年対策,,,給与費,,,36123,42992
教育費,社会教育費,青少年対策,,,給与費,青少年相談センター運営協議会委員　８人,,104,104
教育費,社会教育費,青少年対策,,,給与費,パートタイム会計年度任用職員,,36019,42888
教育費,社会教育費,青少年対策,,,給与費,パートタイム会計年度任用職員,青少年相談員　　　　7人,,0
教育費,社会教育費,青少年対策,,,給与費,パートタイム会計年度任用職員,学校サポート支援員　2人,,0
教育費,社会教育費,青少年対策,,,給与費,パートタイム会計年度任用職員,青少年サポート員　　2人,,0
教育費,社会教育費,青少年対策,,,青少年相談センター管理費,,,118,112
教育費,社会教育費,青少年対策,,,青少年相談センター管理費,青少年相談センター運営管理事業費,,118,112
教育費,社会教育費,青少年対策,,,青少年相談センター管理費,青少年相談センター運営管理事業費,運営事務費,,
教育費,社会教育費,青少年対策,,,青少年対策事業費,,,935,899
教育費,社会教育費,青少年対策,,,青少年対策事業費,青少年相談事業費,,935,899
教育費,社会教育費,青少年対策,,,青少年対策事業費,青少年相談事業費,ステップスクール・ふじ運営,,
教育費,社会教育費,青少年対策,,,青少年対策事業費,青少年相談事業費,電話相談,,0
教育費,社会教育費,青少年対策,,,青少年対策事業費,青少年相談事業費,臨床心理士来所相談,,0
教育費,社会教育費,青少年対策,,,青少年非行防止事業費,,,3312,2507
教育費,社会教育費,青少年対策,,,青少年非行防止事業費,青少年指導委員活動事業費,,3312,2507
教育費,社会教育費,青少年対策,,,青少年非行防止事業費,青少年指導委員活動事業費,青少年指導委員　26地区　114人,,0
教育費,社会教育費,青少年対策,,,子ども・若者育成支援事業費,,,12807,13355
教育費,社会教育費,青少年対策,,,子ども・若者育成支援事業費,子ども・若者育成支援事業費,,12807,13355
教育費,社会教育費,青少年対策,,,子ども・若者育成支援事業費,子ども・若者育成支援事業費,子ども・若者支援協議会開催,,
教育費,社会教育費,青少年対策,,,子ども・若者育成支援事業費,子ども・若者育成支援事業費,若者相談窓口運営,,
教育費,社会教育費,少年自然の,,,,,,57924,54162
教育費,社会教育費,少年自然の,需用費,,,,,5666,2200
教育費,社会教育費,少年自然の,需用費,修繕料,,,,5666,2200
教育費,社会教育費,少年自然の,委託料,,,,,50036,49904
教育費,社会教育費,少年自然の,工事請負費,,,,,1298,2000
教育費,社会教育費,少年自然の,備品購入費,,,,,924,58
教育費,社会教育費,少年自然の,,,少年自然の家管理費,,,57924,54162
教育費,社会教育費,少年自然の,,,少年自然の家管理費,少年自然の家運営管理事業費,,50036,49904
教育費,社会教育費,少年自然の,,,少年自然の家管理費,少年自然の家運営管理事業費,施設運営管理（指定管理）,,
教育費,社会教育費,少年自然の,,,少年自然の家管理費,少年自然の家施設管理事業費,,7888,4258
教育費,社会教育費,少年自然の,,,少年自然の家管理費,少年自然の家施設管理事業費,施設維持管理,,
教育費,社会教育費,少年自然の,,,少年自然の家管理費,少年自然の家施設管理事業費,食堂棟屋上改修,,0
教育費,社会教育費,少年自然の,,,少年自然の家管理費,少年自然の家施設管理事業費,宿泊棟空調設備設置　ほか,,
教育費,社会教育費,文化振興費,,,,,,120700,167062
教育費,社会教育費,文化振興費,報酬,,,,,2528,2704
教育費,社会教育費,文化振興費,給料,,,,,50727,57067
教育費,社会教育費,文化振興費,職員手当等当,,,,,34422,38917
教育費,社会教育費,文化振興費,職員手当等当,管理職手当,,,,1594,1594
教育費,社会教育費,文化振興費,職員手当等当,扶養手当,,,,1248,1419
教育費,社会教育費,文化振興費,職員手当等当,地域手当,,,,1608,2399
教育費,社会教育費,文化振興費,職員手当等当,住居手当,,,,336,382
教育費,社会教育費,文化振興費,職員手当等当,通勤手当,,,,1156,1322
教育費,社会教育費,文化振興費,職員手当等当,時間外勤務手,,,,5365,5365
教育費,社会教育費,文化振興費,職員手当等当,休日勤務手当,,,,161,161
教育費,社会教育費,文化振興費,職員手当等当,期末手当,,,,12766,14606
教育費,社会教育費,文化振興費,職員手当等当,勤勉手当,,,,10188,11669
教育費,社会教育費,文化振興費,共済費,,,,,17756,20092
教育費,社会教育費,文化振興費,報償費,,,,,1544,1489
教育費,社会教育費,文化振興費,旅費,,,,,176,190
教育費,社会教育費,文化振興費,旅費,費用弁償,,,,168,182
教育費,社会教育費,文化振興費,旅費,普通旅費,,,,8,8
教育費,社会教育費,文化振興費,需用費,,,,,1476,1710
教育費,社会教育費,文化振興費,需用費,消耗品費,,,,586,336
教育費,社会教育費,文化振興費,需用費,印刷製本費,,,,890,1374
教育費,社会教育費,文化振興費,役務費,,,,,44,84
教育費,社会教育費,文化振興費,役務費,手数料,,,,44,84
教育費,社会教育費,文化振興費,委託料,,,,,5653,23373
教育費,社会教育費,文化振興費,負担金、補助及び交付金,,,,,2650,17600
教育費,社会教育費,文化振興費,負担金、補助及び交付金,補助金,,,,2650,17600
教育費,社会教育費,文化振興費,積立金,,,,,3724,3641
教育費,社会教育費,文化振興費,,,給与費,,,105511,118858
教育費,社会教育費,文化振興費,,,給与費,教育文化スポーツ奨励賞選考委員会委員　６人,,60,60
教育費,社会教育費,文化振興費,,,給与費,文化推進審議会委員　８人,,177,186
教育費,社会教育費,文化振興費,,,給与費,一般職　１１人,,101890,0
教育費,社会教育費,文化振興費,,,給与費,パートタイム会計年度任用職員,,3384,3628
教育費,社会教育費,文化振興費,,,文化振興管理費,,,138,634
教育費,社会教育費,文化振興費,,,文化振興管理費,文化振興管理事業費,,138,634
教育費,社会教育費,文化振興費,,,文化振興管理費,文化振興管理事業費,文化推進審議会開催,,
教育費,社会教育費,文化振興費,,,文化振興事業費,,,8677,41329
教育費,社会教育費,文化振興費,,,文化振興事業費,教育文化スポーツ奨励賞事業費,,197,203
教育費,社会教育費,文化振興費,,,文化振興事業費,教育文化スポーツ奨励賞事業費,表彰式開催,,
教育費,社会教育費,文化振興費,,,文化振興事業費,市展事業費,,2645,3059
教育費,社会教育費,文化振興費,,,文化振興事業費,市展事業費,審査、展示及び表彰,,
教育費,社会教育費,文化振興費,,,文化振興事業費,市民芸術文化振興事業費,,1650,18250
教育費,社会教育費,文化振興費,,,文化振興事業費,市民芸術文化振興事業費,第57回　市総合文化祭開催,,0
教育費,社会教育費,文化振興費,,,文化振興事業費,市民文芸事業費,,897,891
教育費,社会教育費,文化振興費,,,文化振興事業費,市民文芸事業費,ふじ市民文芸第62号発刊、入賞者表彰,,0
教育費,社会教育費,文化振興費,,,文化振興事業費,各種普及啓発事業費,,345,345
教育費,社会教育費,文化振興費,,,文化振興事業費,各種普及啓発事業費,少年少女合唱講座開催,,
教育費,社会教育費,文化振興費,,,文化振興事業費,各種普及啓発事業費,文芸講座、文芸フォーラム開催,,
教育費,社会教育費,文化振興費,,,文化振興事業費,各種普及啓発事業費,アートマネジメント講座開催,,
教育費,社会教育費,文化振興費,,,文化振興事業費,総合体育館文化創造事業費,,2943,867
教育費,社会教育費,文化振興費,,,文化振興事業費,総合体育館文化創造事業費,アートワークショップ、作品展示　ほか,,
教育費,社会教育費,文化振興費,,,文化振興基金積立費,,,3724,3641
教育費,社会教育費,文化振興費,,,文化振興基金積立費,文化振興基金積立事業費,,3724,3641
教育費,社会教育費,文化振興費,,,文化振興基金積立費,文化振興基金積立事業費,文化振興基金積立金,,
教育費,社会教育費,文化振興費,,,文化振興助成費,,,2650,2600
教育費,社会教育費,文化振興費,,,文化振興助成費,芸術文化推進助成費,,850,800
教育費,社会教育費,文化振興費,,,文化振興助成費,芸術文化推進助成費,文化連盟活動費補助金,800,
教育費,社会教育費,文化振興費,,,文化振興助成費,芸術文化推進助成費,富士山少年俳句大会開催補助金,50,0
教育費,社会教育費,文化振興費,,,文化振興助成費,文化振興基金助成費,,1800,1800
教育費,社会教育費,文化振興費,,,文化振興助成費,文化振興基金助成費,文化振興基金補助金,,
教育費,社会教育費,文化会館費,,,,,,682236,714173
教育費,社会教育費,文化会館費,旅費,,,,,2,2
教育費,社会教育費,文化会館費,旅費,普通旅費,,,,2,2
教育費,社会教育費,文化会館費,委託料,,,,,475661,499259
教育費,社会教育費,文化会館費,使用料及び賃借料,,,,,60912,60912
教育費,社会教育費,文化会館費,工事請負費,,,,,2661,0
教育費,社会教育費,文化会館費,負担金、補助及び交付金,,,,,143000,154000
教育費,社会教育費,文化会館費,負担金、補助及び交付金,補助金,,,,143000,154000
教育費,社会教育費,文化会館費,,,文化会館管理費,,,539236,560173
教育費,社会教育費,文化会館費,,,文化会館管理費,文化会館運営管理事業費,,297474,297474
教育費,社会教育費,文化会館費,,,文化会館管理費,文化会館運営管理事業費,施設運営管理（指定管理）,,
教育費,社会教育費,文化会館費,,,文化会館管理費,文化会館施設管理事業費,,241762,262699
教育費,社会教育費,文化会館費,,,文化会館管理費,文化会館施設管理事業費,空調設備ＥＳＣＯ事業,,
教育費,社会教育費,文化会館費,,,文化会館管理費,文化会館施設管理事業費,特定天井改修調査・工法等検討,,
教育費,社会教育費,文化会館費,,,文化会館管理費,文化会館施設管理事業費,会館用地・駐車場用地借上,,
教育費,社会教育費,文化会館費,,,文化会館自主事業助成費,,,143000,154000
教育費,社会教育費,文化会館費,,,文化会館自主事業助成費,文化会館自主事業助成費,,143000,154000
教育費,社会教育費,文化会館費,,,文化会館自主事業助成費,文化会館自主事業助成費,文化振興財団自主事業費補助金,,
教育費,社会教育費,文化財保護,,,,,,35680,84979
教育費,社会教育費,文化財保護,報酬,,,,,826,5166
教育費,社会教育費,文化財保護,報償費,,,,,1698,1557
教育費,社会教育費,文化財保護,旅費,,,,,785,877
教育費,社会教育費,文化財保護,旅費,費用弁償,,,,625,686
教育費,社会教育費,文化財保護,旅費,普通旅費,,,,160,191
教育費,社会教育費,文化財保護,需用費,,,,,3230,1264
教育費,社会教育費,文化財保護,需用費,消耗品費,,,,169,300
教育費,社会教育費,文化財保護,需用費,食糧費,,,,12,20
教育費,社会教育費,文化財保護,需用費,印刷製本費,,,,2731,807
教育費,社会教育費,文化財保護,需用費,光熱水費,,,,23,28
教育費,社会教育費,文化財保護,需用費,修繕料,,,,295,100
教育費,社会教育費,文化財保護,役務費,,,,,167,1750
教育費,社会教育費,文化財保護,役務費,通信運搬費,,,,156,156
教育費,社会教育費,文化財保護,役務費,手数料,,,,11,1594
教育費,社会教育費,文化財保護,委託料,,,,,3194,29325
教育費,社会教育費,文化財保護,使用料及び賃借料,,,,,88,247
教育費,社会教育費,文化財保護,工事請負費,,,,,1004,22421
教育費,社会教育費,文化財保護,原材料費,,,,,11,0
教育費,社会教育費,文化財保護,公有財産購入費,,,,,2940,708
教育費,社会教育費,文化財保護,備品購入費,,,,,73,0
教育費,社会教育費,文化財保護,負担金、補助及び交付金,,,,,21664,21664
教育費,社会教育費,文化財保護,負担金、補助及び交付金,負担金,,,,45,45
教育費,社会教育費,文化財保護,負担金、補助及び交付金,補助金,,,,21619,21619
教育費,社会教育費,文化財保護,,,給与費,,,826,5166
教育費,社会教育費,文化財保護,,,給与費,文化財保護審議会委員　１０人,,300,300
教育費,社会教育費,文化財保護,,,給与費,文化財保存活用地域計画推進協議会委員　８人,,138,138
教育費,社会教育費,文化財保護,,,給与費,史跡保存整備推進委員会委員　７人,,388,388
教育費,社会教育費,文化財保護,,,文化財保護管理費,,,4941,7474
教育費,社会教育費,文化財保護,,,文化財保護管理費,文化財保護管理事業費,,4802,7335
教育費,社会教育費,文化財保護,,,文化財保護管理費,文化財保護管理事業費,指定等天然記念物薬剤散布　8か所,,
教育費,社会教育費,文化財保護,,,文化財保護管理費,文化財保護管理事業費,指定等史跡除草清掃　　　　8か所,,
教育費,社会教育費,文化財保護,,,文化財保護管理費,文化財保護管理事業費,浅間古墳伐採木枝処理,,
教育費,社会教育費,文化財保護,,,文化財保護管理費,文化財保護管理事業費,指定文化財管理報償金　　 　40件,,
教育費,社会教育費,文化財保護,,,文化財保護管理費,文化財保護管理事業費,市指定候補文化財等調査,,
教育費,社会教育費,文化財保護,,,文化財保護管理費,文化財保護管理事業費,天然記念物樹勢調査,,
教育費,社会教育費,文化財保護,,,文化財保護管理費,文化財保護管理事業費,文化財保存事業費補助金,450,450
教育費,社会教育費,文化財保護,,,文化財保護管理費,文化財保護管理事業費,県文化財保存協会負担金,5,5
教育費,社会教育費,文化財保護,,,文化財保護管理費,文化財保護管理事業費,水道加入者負担金（千人塚古墳施設）,40,0
教育費,社会教育費,文化財保護,,,文化財保護管理費,六所家建造物保存事業費,,139,139
教育費,社会教育費,文化財保護,,,文化財保護管理費,六所家建造物保存事業費,旧東泉院宝蔵管理,,
教育費,社会教育費,文化財保護,,,文化財保護事業費,,,29913,72339
教育費,社会教育費,文化財保護,,,文化財保護事業費,文化財保護啓発事業費,,2040,2458
教育費,社会教育費,文化財保護,,,文化財保護事業費,文化財保護啓発事業費,市民歴史講座開催（市民大学前期ﾐﾆｶﾚｯｼﾞ）,,
教育費,社会教育費,文化財保護,,,文化財保護事業費,文化財保護啓発事業費,千人塚古墳公開記念イベント開催,,0
教育費,社会教育費,文化財保護,,,文化財保護事業費,文化財保護啓発事業費,「頼朝と曽我兄弟」史跡活用イベント開催　ほか,,
教育費,社会教育費,文化財保護,,,文化財保護事業費,ふるさと芸能祭事業費,,300,300
教育費,社会教育費,文化財保護,,,文化財保護事業費,ふるさと芸能祭事業費,第39回ふるさと芸能祭開催,,0
教育費,社会教育費,文化財保護,,,文化財保護事業費,古谿荘保護管理事業費,,21212,21212
教育費,社会教育費,文化財保護,,,文化財保護事業費,古谿荘保護管理事業費,文化財保存事業費補助金,21169,21169
教育費,社会教育費,文化財保護,,,文化財保護事業費,文化財整備活用事業費,,6361,48369
教育費,社会教育費,文化財保護,,,文化財保護事業費,文化財整備活用事業費,千人塚古墳保存整備事業,,0
教育費,社会教育費,文化財保護,,,文化財保護事業費,文化財整備活用事業費,浅間古墳保存整備事業,,
教育費,社会教育費,文化財発掘,,,,,,69129,73384
教育費,社会教育費,文化財発掘,報酬,,,,,22225,24505
教育費,社会教育費,文化財発掘,職員手当等,,,,,4277,4789
教育費,社会教育費,文化財発掘,職員手当等,期末手当,,,,3687,4099
教育費,社会教育費,文化財発掘,職員手当等,勤勉手当,,,,590,690
教育費,社会教育費,文化財発掘,共済費,,,,,4040,4151
教育費,社会教育費,文化財発掘,報償費,,,,,110,143
教育費,社会教育費,文化財発掘,旅費,,,,,1485,1372
教育費,社会教育費,文化財発掘,旅費,費用弁償,,,,1420,1328
教育費,社会教育費,文化財発掘,旅費,普通旅費,,,,65,44
教育費,社会教育費,文化財発掘,需用費,,,,,3509,5655
教育費,社会教育費,文化財発掘,需用費,消耗品費,,,,765,1083
教育費,社会教育費,文化財発掘,需用費,燃料費,,,,79,77
教育費,社会教育費,文化財発掘,需用費,食糧費,,,,2,2
教育費,社会教育費,文化財発掘,需用費,印刷製本費,,,,1684,3575
教育費,社会教育費,文化財発掘,需用費,光熱水費,,,,839,778
教育費,社会教育費,文化財発掘,需用費,修繕料,,,,140,140
教育費,社会教育費,文化財発掘,役務費,,,,,150,128
教育費,社会教育費,文化財発掘,役務費,通信運搬費,,,,144,122
教育費,社会教育費,文化財発掘,役務費,手数料,,,,6,6
教育費,社会教育費,文化財発掘,委託料,,,,,28132,27083
教育費,社会教育費,文化財発掘,使用料及び賃借料,,,,,4488,5558
教育費,社会教育費,文化財発掘,備品購入費,,,,,713,0
教育費,社会教育費,文化財発掘,,,給与費,,,31895,34671
教育費,社会教育費,文化財発掘,,,給与費,パートタイム会計年度任用職員,,31895,34671
教育費,社会教育費,文化財発掘,,,緊急学術発掘調査費,,,31402,32925
教育費,社会教育費,文化財発掘,,,緊急学術発掘調査費,緊急発掘調査事業費,,14737,15749
教育費,社会教育費,文化財発掘,,,緊急学術発掘調査費,緊急発掘調査事業費,開発等に伴う埋蔵文化財確認調査,,
教育費,社会教育費,文化財発掘,,,緊急学術発掘調査費,民間開発事業発掘調査事業費,,16665,17176
教育費,社会教育費,文化財発掘,,,緊急学術発掘調査費,民間開発事業発掘調査事業費,民間開発に伴う埋蔵文化財受託本発掘調査,,
教育費,社会教育費,文化財発掘,,,埋蔵文化財整理費,,,5832,5788
教育費,社会教育費,文化財発掘,,,埋蔵文化財整理費,基礎整理事業費,,1700,1631
教育費,社会教育費,文化財発掘,,,埋蔵文化財整理費,基礎整理事業費,発掘調査出土品等基礎整理作業,,
教育費,社会教育費,文化財発掘,,,埋蔵文化財整理費,基礎整理事業費,埋蔵文化財調査室維持管理,,
教育費,社会教育費,文化財発掘,,,埋蔵文化財整理費,埋蔵文化財報告書作成事業費,,4132,4157
教育費,社会教育費,文化財発掘,,,埋蔵文化財整理費,埋蔵文化財報告書作成事業費,令和6年度発掘調査報告書作成,,0
教育費,社会教育費,文化財発掘,,,埋蔵文化財整理費,埋蔵文化財報告書作成事業費,千人塚古墳出土遺物保存処理,,0
教育費,社会教育費,博物館費,,,,,,103899,114853
教育費,社会教育費,博物館費,報酬,,,,,12320,13186
教育費,社会教育費,博物館費,給料,,,,,20391,21302
教育費,社会教育費,博物館費,職員手当等当,,,,,14384,15230
教育費,社会教育費,博物館費,職員手当等当,管理職手当,,,,623,623
教育費,社会教育費,博物館費,職員手当等当,扶養手当,,,,406,184
教育費,社会教育費,博物館費,職員手当等当,地域手当,,,,646,889
教育費,社会教育費,博物館費,職員手当等当,住居手当,,,,538,537
教育費,社会教育費,博物館費,職員手当等当,通勤手当,,,,449,449
教育費,社会教育費,博物館費,職員手当等当,時間外勤務手,,,,568,568
教育費,社会教育費,博物館費,職員手当等当,休日勤務手当,,,,50,50
教育費,社会教育費,博物館費,職員手当等当,期末手当,,,,6834,7339
教育費,社会教育費,博物館費,職員手当等当,勤勉手当,,,,4270,4591
教育費,社会教育費,博物館費,共済費,,,,,8861,9396
教育費,社会教育費,博物館費,報償費,,,,,121,121
教育費,社会教育費,博物館費,旅費,,,,,455,434
教育費,社会教育費,博物館費,旅費,費用弁償,,,,389,364
教育費,社会教育費,博物館費,旅費,普通旅費,,,,66,70
教育費,社会教育費,博物館費,需用費,,,,,17771,25443
教育費,社会教育費,博物館費,需用費,消耗品費,,,,990,1162
教育費,社会教育費,博物館費,需用費,燃料費,,,,142,127
教育費,社会教育費,博物館費,需用費,食糧費,,,,3,3
教育費,社会教育費,博物館費,需用費,印刷製本費,,,,789,1225
教育費,社会教育費,博物館費,需用費,光熱水費,,,,8136,8136
教育費,社会教育費,博物館費,需用費,修繕料,,,,7700,14773
教育費,社会教育費,博物館費,需用費,賄材料費,,,,11,17
教育費,社会教育費,博物館費,役務費,,,,,1265,2025
教育費,社会教育費,博物館費,役務費,通信運搬費,,,,911,1588
教育費,社会教育費,博物館費,役務費,手数料,,,,58,76
教育費,社会教育費,博物館費,役務費,保険料,,,,296,361
教育費,社会教育費,博物館費,委託料,,,,,25482,25000
教育費,社会教育費,博物館費,使用料及び賃借料,,,,,2333,2219
教育費,社会教育費,博物館費,原材料費,,,,,105,179
教育費,社会教育費,博物館費,備品購入費,,,,,283,190
教育費,社会教育費,博物館費,負担金、補助及び交付金,,,,,128,128
教育費,社会教育費,博物館費,負担金、補助及び交付金,負担金,,,,128,128
教育費,社会教育費,博物館費,,,給与費,,,56306,59464
教育費,社会教育費,博物館費,,,給与費,博物館協議会委員　７人,,128,128
教育費,社会教育費,博物館費,,,給与費,一般職　５人,,38753,40642
教育費,社会教育費,博物館費,,,給与費,パートタイム会計年度任用職員,,17425,18694
教育費,社会教育費,博物館費,,,博物館管理費,,,42766,48338
教育費,社会教育費,博物館費,,,博物館管理費,博物館運営管理事業費,,10473,10474
教育費,社会教育費,博物館費,,,博物館管理費,博物館運営管理事業費,施設光熱水費、小休本陣常盤家借地料　ほか,,
教育費,社会教育費,博物館費,,,博物館管理費,博物館運営管理事業費,各種団体負担金,48,48
教育費,社会教育費,博物館費,,,博物館管理費,博物館施設管理事業費,,32293,37864
教育費,社会教育費,博物館費,,,博物館管理費,博物館施設管理事業費,杉浦医院修繕,,0
教育費,社会教育費,博物館費,,,博物館管理費,博物館施設管理事業費,各種設備保守点検、維持補修　ほか,,
教育費,社会教育費,博物館費,,,博物館事業費,,,3590,5284
教育費,社会教育費,博物館費,,,博物館事業費,企画展事業費,,2302,3917
教育費,社会教育費,博物館費,,,博物館事業費,企画展事業費,第62回企画展開催,,0
教育費,社会教育費,博物館費,,,博物館事業費,企画展事業費,テーマ展開催　ほか,,
教育費,社会教育費,博物館費,,,博物館事業費,企画展事業費,富士・沼津・三島三市博物館,50,50
教育費,社会教育費,博物館費,,,博物館事業費,各種講座等教育普及事業費,,1288,1367
教育費,社会教育費,博物館費,,,博物館事業費,各種講座等教育普及事業費,各種体験講座等の開催,,
教育費,社会教育費,博物館費,,,博物館事業費,各種講座等教育普及事業費,茅葺き古民家満喫プログラム,,
教育費,社会教育費,博物館費,,,博物館事業費,各種講座等教育普及事業費,年間事業パンフレット作成　ほか,,
教育費,社会教育費,博物館費,,,博物館事業費,各種講座等教育普及事業費,富士山ネットワーク推進委員会負担金,30,30
教育費,社会教育費,博物館費,,,博物館調査費,,,1237,1767
教育費,社会教育費,博物館費,,,博物館調査費,資料調査研究事業費,,212,133
教育費,社会教育費,博物館費,,,博物館調査費,資料調査研究事業費,資料収集等調査,,
教育費,社会教育費,博物館費,,,博物館調査費,資料購入事業費,,240,205
教育費,社会教育費,博物館費,,,博物館調査費,資料購入事業費,富士山、かぐや姫に関する資料等購入,,
教育費,社会教育費,博物館費,,,博物館調査費,資料保存整備事業費,,754,1402
教育費,社会教育費,博物館費,,,博物館調査費,資料保存整備事業費,収蔵資料整理,,
教育費,社会教育費,博物館費,,,博物館調査費,資料保存整備事業費,ウェブシステム及び,,
教育費,社会教育費,博物館費,,,博物館調査費,六所家総合調査事業費,,31,27
教育費,社会教育費,博物館費,,,博物館調査費,六所家総合調査事業費,近代資料整理,,
教育費,社会教育費,図書館費,,,,,,618928,642646
教育費,社会教育費,図書館費,報酬,,,,,127426,133185
教育費,社会教育費,図書館費,給料,,,,,106990,111581
教育費,社会教育費,図書館費,職員手当等当,,,,,82457,87854
教育費,社会教育費,図書館費,職員手当等当,管理職手当,,,,2666,2666
教育費,社会教育費,図書館費,職員手当等当,扶養手当,,,,1263,1434
教育費,社会教育費,図書館費,職員手当等当,地域手当,,,,3325,4619
教育費,社会教育費,図書館費,職員手当等当,住居手当,,,,45,92
教育費,社会教育費,図書館費,職員手当等当,通勤手当,,,,2967,2899
教育費,社会教育費,図書館費,職員手当等当,時間外勤務手,,,,3772,3000
教育費,社会教育費,図書館費,職員手当等当,休日勤務手当,,,,1000,1000
教育費,社会教育費,図書館費,職員手当等当,期末手当,,,,44721,47376
教育費,社会教育費,図書館費,職員手当等当,勤勉手当,,,,22698,24768
教育費,社会教育費,図書館費,共済費,,,,,53339,55243
教育費,社会教育費,図書館費,報償費,,,,,1102,1112
教育費,社会教育費,図書館費,旅費,,,,,4827,4283
教育費,社会教育費,図書館費,旅費,費用弁償,,,,4708,4195
教育費,社会教育費,図書館費,旅費,普通旅費,,,,75,50
教育費,社会教育費,図書館費,旅費,特別旅費,,,,44,38
教育費,社会教育費,図書館費,需用費,,,,,51915,55694
教育費,社会教育費,図書館費,需用費,消耗品費,,,,15225,14842
教育費,社会教育費,図書館費,需用費,食糧費,,,,7,9
教育費,社会教育費,図書館費,需用費,印刷製本費,,,,678,897
教育費,社会教育費,図書館費,需用費,光熱水費,,,,27670,28206
教育費,社会教育費,図書館費,需用費,修繕料,,,,8335,11740
教育費,社会教育費,図書館費,役務費,,,,,1637,1864
教育費,社会教育費,図書館費,役務費,通信運搬費,,,,1274,1517
教育費,社会教育費,図書館費,役務費,手数料,,,,363,347
教育費,社会教育費,図書館費,委託料,,,,,69131,61046
教育費,社会教育費,図書館費,使用料及び賃借料,,,,,34894,35101
教育費,社会教育費,図書館費,工事請負費,,,,,33484,44000
教育費,社会教育費,図書館費,備品購入費,,,,,51513,51470
教育費,社会教育費,図書館費,負担金、補助及び交付金,,,,,171,171
教育費,社会教育費,図書館費,負担金、補助及び交付金,負担金,,,,171,171
教育費,社会教育費,図書館費,償還金、利子及び割引料,,,,,42,42
教育費,社会教育費,図書館費,,,給与費,,,374829,391988
教育費,社会教育費,図書館費,,,給与費,図書館協議会委員　７人,,104,104
教育費,社会教育費,図書館費,,,給与費,子ども読書活動推進協議会委員　８人,,118,118
教育費,社会教育費,図書館費,,,給与費,一般職　２５人,,200395,209311
教育費,社会教育費,図書館費,,,給与費,パートタイム会計年度任用職員,,174212,182455
教育費,社会教育費,図書館費,,,給与費,パートタイム会計年度任用職員,中央図書館　 28人　庶務、図書貸出、,,0
教育費,社会教育費,図書館費,,,給与費,パートタイム会計年度任用職員,今泉分室　　　3人　図書貸出,,0
教育費,社会教育費,図書館費,,,給与費,パートタイム会計年度任用職員,田子浦分室　　3人　図書貸出,,0
教育費,社会教育費,図書館費,,,給与費,パートタイム会計年度任用職員,大淵分室　　　4人　図書貸出,,0
教育費,社会教育費,図書館費,,,給与費,パートタイム会計年度任用職員,富士川分室　　3人　図書貸出,,0
教育費,社会教育費,図書館費,,,給与費,パートタイム会計年度任用職員,西図書館　　　9人　図書貸出,,0
教育費,社会教育費,図書館費,,,給与費,パートタイム会計年度任用職員,東図書館　　　6人　図書貸出,,0
教育費,社会教育費,図書館費,,,給与費,パートタイム会計年度任用職員,富士文庫　　　5人　図書貸出,,0
教育費,社会教育費,図書館費,,,給与費,パートタイム会計年度任用職員,でごいち文庫　4人　図書貸出,,0
教育費,社会教育費,図書館費,,,給与費,パートタイム会計年度任用職員,計　　 　　　65人,,0
教育費,社会教育費,図書館費,,,図書館政策推進事業費,,,3857,3612
教育費,社会教育費,図書館費,,,図書館政策推進事業費,子ども読書活動推進事業費,,3857,3612
教育費,社会教育費,図書館費,,,図書館政策推進事業費,子ども読書活動推進事業費,子ども読書活動推進協議会開催　2回,,
教育費,社会教育費,図書館費,,,図書館政策推進事業費,子ども読書活動推進事業費,ブックスタートふじ、セカンドブックふじ、,,0
教育費,社会教育費,図書館費,,,図書館政策推進事業費,子ども読書活動推進事業費,プレママ・プレパパ読み聞かせ講座開催,,0
教育費,社会教育費,図書館費,,,図書館政策推進事業費,子ども読書活動推進事業費,利用者託児サービス,,
教育費,社会教育費,図書館費,,,図書館利用促進事業費,,,442,432
教育費,社会教育費,図書館費,,,図書館利用促進事業費,図書館講座事業費,,282,272
教育費,社会教育費,図書館費,,,図書館利用促進事業費,図書館講座事業費,図書館講演会、講座開催　ほか,,0
教育費,社会教育費,図書館費,,,図書館利用促進事業費,図書館関連団体支援事業費,,160,160
教育費,社会教育費,図書館費,,,図書館利用促進事業費,図書館関連団体支援事業費,読み聞かせ講座開催　ほか,,
教育費,社会教育費,図書館費,,,中央図書館管理費,,,161164,166757
教育費,社会教育費,図書館費,,,中央図書館管理費,中央図書館運営管理事業費,,40144,44297
教育費,社会教育費,図書館費,,,中央図書館管理費,中央図書館運営管理事業費,光熱水費、保安警備業務　ほか,,
教育費,社会教育費,図書館費,,,中央図書館管理費,中央図書館運営管理事業費,県図書館協会会費,110,110
教育費,社会教育費,図書館費,,,中央図書館管理費,中央図書館運営管理事業費,その他各種団体負担金,50,50
教育費,社会教育費,図書館費,,,中央図書館管理費,中央図書館運営管理事業費,会議、研修会出席者負担金,11,11
教育費,社会教育費,図書館費,,,中央図書館管理費,中央図書館施設管理事業費,,84027,86275
教育費,社会教育費,図書館費,,,中央図書館管理費,中央図書館施設管理事業費,施設修繕、各種設備保守点検（分館含む）,,
教育費,社会教育費,図書館費,,,中央図書館管理費,中央図書館施設管理事業費,本館昇降機更新,,0
教育費,社会教育費,図書館費,,,中央図書館管理費,中央図書館施設管理事業費,泡消火薬剤入替,,0
教育費,社会教育費,図書館費,,,中央図書館管理費,中央図書館貸出管理事業費,,36683,35868
教育費,社会教育費,図書館費,,,中央図書館管理費,中央図書館貸出管理事業費,図書館資料管理システム運用,,
教育費,社会教育費,図書館費,,,中央図書館管理費,中央図書館貸出管理事業費,青葉台まちづくりセンター,,
教育費,社会教育費,図書館費,,,中央図書館管理費,電子情報コーナー事業費,,310,317
教育費,社会教育費,図書館費,,,中央図書館管理費,電子情報コーナー事業費,ビジネス支援用データベース運用,,
教育費,社会教育費,図書館費,,,西図書館管理費,,,4758,5220
教育費,社会教育費,図書館費,,,西図書館管理費,西図書館運営管理事業費,,4410,4872
教育費,社会教育費,図書館費,,,西図書館管理費,西図書館運営管理事業費,光熱水費　ほか,,
教育費,社会教育費,図書館費,,,西図書館管理費,西図書館貸出管理事業費,,348,348
教育費,社会教育費,図書館費,,,西図書館管理費,西図書館貸出管理事業費,図書関連消耗品費　ほか,,
教育費,社会教育費,図書館費,,,東図書館管理費,,,1338,979
教育費,社会教育費,図書館費,,,東図書館管理費,東図書館運営管理事業費,,140,140
教育費,社会教育費,図書館費,,,東図書館管理費,東図書館運営管理事業費,電話料　ほか,,
教育費,社会教育費,図書館費,,,東図書館管理費,東図書館施設管理事業費,,1004,645
教育費,社会教育費,図書館費,,,東図書館管理費,東図書館施設管理事業費,施設維持補修　ほか,,
教育費,社会教育費,図書館費,,,東図書館管理費,東図書館貸出管理事業費,,194,194
教育費,社会教育費,図書館費,,,東図書館管理費,東図書館貸出管理事業費,図書関連消耗品費　ほか,,
教育費,社会教育費,図書館費,,,富士文庫管理費,,,1069,928
教育費,社会教育費,図書館費,,,富士文庫管理費,富士文庫運営管理事業費,,168,168
教育費,社会教育費,図書館費,,,富士文庫管理費,富士文庫運営管理事業費,電話料　ほか,,
教育費,社会教育費,図書館費,,,富士文庫管理費,富士文庫施設管理事業費,,700,559
教育費,社会教育費,図書館費,,,富士文庫管理費,富士文庫施設管理事業費,施設維持補修　ほか,,
教育費,社会教育費,図書館費,,,富士文庫管理費,富士文庫貸出管理事業費,,201,201
教育費,社会教育費,図書館費,,,富士文庫管理費,富士文庫貸出管理事業費,図書関連消耗品費　ほか,,
教育費,社会教育費,図書館費,,,図書館分室管理費,,,1066,1066
教育費,社会教育費,図書館費,,,図書館分室管理費,今泉分室運営管理事業費,,293,293
教育費,社会教育費,図書館費,,,図書館分室管理費,今泉分室運営管理事業費,運営事務費、図書関連消耗品費,,
教育費,社会教育費,図書館費,,,図書館分室管理費,田子浦分室運営管理事業費,,260,260
教育費,社会教育費,図書館費,,,図書館分室管理費,田子浦分室運営管理事業費,運営事務費、図書関連消耗品費,,
教育費,社会教育費,図書館費,,,図書館分室管理費,大淵分室運営管理事業費,,280,280
教育費,社会教育費,図書館費,,,図書館分室管理費,大淵分室運営管理事業費,運営事務費、図書関連消耗品費,,
教育費,社会教育費,図書館費,,,図書館分室管理費,富士川分室運営管理事業費,,233,233
教育費,社会教育費,図書館費,,,図書館分室管理費,富士川分室運営管理事業費,運営事務費、図書関連消耗品費,,
教育費,社会教育費,図書館費,,,館外図書サービス事業費,,,153,153
教育費,社会教育費,図書館費,,,館外図書サービス事業費,館外図書運営管理事業費,,153,153
教育費,社会教育費,図書館費,,,館外図書サービス事業費,館外図書運営管理事業費,移動図書館、でごいち文庫運営管理,,
教育費,社会教育費,図書館費,,,資料購入事業費,,,70252,71511
教育費,社会教育費,図書館費,,,資料購入事業費,中央図書館資料購入事業費,,39956,40973
教育費,社会教育費,図書館費,,,資料購入事業費,中央図書館資料購入事業費,"開架室用図書　9,525冊、新聞・雑誌",,0
教育費,社会教育費,図書館費,,,資料購入事業費,中央図書館資料購入事業費,電子書籍ライセンス　794点,,0
教育費,社会教育費,図書館費,,,資料購入事業費,中央図書館資料購入事業費,ＡＶ資料等（ＣＤ・ＤＶＤ）312点,,0
教育費,社会教育費,図書館費,,,資料購入事業費,中央図書館資料購入事業費,協力貸出用　326冊,,0
教育費,社会教育費,図書館費,,,資料購入事業費,西図書館資料購入事業費,,7380,7460
教育費,社会教育費,図書館費,,,資料購入事業費,西図書館資料購入事業費,"一般・児童図書　3,775冊、新聞・雑誌",,0
教育費,社会教育費,図書館費,,,資料購入事業費,西図書館資料購入事業費,多文化支援（外国語図書）　140冊,,
教育費,社会教育費,図書館費,,,資料購入事業費,東図書館資料購入事業費,,4088,4117
教育費,社会教育費,図書館費,,,資料購入事業費,東図書館資料購入事業費,"一般・児童図書　1,695冊、新聞・雑誌",,0
教育費,社会教育費,図書館費,,,資料購入事業費,富士文庫資料購入事業費,,4855,4871
教育費,社会教育費,図書館費,,,資料購入事業費,富士文庫資料購入事業費,"一般・児童図書　2,035冊、新聞・雑誌",,0
教育費,社会教育費,図書館費,,,資料購入事業費,今泉分室資料購入事業費,,2696,2726
教育費,社会教育費,図書館費,,,資料購入事業費,今泉分室資料購入事業費,"一般・児童図書　1,512冊、新聞・雑誌",,0
教育費,社会教育費,図書館費,,,資料購入事業費,田子浦分室資料購入事業費,,3058,3088
教育費,社会教育費,図書館費,,,資料購入事業費,田子浦分室資料購入事業費,"一般・児童図書　1,446冊、新聞・雑誌",,0
教育費,社会教育費,図書館費,,,資料購入事業費,大淵分室資料購入事業費,,2783,2814
教育費,社会教育費,図書館費,,,資料購入事業費,大淵分室資料購入事業費,"一般・児童図書　1,459冊、新聞・雑誌",,0
教育費,社会教育費,図書館費,,,資料購入事業費,富士川分室資料購入事業費,,2643,2668
教育費,社会教育費,図書館費,,,資料購入事業費,富士川分室資料購入事業費,"一般・児童図書・郷土資料　1,341冊、",,0
教育費,社会教育費,図書館費,,,資料購入事業費,館外資料購入事業費,,2793,2794
教育費,社会教育費,図書館費,,,資料購入事業費,館外資料購入事業費,"一般・児童図書　1,812冊、雑誌",,0
教育費,体育保健費,,,,,,,3645335,3797880
教育費,体育保健費,体育振興費,,,,,,111573,117718
教育費,体育保健費,体育振興費,報酬,,,,,4260,4260
教育費,体育保健費,体育振興費,給料,,,,,43874,46623
教育費,体育保健費,体育振興費,職員手当等当,,,,,30201,30130
教育費,体育保健費,体育振興費,職員手当等当,扶養手当,,,,1252,996
教育費,体育保健費,体育振興費,職員手当等当,地域手当,,,,1344,1905
教育費,体育保健費,体育振興費,職員手当等当,住居手当,,,,135,300
教育費,体育保健費,体育振興費,職員手当等当,通勤手当,,,,1131,1119
教育費,体育保健費,体育振興費,職員手当等当,時間外勤務手,,,,7500,5000
教育費,体育保健費,体育振興費,職員手当等当,休日勤務手当,,,,500,500
教育費,体育保健費,体育振興費,職員手当等当,期末手当,,,,10134,11128
教育費,体育保健費,体育振興費,職員手当等当,勤勉手当,,,,8205,9182
教育費,体育保健費,体育振興費,共済費,,,,,14933,15697
教育費,体育保健費,体育振興費,報償費,,,,,4777,5230
教育費,体育保健費,体育振興費,旅費,,,,,594,615
教育費,体育保健費,体育振興費,旅費,費用弁償,,,,520,481
教育費,体育保健費,体育振興費,旅費,普通旅費,,,,30,15
教育費,体育保健費,体育振興費,旅費,特別旅費,,,,44,119
教育費,体育保健費,体育振興費,需用費,,,,,2119,2187
教育費,体育保健費,体育振興費,需用費,消耗品費,,,,573,1362
教育費,体育保健費,体育振興費,需用費,食糧費,,,,152,211
教育費,体育保健費,体育振興費,需用費,印刷製本費,,,,344,414
教育費,体育保健費,体育振興費,需用費,修繕料,,,,1050,200
教育費,体育保健費,体育振興費,役務費,,,,,70,70
教育費,体育保健費,体育振興費,役務費,手数料,,,,10,10
教育費,体育保健費,体育振興費,役務費,保険料,,,,60,60
教育費,体育保健費,体育振興費,委託料,,,,,3550,5650
教育費,体育保健費,体育振興費,使用料及び賃借料,,,,,806,781
教育費,体育保健費,体育振興費,負担金、補助及び交付金,,,,,6389,6475
教育費,体育保健費,体育振興費,負担金、補助及び交付金,負担金,,,,269,265
教育費,体育保健費,体育振興費,負担金、補助及び交付金,補助金,,,,6120,6210
教育費,体育保健費,体育振興費,,,給与費,,,93268,96710
教育費,体育保健費,体育振興費,,,給与費,スポーツ推進委員　８４人,,4032,4032
教育費,体育保健費,体育振興費,,,給与費,スポーツ推進審議会委員　９人,,228,228
教育費,体育保健費,体育振興費,,,給与費,一般職　１１人,,89008,92450
教育費,体育保健費,体育振興費,,,体育振興管理費,,,1928,2734
教育費,体育保健費,体育振興費,,,体育振興管理費,体育振興管理事業費,,1928,2734
教育費,体育保健費,体育振興費,,,体育振興管理費,体育振興管理事業費,全国スポーツ推進委員連絡協議会負担金,42,42
教育費,体育保健費,体育振興費,,,体育振興管理費,体育振興管理事業費,県スポーツ推進委員連絡協議会負担金,126,126
教育費,体育保健費,体育振興費,,,体育振興管理費,体育振興管理事業費,富士地区スポーツ推進委員連絡協議会,17,17
教育費,体育保健費,体育振興費,,,体育振興管理費,体育振興管理事業費,会議、研修会出席者負担金,84,80
教育費,体育保健費,体育振興費,,,体育振興事業費,,,6017,7474
教育費,体育保健費,体育振興費,,,体育振興事業費,各種競技会事業費,,1467,1682
教育費,体育保健費,体育振興費,,,体育振興事業費,各種競技会事業費,富士市民水泳競技大会開催,,
教育費,体育保健費,体育振興費,,,体育振興事業費,各種競技会事業費,富士駅伝競走大会開催,,
教育費,体育保健費,体育振興費,,,体育振興事業費,指導者養成事業費,,211,78
教育費,体育保健費,体育振興費,,,体育振興事業費,指導者養成事業費,スポーツリーダーバンク指導者講習会,,0
教育費,体育保健費,体育振興費,,,体育振興事業費,普及啓発事業費,,4339,5714
教育費,体育保健費,体育振興費,,,体育振興事業費,普及啓発事業費,巡回ラジオ体操・みんなの体操会開催,,0
教育費,体育保健費,体育振興費,,,体育振興事業費,普及啓発事業費,市民エンジョイスポーツデー開催,,
教育費,体育保健費,体育振興費,,,体育振興事業費,普及啓発事業費,一万歩コース看板改修　ほか,,
教育費,体育保健費,体育振興費,,,体育振興助成費,,,10360,10800
教育費,体育保健費,体育振興費,,,体育振興助成費,スポーツ奨励費,,4240,4590
教育費,体育保健費,体育振興費,,,体育振興助成費,スポーツ奨励費,スポーツ競技会出場賞賜金,,
教育費,体育保健費,体育振興費,,,体育振興助成費,各種体育団体助成費,,6120,6210
教育費,体育保健費,体育振興費,,,体育振興助成費,各種体育団体助成費,スポーツ協会活動費補助金,4750,4840
教育費,体育保健費,体育振興費,,,体育振興助成費,各種体育団体助成費,スポーツ少年団活動費補助金,160,160
教育費,体育保健費,体育振興費,,,体育振興助成費,各種体育団体助成費,市町対抗駅伝競走大会,1100,1100
教育費,体育保健費,体育振興費,,,体育振興助成費,各種体育団体助成費,元気！挑戦！いきいき,110,110
教育費,体育保健費,体育施設費,,,,,,496394,679703
教育費,体育保健費,体育施設費,需用費,,,,,24026,21850
教育費,体育保健費,体育施設費,需用費,消耗品費,,,,64,22
教育費,体育保健費,体育施設費,需用費,光熱水費,,,,88,4605
教育費,体育保健費,体育施設費,需用費,修繕料,,,,23874,17223
教育費,体育保健費,体育施設費,役務費,,,,,31,268
教育費,体育保健費,体育施設費,役務費,手数料,,,,31,31
教育費,体育保健費,体育施設費,委託料,,,,,449577,509153
教育費,体育保健費,体育施設費,使用料及び賃借料,,,,,12489,13262
教育費,体育保健費,体育施設費,工事請負費,,,,,4936,130990
教育費,体育保健費,体育施設費,備品購入費,,,,,5335,4180
教育費,体育保健費,体育施設費,,,体育施設管理費,,,42780,140366
教育費,体育保健費,体育施設費,,,体育施設管理費,体育施設管理事業費,,1773,27662
教育費,体育保健費,体育施設費,,,体育施設管理費,体育施設管理事業費,東部スポーツ広場駐車場借上,,
教育費,体育保健費,体育施設費,,,体育施設管理費,体育施設備品整備事業費,,17411,17304
教育費,体育保健費,体育施設費,,,体育施設管理費,体育施設備品整備事業費,陸上競技場夜間照明設備借上,,
教育費,体育保健費,体育施設費,,,体育施設管理費,体育施設備品整備事業費,富士体育館トレーニング機器借上,,0
教育費,体育保健費,体育施設費,,,体育施設管理費,体育施設備品整備事業費,富士体育館武道用備品整備,,0
教育費,体育保健費,体育施設費,,,体育施設管理費,体育施設備品整備事業費,富士川体育館トレーニング機器借上,,0
教育費,体育保健費,体育施設費,,,体育施設管理費,体育施設備品整備事業費,富士川体育館スケートボード場,,
教育費,体育保健費,体育施設費,,,体育施設管理費,体育施設緊急補修事業費,,23596,95400
教育費,体育保健費,体育施設費,,,体育施設管理費,体育施設緊急補修事業費,陸上競技場スピーカー改修,,0
教育費,体育保健費,体育施設費,,,体育施設管理費,体育施設緊急補修事業費,富士体育館自動火災報知設備改修,,0
教育費,体育保健費,体育施設費,,,体育施設管理費,体育施設緊急補修事業費,富士体育館天井落下防止対策調査,,0
教育費,体育保健費,体育施設費,,,体育施設管理費,体育施設緊急補修事業費,学校体育館鍵管理機改修,,0
教育費,体育保健費,体育施設費,,,体育施設運営管理費,,,443942,439237
教育費,体育保健費,体育施設費,,,体育施設運営管理費,体育施設運営管理事業費,,443942,439237
教育費,体育保健費,体育施設費,,,体育施設運営管理費,体育施設運営管理事業費,総合運動公園運動施設等運営管理（指定管理）,,
教育費,体育保健費,体育施設費,,,体育施設運営管理費,体育施設運営管理事業費,8運動施設等運営管理（指定管理）,,
教育費,体育保健費,体育施設費,,,体育施設運営管理費,体育施設運営管理事業費,砂山公園プール等運営管理（指定管理）,,0
教育費,体育保健費,体育施設費,,,体育施設整備費,,,9672,100100
教育費,体育保健費,体育施設費,,,体育施設整備費,砂山公園プール改修事業費,,9672,100100
教育費,体育保健費,体育施設費,,,体育施設整備費,砂山公園プール改修事業費,着水プール塗装修繕,,0
教育費,体育保健費,体育施設費,,,体育施設整備費,砂山公園プール改修事業費,ろ過装置修繕,,0
教育費,体育保健費,総合体育館,,,,,,276034,132308
教育費,体育保健費,総合体育館,委託料,,,,,3985,0
教育費,体育保健費,総合体育館,公有財産購入費,,,,,272049,132308
教育費,体育保健費,総合体育館,,,総合体育館建設費,,,276034,132308
教育費,体育保健費,総合体育館,,,総合体育館建設費,総合体育館建設事業費,,276034,132308
教育費,体育保健費,総合体育館,,,総合体育館建設費,総合体育館建設事業費,ＰＦＩ手法による総合体育館施設整備,,
教育費,体育保健費,保健費,,,,,,130149,130081
教育費,体育保健費,保健費,報酬,,,,,45699,45733
教育費,体育保健費,保健費,報償費,,,,,518,518
教育費,体育保健費,保健費,旅費,,,,,3,36
教育費,体育保健費,保健費,旅費,普通旅費,,,,3,3
教育費,体育保健費,保健費,需用費,,,,,1696,1615
教育費,体育保健費,保健費,需用費,消耗品費,,,,623,567
教育費,体育保健費,保健費,需用費,修繕料,,,,150,150
教育費,体育保健費,保健費,需用費,医薬材料費,,,,923,898
教育費,体育保健費,保健費,役務費,,,,,507,540
教育費,体育保健費,保健費,役務費,手数料,,,,507,540
教育費,体育保健費,保健費,委託料,,,,,35281,34087
教育費,体育保健費,保健費,使用料及び賃借料,,,,,8098,8383
教育費,体育保健費,保健費,負担金、補助及び交付金,,,,,27347,28169
教育費,体育保健費,保健費,負担金、補助及び交付金,負担金,,,,27347,28169
教育費,体育保健費,保健費,補償、補塡及び賠償金塡金,,,,,11000,11000
教育費,体育保健費,保健費,補償、補塡及び賠償金塡金,補償金及び補,,,,11000,11000
教育費,体育保健費,保健費,,,給与費,,,45699,45733
教育費,体育保健費,保健費,,,給与費,学校医　１４２人,,40618,0
教育費,体育保健費,保健費,,,給与費,学校医　１４２人,内科医57人、眼科医12人、耳鼻科医7人、,,0
教育費,体育保健費,保健費,,,給与費,学校医　１４２人,歯科医66人,,0
教育費,体育保健費,保健費,,,給与費,学校薬剤師　４１人,,4961,4961
教育費,体育保健費,保健費,,,給与費,学校結核対策委員会委員　３人,,120,120
教育費,体育保健費,保健費,,,学校保健費,,,84450,84348
教育費,体育保健費,保健費,,,学校保健費,学校保健管理事業費,,5950,5811
教育費,体育保健費,保健費,,,学校保健費,学校保健管理事業費,学校保健医薬材料,,
教育費,体育保健費,保健費,,,学校保健費,学校保健管理事業費,聴力検査器定期検査,,
教育費,体育保健費,保健費,,,学校保健費,学校保健管理事業費,検診器材借上,,
教育費,体育保健費,保健費,,,学校保健費,学校保健管理事業費,生理用品配備,,
教育費,体育保健費,保健費,,,学校保健費,学校保健管理事業費,県学校保健会負担金,361,351
教育費,体育保健費,保健費,,,学校保健費,学校保健管理事業費,会議、研修会出席者負担金,17,45
教育費,体育保健費,保健費,,,学校保健費,児童生徒健康対策事業費,,25728,25176
教育費,体育保健費,保健費,,,学校保健費,児童生徒健康対策事業費,尿検査、結核健康診断、心臓検診、,,
教育費,体育保健費,保健費,,,学校保健費,児童生徒健康対策事業費,小児生活習慣病予防検診　ほか,,
教育費,体育保健費,保健費,,,学校保健費,教職員健康対策事業費,,17616,18281
教育費,体育保健費,保健費,,,学校保健費,教職員健康対策事業費,生活習慣病健診、指定年齢健診　ほか,,
教育費,体育保健費,保健費,,,学校保健費,教職員健康対策事業費,人間ドック負担金,8655,9937
教育費,体育保健費,保健費,,,学校保健費,教職員安全衛生管理事業費,,242,250
教育費,体育保健費,保健費,,,学校保健費,教職員安全衛生管理事業費,教職員ストレスチェック　ほか,,
教育費,体育保健費,保健費,,,学校保健費,みどりの学校事業費,,5600,5994
教育費,体育保健費,保健費,,,学校保健費,みどりの学校事業費,バス借上げ料,,
教育費,体育保健費,保健費,,,学校保健費,学校災害共済事業費,,29314,28836
教育費,体育保健費,保健費,,,学校保健費,学校災害共済事業費,学校災害共済給付金,,
教育費,体育保健費,保健費,,,学校保健費,学校災害共済事業費,日本スポーツ振興センター災害共済掛金,18314,17836
教育費,体育保健費,学校給食費,,,,,,2631185,2738070
教育費,体育保健費,学校給食費,報酬,,,,,328185,357332
教育費,体育保健費,学校給食費,給料,,,,,335393,338344
教育費,体育保健費,学校給食費,職員手当等当,,,,,254121,271472
教育費,体育保健費,学校給食費,職員手当等当,管理職手当,,,,623,623
教育費,体育保健費,学校給食費,職員手当等当,扶養手当,,,,3851,3505
教育費,体育保健費,学校給食費,職員手当等当,地域手当,,,,10190,13683
教育費,体育保健費,学校給食費,職員手当等当,住居手当,,,,2046,2177
教育費,体育保健費,学校給食費,職員手当等当,通勤手当,,,,9117,9435
教育費,体育保健費,学校給食費,職員手当等当,時間外勤務手,,,,12216,14716
教育費,体育保健費,学校給食費,職員手当等当,休日勤務手当,,,,50,50
教育費,体育保健費,学校給食費,職員手当等当,期末手当,,,,142942,151479
教育費,体育保健費,学校給食費,職員手当等当,勤勉手当,,,,73086,75804
教育費,体育保健費,学校給食費,共済費,,,,,169246,172312
教育費,体育保健費,学校給食費,報償費,,,,,160,90
教育費,体育保健費,学校給食費,旅費,,,,,14038,11827
教育費,体育保健費,学校給食費,旅費,費用弁償,,,,14000,11787
教育費,体育保健費,学校給食費,旅費,普通旅費,,,,10,10
教育費,体育保健費,学校給食費,旅費,特別旅費,,,,28,30
教育費,体育保健費,学校給食費,需用費,,,,,1442849,1487381
教育費,体育保健費,学校給食費,需用費,消耗品費,,,,15024,15044
教育費,体育保健費,学校給食費,需用費,燃料費,,,,38396,38378
教育費,体育保健費,学校給食費,需用費,印刷製本費,,,,314,421
教育費,体育保健費,学校給食費,需用費,光熱水費,,,,16045,16045
教育費,体育保健費,学校給食費,需用費,修繕料,,,,19308,15566
教育費,体育保健費,学校給食費,需用費,賄材料費,,,,1353762,1401927
教育費,体育保健費,学校給食費,役務費,,,,,8058,8147
教育費,体育保健費,学校給食費,役務費,通信運搬費,,,,137,137
教育費,体育保健費,学校給食費,役務費,手数料,,,,7921,8010
教育費,体育保健費,学校給食費,委託料,,,,,12393,5994
教育費,体育保健費,学校給食費,使用料及び賃借料,,,,,4113,4113
教育費,体育保健費,学校給食費,備品購入費,,,,,62275,80813
教育費,体育保健費,学校給食費,負担金、補助及び交付金,,,,,290,245
教育費,体育保健費,学校給食費,負担金、補助及び交付金,負担金,,,,290,245
教育費,体育保健費,学校給食費,公課費,,,,,64,0
教育費,体育保健費,学校給食費,,,給与費,,,1100945,1151247
教育費,体育保健費,学校給食費,,,給与費,学校給食運営審議会委員　７人,,104,104
教育費,体育保健費,学校給食費,,,給与費,一般職　８５人,,617676,0
教育費,体育保健費,学校給食費,,,給与費,パートタイム会計年度任用職員,,483165,523947
教育費,体育保健費,学校給食費,,,給与費,パートタイム会計年度任用職員,調理員　　　　　　　　　　　　86人,,0
教育費,体育保健費,学校給食費,,,給与費,パートタイム会計年度任用職員,パート調理員　　　　　　　　　50人,,0
教育費,体育保健費,学校給食費,,,給与費,パートタイム会計年度任用職員,学校給食センター職員　　　　　13人,,0
教育費,体育保健費,学校給食費,,,給与費,パートタイム会計年度任用職員,給食公会計事務補助　　　　 　　2人,,0
教育費,体育保健費,学校給食費,,,学校給食費,,,136943,141012
教育費,体育保健費,学校給食費,,,学校給食費,学校給食運営事業費,,83693,76993
教育費,体育保健費,学校給食費,,,学校給食費,学校給食運営事業費,学校給食専門懇話会運営,,
教育費,体育保健費,学校給食費,,,学校給食費,学校給食運営事業費,学校給食費等徴収管理システム運用管理,,
教育費,体育保健費,学校給食費,,,学校給食費,学校給食運営事業費,持続可能な学校給食の運営検討,,0
教育費,体育保健費,学校給食費,,,学校給食費,学校給食運営事業費,給食用ガス代、衛生管理用消耗品,,
教育費,体育保健費,学校給食費,,,学校給食費,学校給食運営事業費,給食用大型備品修繕,,
教育費,体育保健費,学校給食費,,,学校給食費,学校給食運営事業費,ノロウイルス対策等各種検査　ほか,,
教育費,体育保健費,学校給食費,,,学校給食費,学校給食運営事業費,県学校栄養士会負担金,251,203
教育費,体育保健費,学校給食費,,,学校給食費,学校給食運営事業費,安全管理者選任時研修受講負担金,19,21
教育費,体育保健費,学校給食費,,,学校給食費,学校給食備品整備事業費,,53250,64019
教育費,体育保健費,学校給食費,,,学校給食費,学校給食備品整備事業費,給食用大型備品、調理器具、食器等整備,,
教育費,体育保健費,学校給食費,,,学校給食センター費,,,39535,43884
教育費,体育保健費,学校給食費,,,学校給食センター費,学校給食センター運営管理事業費,,22817,14233
教育費,体育保健費,学校給食費,,,学校給食センター費,学校給食センター運営管理事業費,燃料代、電気・水道料,,
教育費,体育保健費,学校給食費,,,学校給食センター費,学校給食センター運営管理事業費,給食配送用車両購入　1台,,0
教育費,体育保健費,学校給食費,,,学校給食センター費,学校給食センター運営管理事業費,調理用消耗品　ほか,,
教育費,体育保健費,学校給食費,,,学校給食センター費,学校給食センター運営管理事業費,県東部学校給食共同調理場運営協議会,4,3
教育費,体育保健費,学校給食費,,,学校給食センター費,学校給食センター運営管理事業費,県学校給食共同調理場運営協議会負担金,6,5
教育費,体育保健費,学校給食費,,,学校給食センター費,学校給食センター運営管理事業費,テールゲートリフター操作業務,10,13
教育費,体育保健費,学校給食費,,,学校給食センター費,学校給食センター施設管理事業費,,16718,29651
教育費,体育保健費,学校給食費,,,学校給食センター費,学校給食センター施設管理事業費,各種設備保守点検、維持補修,,
教育費,体育保健費,学校給食費,,,学校給食センター費,学校給食センター施設管理事業費,調理備品整備　ほか,,
教育費,体育保健費,学校給食費,,,学校給食食材管理費,,,1353762,1401927
教育費,体育保健費,学校給食費,,,学校給食食材管理費,学校給食食材管理事業費,,1353762,1401927
教育費,体育保健費,学校給食費,,,学校給食食材管理費,学校給食食材管理事業費,（物価高騰対応重点支援地方創生臨時交付金事業）,,
災害復旧費,,,,,,,,129300,164720
災害復旧費,農林水産業施設災害復旧費,,,,,,,119300,154720
災害復旧費,農林水産業施設災害復旧費,農業施設災,,,,,,2000,2000
災害復旧費,農林水産業施設災害復旧費,農業施設災,需用費,,,,,500,500
災害復旧費,農林水産業施設災害復旧費,農業施設災,需用費,修繕料,,,,500,500
災害復旧費,農林水産業施設災害復旧費,農業施設災,委託料,,,,,500,500
災害復旧費,農林水産業施設災害復旧費,農業施設災,工事請負費,,,,,1000,1000
災害復旧費,農林水産業施設災害復旧費,農業施設災,,,農業施設災害復旧事業費,,,2000,2000
災害復旧費,農林水産業施設災害復旧費,農業施設災,,,農業施設災害復旧事業費,単独災害復旧事業費,,2000,2000
災害復旧費,農林水産業施設災害復旧費,林業施設災,,,,,,117300,152720
災害復旧費,農林水産業施設災害復旧費,林業施設災,委託料,,,,,29300,1000
災害復旧費,農林水産業施設災害復旧費,林業施設災,工事請負費,,,,,88000,151720
災害復旧費,農林水産業施設災害復旧費,林業施設災,,,林業施設災害復旧事業費,,,117300,152720
災害復旧費,農林水産業施設災害復旧費,林業施設災,,,林業施設災害復旧事業費,補助災害復旧事業費,,85000,148720
災害復旧費,農林水産業施設災害復旧費,林業施設災,,,林業施設災害復旧事業費,補助災害復旧事業費,林道中里線復旧事業,,0
災害復旧費,農林水産業施設災害復旧費,林業施設災,,,林業施設災害復旧事業費,単独災害復旧事業費,,32300,4000
災害復旧費,農林水産業施設災害復旧費,林業施設災,,,林業施設災害復旧事業費,単独災害復旧事業費,林道中里線（沢山橋）復旧事業,,0
災害復旧費,土木施設災害復旧費,,,,,,,10000,10000
災害復旧費,土木施設災害復旧費,道路橋梁災,,,,,,6000,6000
災害復旧費,土木施設災害復旧費,道路橋梁災,委託料,,,,,1000,1000
災害復旧費,土木施設災害復旧費,道路橋梁災,工事請負費,,,,,5000,5000
災害復旧費,土木施設災害復旧費,道路橋梁災,,,道路橋梁災害復旧事業費,,,6000,6000
災害復旧費,土木施設災害復旧費,道路橋梁災,,,道路橋梁災害復旧事業費,単独災害復旧事業費,,6000,6000
災害復旧費,土木施設災害復旧費,河川災害復,,,,,,4000,4000
災害復旧費,土木施設災害復旧費,河川災害復,委託料,,,,,1000,1000
災害復旧費,土木施設災害復旧費,河川災害復,工事請負費,,,,,3000,3000
災害復旧費,土木施設災害復旧費,河川災害復,,,河川災害復旧事業費,,,4000,4000
災害復旧費,土木施設災害復旧費,河川災害復,,,河川災害復旧事業費,単独災害復旧事業費,,4000,4000
災害復旧費,土木施設災害復旧費,河川災害復,,,（廃目）,,,,0
公債費,,,,,,,,7155071,7606642
公債費,公債費,,,,,,,7155071,7606642
公債費,公債費,元金,,,,,,6838978,7157379
公債費,公債費,元金,償還金、利子及び割引料,,,,,6838978,7157379
公債費,公債費,元金,,,元金,,,6838978,7157379
公債費,公債費,元金,,,元金,償還元金,,6838978,7157379
公債費,公債費,元金,,,元金,償還元金,市債償還元金,,
公債費,公債費,利子,,,,,,315981,449151
公債費,公債費,利子,償還金、利子及び割引料,,,,,315981,449151
公債費,公債費,利子,,,利子,,,315981,449151
公債費,公債費,利子,,,利子,償還利子,,315981,449151
公債費,公債費,利子,,,利子,償還利子,市債償還利子,,
公債費,公債費,利子,,,利子,償還利子,一時繰替運用利子,,
公債費,公債費,公債諸費,,,,,,112,112
公債費,公債費,公債諸費,旅費,,,,,13,13
公債費,公債費,公債諸費,旅費,普通旅費,,,,13,13
公債費,公債費,公債諸費,需用費,,,,,11,11
公債費,公債費,公債諸費,需用費,消耗品費,,,,11,11
公債費,公債費,公債諸費,委託料,,,,,88,88
公債費,公債費,公債諸費,,,公債関係事務費,,,112,112
公債費,公債費,公債諸費,,,公債関係事務費,公債関係事務費,,112,112
諸支出金費,,,,,,,,100,100
諸支出金費,普通財産取得費,,,,,,,100,100
諸支出金費,普通財産取得費,土地取得費,,,,,,100,100
諸支出金費,普通財産取得費,土地取得費,公有財産購入費,,,,,100,100
諸支出金費,普通財産取得費,土地取得費,,,土地取得費,,,100,100
諸支出金費,普通財産取得費,土地取得費,,,土地取得費,土地取得事業費,,100,100
諸支出金費,普通財産取得費,土地取得費,,,土地取得費,土地取得事業費,普通財産、国有地　ほか,,
予備費,,,,,,,,100000,100000
予備費,予備費,,,,,,,100000,100000
予備費,予備費,予備費,,,,,,100000,100000
議会費,議会費,議会費,,,給与費,一般職　１１人,,0,96733
議会費,議会費,議会費,,,議会活動費,議会渉外事業費,東海市議会議長会負担金,0,44
総務費,総務管理費,一般管理費,,,給与費,一般職　１７９人,,0,2129326
総務費,総務管理費,一般管理費,,,秘書事務費,秘書事務費,第１４２回東海市長会通常総会負担金,0,10
総務費,総務管理費,一般管理費,,,秘書事務費,秘書事務費,第１４３回東海市長会通常総会負担金,0,10
総務費,総務管理費,人事管理費,備品購入費,,,,,0,389
総務費,総務管理費,人事管理費,,,給与費,特別職報酬等審議会委員　１０人,,0,208
総務費,総務管理費,人事管理費,,,給与費,公務災害補償等認定委員会委員　３人,,0,30
総務費,総務管理費,人事管理費,,,給与費,パートタイム会計年度任用職員,（定数）,0,
総務費,総務管理費,人事管理費,,,給与費,パートタイム会計年度任用職員,（定数外）,0,
総務費,総務管理費,人事管理費,,,職員管理費,職員採用試験費,受験予想人員　590人,0,
総務費,総務管理費,文書費,,,給与費,パートタイム会計年度任用職員,（定数）,0,
総務費,総務管理費,文書費,,,給与費,パートタイム会計年度任用職員,（定数外）,0,
総務費,総務管理費,文書費,,,文書管理費,その他文書管理費,文書配達業務,0,
総務費,総務管理費,市史編さん,,,給与費,パートタイム会計年度任用職員,（定数）,0,
総務費,総務管理費,広報広聴費,役務費,,,,,0,12079
総務費,総務管理費,広報広聴費,役務費,通信運搬費,,,,0,183
総務費,総務管理費,広報広聴費,役務費,広告料,,,,0,11896
総務費,総務管理費,広報広聴費,,,給与費,パートタイム会計年度任用職員,（定数外）,0,
総務費,総務管理費,広報広聴費,,,広報費,コミュニティＦＭ事業費,市制60周年記念,0,
総務費,総務管理費,広報広聴費,,,広報費,その他広報費,市制60周年記念,0,
総務費,総務管理費,シティプロ,,,給与費,パートタイム会計年度任用職員,（定数）,0,
総務費,総務管理費,シティプロ,,,シティプロモーション推進費,魅力創造発信事業費,市制60周年記念,0,
総務費,総務管理費,シティプロ,,,移住定住推進費,移住定住推進事業費,移住プロモーション（ウェブ広告等）,0,
総務費,総務管理費,シティプロ,,,移住定住推進費,移住定住推進事業費,県外就業若者Ｕターン支援奨励金,0,3000
総務費,総務管理費,市民相談費,,,給与費,パートタイム会計年度任用職員,（定数）,0,
総務費,総務管理費,消費者対策,,,給与費,パートタイム会計年度任用職員,（定数）,0,
総務費,総務管理費,男女共同参,,,給与費,パートタイム会計年度任用職員,（定数）,0,
総務費,総務管理費,男女共同参,,,給与費,パートタイム会計年度任用職員,（定数外）,0,
総務費,総務管理費,男女共同参,,,男女共同参画費,男女共同参画推進事業費,第５次男女共同参画プラン策定,0,
総務費,総務管理費,男女共同参,,,男女共同参画費,男女共同参画推進事業費,男性の家事・子育て支援講座開催,0,
総務費,総務管理費,男女共同参,,,男女共同参画費,男女共同参画普及啓発事業費,ＬＧＢＴ啓発事業,0,
総務費,総務管理費,男女共同参,,,男女共同参画費,男女共同参画普及啓発事業費,富士地区男女共同参画連絡会,0,
総務費,総務管理費,男女共同参,,,男女共同参画費,男女共同参画普及啓発事業費,公共施設トイレへの生理用品設置,0,
総務費,総務管理費,財政管理費,,,財政事務費,財政事務費,財政読本更新,0,
総務費,総務管理費,会計管理費,備品購入費,,,,,0,147
総務費,総務管理費,会計管理費,,,給与費,パートタイム会計年度任用職員,（定数外）,0,
総務費,総務管理費,契約管理費,,,給与費,パートタイム会計年度任用職員,（定数）,0,
総務費,総務管理費,契約管理費,,,契約管理費,契約管理事業費,指名第1委員会開催　約10回,0,
総務費,総務管理費,工事検査費,需用費,食糧費,,,,0,1
総務費,総務管理費,財産管理費,,,給与費,パートタイム会計年度任用職員,（定数）,0,
総務費,総務管理費,財産管理費,,,庁舎管理費,庁舎施設管理事業費,市庁舎北側駐車場舗装改修,0,
総務費,総務管理費,財産管理費,,,庁舎管理費,庁舎施設管理事業費,消防防災庁舎劣化診断及び,0,
総務費,総務管理費,資産経営費,,,施設保全費,施設保全事業費,建築物定期点検　　　　　　 129施設,0,
総務費,総務管理費,資産経営費,,,施設保全費,自家用電気工作物保安管理事業費,自家用電気工作物の保安管理　86施設,0,
総務費,総務管理費,公用車管理,委託料,,,,,0,586
総務費,総務管理費,公用車管理,,,給与費,パートタイム会計年度任用職員,（定数）,0,
総務費,総務管理費,公用車管理,,,公用車管理費,公用車管理事業費,市庁舎北側駐車場電気自動車用充電設備整備,0,
総務費,総務管理費,公用車管理,,,公用車管理費,公用車管理事業費,公用車を活用した子育てプロモーション,0,
総務費,総務管理費,公用車管理,,,公用車管理費,公用車管理事業費,電力設備工事費負担金,0,300
総務費,総務管理費,公用車管理,,,公用車管理費,公用車購入事業費,軽自動車　　5台（うち、電気自動車4台）,0,
総務費,総務管理費,公用車管理,,,公用車管理費,公用車購入事業費,小型自動車　3台（うち、ハイブリッド車1台）,0,
総務費,総務管理費,公用車管理,,,公用車管理費,公用車購入事業費,普通自動車　1台（ハイブリッド車）,0,
総務費,総務管理費,企画費,役務費,通信運搬費,,,,0,99
総務費,総務管理費,企画費,,,企画調整費,企画調査費,新富士駅南口周辺都市機能形成,0,
総務費,総務管理費,企画費,,,企画調整費,企画調査費,高等教育機関等の誘致検討,0,
総務費,総務管理費,企画費,,,企画調整費,企画調査費,市制60周年記念啓発品等作成,0,
総務費,総務管理費,企画費,,,政策推進費,戦略的施策推進費,稼ぐ力推進事業,0,
総務費,総務管理費,企画費,,,政策推進費,戦略的施策推進費,デジタルマーケティング推進事業,0,
総務費,総務管理費,企画費,,,政策推進費,フィールドワーク推進事業費,,0,14424
総務費,総務管理費,企画費,,,政策推進費,フィールドワーク推進事業費,フィールドワーク活性化事業,0,
総務費,総務管理費,企画費,,,政策推進費,フィールドワーク推進事業費,フィールドワークサポート事業,0,
総務費,総務管理費,企画費,,,政策推進費,フィールドワーク推進事業費,フィールドワークセンター運営管理,0,
総務費,総務管理費,企画費,,,政策推進費,フィールドワーク推進事業費,フィールドワーク推進補助金,0,1800
総務費,総務管理費,情報システ,備品購入費,,,,,0,855
総務費,総務管理費,情報システ,,,情報化推進費,ネットワーク管理事業費,ネットワーク機器運用,0,
総務費,総務管理費,情報システ,,,情報化推進費,ネットワーク管理事業費,出先機関ネットワーク接続管理,0,
総務費,総務管理費,情報システ,,,情報化推進費,庁内ＯＡ化推進事業費,庁内ＯＡ化機器管理,0,
総務費,総務管理費,情報システ,,,情報化推進費,庁内ＯＡ化推進事業費,財務会計システム改修,0,
総務費,総務管理費,情報システ,,,情報化推進費,庁内ＯＡ化推進事業費,生成ＡＩサービス活用,0,
総務費,総務管理費,情報システ,,,情報政策費,情報化計画推進事業費,市民向け地図情報システム運用,0,
総務費,総務管理費,情報システ,,,情報政策費,情報化計画推進事業費,ＡＩ－ＯＣＲシステム運用,0,
総務費,総務管理費,地域振興費,,,給与費,パートタイム会計年度任用職員,（定数）,0,
総務費,総務管理費,地域振興費,,,自治振興費,コミュニティづくり推進事業費,第３次まちづくり活動推進計画策定,0,
総務費,総務管理費,地域振興費,,,自治振興費,コミュニティづくり推進事業費,第３次地区まちづくり行動計画策定,0,
総務費,総務管理費,地域振興費,,,自治振興費,コミュニティづくり推進事業費,まちづくり協議会事務局,0,
総務費,総務管理費,地域振興費,,,自治振興費,コミュニティづくり推進事業費,まちづくり協議会認知度ＵＰ,0,
総務費,総務管理費,地域振興費,,,自治振興費,コミュニティづくり推進事業費,まちづくり協議会連合会,0,
総務費,総務管理費,式典行事費,委託料,,,,,0,1400
総務費,総務管理費,式典行事費,,,式典行事費,市長表彰費,市制60周年記念式典,0,
総務費,総務管理費,多文化共生,需用費,燃料費,,,,0,3
総務費,総務管理費,多文化共生,備品購入費,,,,,0,149
総務費,総務管理費,多文化共生,,,給与費,パートタイム会計年度任用職員,（定数）,0,
総務費,総務管理費,多文化共生,,,給与費,パートタイム会計年度任用職員,（定数外）,0,
総務費,総務管理費,多文化共生,,,多文化共生費,地域国際化事業費,第三次多文化共生推進プラン策定,0,
総務費,総務管理費,防犯まちづ,委託料,,,,,0,165
総務費,総務管理費,防犯まちづ,使用料及び賃借料,,,,,0,646
総務費,総務管理費,防犯まちづ,,,防犯まちづくり推進費,防犯まちづくり推進事業費,街頭防犯カメラ設置　10台,0,
総務費,総務管理費,防犯まちづ,,,防犯まちづくり推進費,防犯まちづくり推進事業費,通学路防犯カメラ維持管理費補助金,0,1125
総務費,総務管理費,防犯まちづ,,,防犯まちづくり推進費,防犯まちづくり推進事業費,通学路防犯カメラ修繕・取替費補助金,0,150
総務費,総務管理費,交通安全対,使用料及び賃借料,,,,,0,31
総務費,総務管理費,交通安全対,,,給与費,パートタイム会計年度任用職員,（定数）,0,
総務費,総務管理費,市民交流施,,,市民交流施設運営費,市民交流施設運営事業費,交流プラザ維持修繕,0,
総務費,総務管理費,市民交流施,,,市民交流施設運営費,市民交流施設運営事業費,富士川ふれあいホール維持修繕,0,
総務費,総務管理費,まちづくり,公有財産購入費,,,,,0,30585
総務費,総務管理費,まちづくり,,,給与費,一般職　３８人,,0,328200
総務費,総務管理費,まちづくり,,,給与費,パートタイム会計年度任用職員,（定数）,0,
総務費,総務管理費,まちづくり,,,給与費,パートタイム会計年度任用職員,（定数外）,0,
総務費,総務管理費,まちづくり,,,まちづくりセンター運営管理費,まちづくりセンター運営管理事業費,まちづくりセンター指定管理促進補助金,0,130
総務費,総務管理費,まちづくり,,,まちづくりセンター運営管理費,まちづくりセンター備品整備事業費,コンベクションオーブン等の備品整備,0,
総務費,総務管理費,まちづくり,,,まちづくりセンター施設管理費,まちづくりセンター維持補修事業費,駐車場舗装改修（丘）,0,
総務費,総務管理費,まちづくり,,,まちづくりセンター施設管理費,まちづくりセンター用地管理事業費,駐車場用地取得（丘）　　　 Ａ＝662㎡,0,
総務費,総務管理費,まちづくり,,,まちづくりセンター施設整備費,まちづくりセンターリニューアル事業費,吉永まちづくりセンター,0,
総務費,総務管理費,まちづくり,,,まちづくりセンター施設整備費,まちづくりセンターリニューアル事業費,（実施設計）,0,
総務費,徴税費,税務総務費,,,給与費,一般職　９１人,,0,660743
総務費,徴税費,税務総務費,,,給与費,パートタイム会計年度任用職員,（定数）,0,
総務費,徴税費,税務総務費,,,給与費,パートタイム会計年度任用職員,（定数外）,0,
総務費,徴税費,賦課徴収費,備品購入費,,,,,0,155
総務費,徴税費,賦課徴収費,,,給与費,パートタイム会計年度任用職員　（収納）,（定数）,0,
総務費,徴税費,賦課徴収費,,,給与費,パートタイム会計年度任用職員　（収納）,（定数外）,0,
総務費,徴税費,賦課徴収費,,,給与費,パートタイム会計年度任用職員　（市民税）,（定数）,0,
総務費,徴税費,賦課徴収費,,,給与費,パートタイム会計年度任用職員　（市民税）,（定数外）,0,
総務費,徴税費,賦課徴収費,,,給与費,パートタイム会計年度任用職員　（資産税）,（定数）,0,
総務費,徴税費,賦課徴収費,,,給与費,パートタイム会計年度任用職員　（資産税）,（定数外）,0,
総務費,徴税費,賦課徴収費,,,市民税賦課収納事務費,市民税賦課収納事務費,"法人市民税　　　（納税義務者数　　6,659社）",0,
総務費,徴税費,賦課徴収費,,,市民税賦課収納事務費,市民税賦課収納事務費,"軽自動車税　　　（賦課台数　　  106,599台）",0,
総務費,徴税費,賦課徴収費,,,市民税賦課収納事務費,市民税賦課収納事務費,"市たばこ税　　　（販売本数　　305,494千本）",0,
総務費,戸籍住民基本台帳費,戸籍住民基,,,給与費,一般職　３９人,,0,285180
総務費,戸籍住民基本台帳費,戸籍住民基,,,給与費,パートタイム会計年度任用職員,（定数）,0,
総務費,戸籍住民基本台帳費,戸籍住民基,,,給与費,パートタイム会計年度任用職員,（定数外）,0,
総務費,戸籍住民基本台帳費,戸籍住民基,,,戸籍住民基本台帳費,戸籍住民基本台帳事務費,"戸籍関係届出等処理　　　　　10,000件",0,
総務費,戸籍住民基本台帳費,戸籍住民基,,,戸籍住民基本台帳費,戸籍住民基本台帳事務費,"住民基本台帳届出等処理　　　52,000件",0,
総務費,戸籍住民基本台帳費,戸籍住民基,,,戸籍住民基本台帳費,戸籍住民基本台帳事務費,会議、研修会出席者負担金,0,14
総務費,戸籍住民基本台帳費,戸籍住民基,,,戸籍住民基本台帳費,個人番号カード交付事業費,"個人番号カード交付　　　　　29,800件",0,
総務費,戸籍住民基本台帳費,戸籍住民基,,,ワンストップ総合窓口事業費,ワンストップ総合窓口事業費,ワンストップ総合窓口システム更新,0,
総務費,選挙費,静岡県議会,,,,,,0,14016
総務費,選挙費,静岡県議会,報酬,,,,,0,300
総務費,選挙費,静岡県議会,職員手当等当,,,,,0,3521
総務費,選挙費,静岡県議会,職員手当等当,時間外勤務手,,,,0,3521
総務費,選挙費,静岡県議会,報償費,,,,,0,654
総務費,選挙費,静岡県議会,旅費,,,,,0,43
総務費,選挙費,静岡県議会,旅費,費用弁償,,,,0,23
総務費,選挙費,静岡県議会,旅費,普通旅費,,,,0,20
総務費,選挙費,静岡県議会,需用費,,,,,0,1654
総務費,選挙費,静岡県議会,需用費,消耗品費,,,,0,1401
総務費,選挙費,静岡県議会,需用費,印刷製本費,,,,0,143
総務費,選挙費,静岡県議会,需用費,修繕料,,,,0,110
総務費,選挙費,静岡県議会,役務費,,,,,0,5790
総務費,選挙費,静岡県議会,役務費,通信運搬費,,,,0,5391
総務費,選挙費,静岡県議会,役務費,手数料,,,,0,399
総務費,選挙費,静岡県議会,委託料,,,,,0,1958
総務費,選挙費,静岡県議会,備品購入費,,,,,0,96
総務費,選挙費,静岡県議会,,,給与費,,,0,3839
総務費,選挙費,静岡県議会,,,給与費,時間外勤務手当,,0,3521
総務費,選挙費,静岡県議会,,,給与費,パートタイム会計年度任用職員,,0,318
総務費,選挙費,静岡県議会,,,給与費,パートタイム会計年度任用職員,（定数外）,0,
総務費,選挙費,静岡県議会,,,投・開票事務経費,,,0,10177
総務費,選挙費,静岡県議会,,,投・開票事務経費,投・開票事務経費,,0,10177
総務費,選挙費,静岡県議会,,,投・開票事務経費,投・開票事務経費,投票所入場券作成・郵送,0,
総務費,選挙費,静岡県議会,,,投・開票事務経費,投・開票事務経費,選挙啓発活動,0,
総務費,選挙費,静岡県議会,,,投・開票事務経費,投・開票事務経費,（選挙概要）,0,
総務費,選挙費,富士市議会,,,,,,0,9933
総務費,選挙費,富士市議会,報償費,,,,,0,605
総務費,選挙費,富士市議会,需用費,,,,,0,3336
総務費,選挙費,富士市議会,需用費,消耗品費,,,,0,935
総務費,選挙費,富士市議会,需用費,印刷製本費,,,,0,2401
総務費,選挙費,富士市議会,役務費,,,,,0,4913
総務費,選挙費,富士市議会,役務費,通信運搬費,,,,0,4913
総務費,選挙費,富士市議会,委託料,,,,,0,1079
総務費,選挙費,富士市議会,,,投・開票事務経費,,,0,9933
総務費,選挙費,富士市議会,,,投・開票事務経費,投・開票事務経費,,0,9933
総務費,選挙費,富士市議会,,,投・開票事務経費,投・開票事務経費,投票所入場券作成・郵送,0,
総務費,選挙費,富士市議会,,,投・開票事務経費,投・開票事務経費,（選挙概要）,0,
総務費,選挙費,富士市議会,,,（廃目）,,,0,
総務費,統計調査費,統計調査総,需用費,食糧費,,,,0,16
総務費,統計調査費,統計調査総,需用費,印刷製本費,,,,0,100
総務費,統計調査費,統計調査総,,,給与費,統計調査員等,,0,8085
総務費,統計調査費,統計調査総,,,給与費,パートタイム会計年度任用職員,（定数外）,0,
総務費,統計調査費,統計調査総,,,各種統計調査費,国統計調査費,経済センサス－活動調査,0,
総務費,統計調査費,統計調査総,,,（廃目）,,,0,
民生費,社会福祉費,社会福祉総,,,給与費,一般職　６１人,,0,510873
民生費,社会福祉費,社会福祉総,,,給与費,フルタイム会計年度任用職員　３人,女性相談支援員　　　　　　　3人,0,
民生費,社会福祉費,社会福祉総,,,給与費,パートタイム会計年度任用職員　（福祉総務）,（定数）,0,
民生費,社会福祉費,社会福祉総,,,給与費,パートタイム会計年度任用職員　（生活支援）,（定数）,0,
民生費,社会福祉費,社会福祉総,,,給与費,パートタイム会計年度任用職員　（生活支援）,（定数外）,0,
民生費,社会福祉費,社会福祉総,,,社会福祉管理費,社会福祉管理事業費,第６次地域福祉計画策定,0,
民生費,社会福祉費,社会福祉総,,,社会福祉管理費,避難行動要支援者支援事業費,避難行動要支援者名簿意向確認事業,0,
民生費,社会福祉費,社会福祉総,,,ユニバーサル就労推進費,ユニバーサル就労推進事業費,就労困難者就労支援,0,
民生費,社会福祉費,社会福祉総,,,ユニバーサル就労推進費,ユニバーサル就労推進事業費,協力企業開拓・支援,0,
民生費,社会福祉費,社会福祉総,,,ユニバーサル就労推進費,ユニバーサル就労推進事業費,ユニバーサル就労周知・啓発,0,
民生費,社会福祉費,社会福祉総,,,ユニバーサル就労推進費,ユニバーサル就労推進事業費,第二次ユニバーサル就労推進,0,
民生費,社会福祉費,社会福祉総,,,女性保護相談費,女性保護相談事業費,困難女性支援及び第四次ＤＶ対策,0,
民生費,社会福祉費,社会福祉総,,,民生委員支援費,民生委員支援事業費,民生委員児童委員　 　 443人,0,
民生費,社会福祉費,社会福祉総,,,遺家族等援護費,遺家族等援護事業費,慰霊碑施設安全点検等,0,
民生費,社会福祉費,国民年金費,職員手当等当,住居手当,,,,0,336
民生費,社会福祉費,国民年金費,,,給与費,パートタイム会計年度任用職員,（定数）,0,
民生費,社会福祉費,国民年金費,,,国民年金事務費,国民年金事務費,"第1号被保険者　　　　　　　 23,471人",0,
民生費,社会福祉費,国民年金費,,,国民年金事務費,国民年金事務費,"保険料免除被保険者　　　　　 9,788人",0,
民生費,老人福祉費,高齢者対策,需用費,印刷製本費,,,,0,136
民生費,老人福祉費,高齢者対策,,,給与費,パートタイム会計年度任用職員,（定数）,0,
民生費,老人福祉費,高齢者対策,,,ひとり暮らし高齢者等生活支援費,高齢者等あんしん生活支援事業費,ふれあいコール　　　　　　 33人,0,
民生費,老人福祉費,高齢者対策,,,敬老事業費,敬老事業費,"敬老祝金　　77歳　　　　3,575人",0,
民生費,老人福祉費,高齢者対策,,,敬老事業費,敬老事業費,"米寿記念品　88歳　　　　1,470人",0,
民生費,老人福祉費,高齢者対策,,,敬老事業費,敬老事業費,長寿祝金　 100歳　　　　  120人,0,
民生費,老人福祉費,要援護高齢,,,給与費,パートタイム会計年度任用職員（高齢者支援）,（定数）,0,
民生費,老人福祉費,要援護高齢,,,給与費,パートタイム会計年度任用職員（国保年金）,（定数）,0,
民生費,老人福祉費,要援護高齢,,,給与費,パートタイム会計年度任用職員（国保年金）,（定数外）,0,
民生費,老人福祉費,要援護高齢,,,老人保護費,老人保護事業費,緊急ショートステイ事業　　 延べ440日,0,
民生費,老人福祉費,要援護高齢,,,高齢者自立生活支援費,ひとり暮らし高齢者等支援事業費,福祉電話設置事業　　　　　　　　33台,0,
民生費,老人福祉費,要援護高齢,,,高齢者自立生活支援費,ひとり暮らし高齢者等支援事業費,大型ごみ戸別収集事業　　　　　 176件,0,
民生費,老人福祉費,要援護高齢,,,高齢者自立生活支援費,要介護高齢者等支援事業費,外出支援サービス事業　　　　　 213人,0,
民生費,老人福祉費,要援護高齢,,,高齢者自立生活支援費,要介護高齢者等支援事業費,訪問理美容サービス事業 　　　　630回,0,
民生費,老人福祉費,要援護高齢,,,高齢者自立生活支援費,要介護高齢者等支援事業費,寝具クリーニングサービス事業　　29回,0,
民生費,老人福祉費,要援護高齢,,,高齢者自立生活支援費,終活支援事業費,,0,8200
民生費,老人福祉費,要援護高齢,,,高齢者自立生活支援費,終活支援事業費,総合相談,0,
民生費,老人福祉費,要援護高齢,,,高齢者自立生活支援費,終活支援事業費,情報事前登録,0,
民生費,老人福祉費,要援護高齢,,,高齢者自立生活支援費,終活支援事業費,葬儀埋葬事前準備支援,0,
民生費,老人福祉費,要援護高齢,,,介護人材確保対策費,介護人材確保対策事業費,通所介護施設共同送迎スキーム研究事業,0,
民生費,老人福祉費,要援護高齢,,,介護人材確保対策費,介護人材確保対策事業費,外国人介護職員のための資格受験対策事業,0,
民生費,老人福祉費,要援護高齢,,,高齢者保健事業・介護予防等一体的実施事業費,高齢者保健事業・介護予防等一体的実施事業費,県保健師会負担金,0,3
民生費,老人福祉費,介護保険費,,,介護保険事業特別会計繰出金,介護保険事業特別会計繰出金,職員給与等分,0,264960
民生費,老人福祉費,介護保険費,,,介護保険事業特別会計繰出金,介護保険事業特別会計繰出金,事務費分,0,111850
民生費,老人福祉費,介護保険費,,,高齢者保健福祉計画等見直し事業費,高齢者保健福祉計画等見直し事業費,計画策定,0,
民生費,児童福祉費,子ども子育,,,給与費,一般職　３２人,,0,273977
民生費,児童福祉費,子ども子育,,,給与費,パートタイム会計年度任用職員,（定数）,0,
民生費,児童福祉費,子ども子育,,,給与費,パートタイム会計年度任用職員,（定数外）,0,
民生費,児童福祉費,子ども子育,,,子どもの権利推進費,子どもの権利推進事業費,市制60周年記念,0,
民生費,児童福祉費,子ども子育,,,少子化対策推進費,ファミリーサポートセンター事業費,ﾌｧﾐﾘｰｻﾎﾟｰﾄｾﾝﾀｰ提供会員活動助成金,0,2708
民生費,児童福祉費,子ども子育,,,放課後児童健全育成費,放課後児童クラブ運営管理費,"49クラブ、3,112人",0,
民生費,児童福祉費,こども家庭,,,給与費,フルタイム会計年度任用職員　２人,家庭相談員　　　　　　　　　2人,0,
民生費,児童福祉費,こども家庭,,,給与費,パートタイム会計年度任用職員,（定数）,0,
民生費,児童福祉費,こども家庭,,,給与費,パートタイム会計年度任用職員,（定数外）,0,
民生費,児童福祉費,こども家庭,,,こども家庭支援費,こども家庭管理事業費,（市民協働事業提案制度）,0,
民生費,児童福祉費,こども家庭,,,こども家庭支援費,児童虐待防止事業費,要保護児童対策地域協議会,0,
民生費,児童福祉費,こども家庭,,,こども家庭支援費,はぐくむＦＵＪＩ出産特別お祝い金給付費,,0,151736
民生費,児童福祉費,こども家庭,,,こども家庭支援費,はぐくむＦＵＪＩ出産特別お祝い金給付費,はぐくむＦＵＪＩ出産特別お祝い金,0,151700
民生費,児童福祉費,ひとり親家,,,ひとり親家庭等支援費,母子生活支援施設等措置事業費,母子生活支援施設措置費　　　　　　　 2世帯,0,
民生費,児童福祉費,ひとり親家,,,ひとり親家庭等給付費,ひとり親家庭自立支援給付金事業費,自立支援教育訓練給付金　　　　　　　　10人,0,
民生費,児童福祉費,ひとり親家,,,ひとり親家庭等医療費,ひとり親家庭等医療事務費,"医療費請求事務　　　　　　　　　　22,261件",0,
民生費,児童福祉費,ひとり親家,,,ひとり親家庭等医療費,ひとり親家庭等医療助成費,"入院　121件　　通院　29,044件",0,
民生費,児童福祉費,児童手当費,,,給与費,パートタイム会計年度任用職員,（定数）,0,
民生費,児童福祉費,児童手当費,,,給与費,パートタイム会計年度任用職員,（定数外）,0,
民生費,児童福祉費,児童手当費,,,児童手当費,児童手当扶助費,"0～3歳未満　　　　　　　　　　　　43,788人",0,
民生費,児童福祉費,児童手当費,,,児童手当費,児童手当扶助費,"小学校修了前　　　　　　　　　　 191,436人",0,
民生費,児童福祉費,児童手当費,,,児童手当費,児童手当扶助費,"中学生　　　　　　　　　　　　　　73,152人",0,
民生費,児童福祉費,児童手当費,,,児童手当費,児童手当扶助費,"18歳年度末まで　　　　　　　　　　75,660人",0,
民生費,児童福祉費,児童扶養手,,,給与費,パートタイム会計年度任用職員,（定数）,0,
民生費,児童福祉費,児童扶養手,,,給与費,パートタイム会計年度任用職員,（定数外）,0,
民生費,児童福祉費,児童扶養手,,,児童扶養手当費,児童扶養手当扶助費,"母子・父子・養育者家庭　　　       1,719人",0,
民生費,児童福祉費,こども医療,,,給与費,パートタイム会計年度任用職員,（定数）,0,
民生費,児童福祉費,こども医療,,,こども医療費,こども医療事務費,"医療費請求事務　　　　　　　　　 543,255件",0,
民生費,児童福祉費,こども医療,,,こども医療費,こども医療助成費,通院時自己負担金無償化（10月診療分から）,0,
民生費,児童福祉費,こども医療,,,こども医療費,こども医療助成費,"小学校就学前の入院　　　　　　　　 1,140件",0,
民生費,児童福祉費,こども医療,,,こども医療費,こども医療助成費,小中学生の入院　　　　　　　　　　　 525件,0,
民生費,児童福祉費,こども医療,,,こども医療費,こども医療助成費,16～18歳の入院　　　　　　　　　　　 247件,0,
民生費,児童福祉費,こども医療,,,こども医療費,こども医療助成費,"0歳児の通院　　　　　　　　　　　 22,701件",0,
民生費,児童福祉費,こども医療,,,こども医療費,こども医療助成費,"1歳以上小学校就学前の通院　　　　169,827件",0,
民生費,児童福祉費,こども医療,,,こども医療費,こども医療助成費,"小中学生の通院　　　　　　　　　 268,925件",0,
民生費,児童福祉費,こども医療,,,こども医療費,こども医療助成費,"16～18歳の通院　　　　　　　　　　79,890件",0,
民生費,児童福祉費,こども医療,,,こども医療費,こども医療助成費,"養育育成の入・通院　　　　　　　　 2,063件",0,
民生費,児童福祉費,こども医療,,,こども医療費,こども医療助成費,低所得世帯自己負担金償還（9月診療分まで）,0,
民生費,児童福祉費,こども医療,,,未熟児医療費,未熟児養育医療事業費,支給対象者数　　　　　　　　　　　　　33人,0,
民生費,児童福祉費,こども医療,,,未熟児医療費,未熟児養育医療事業費,支給件数　　　　　　　　　 　　　　　104件,0,
民生費,児童福祉費,保育園費,,,給与費,嘱託医　１８人,,0,3029
民生費,児童福祉費,保育園費,,,給与費,一般職　２２８人,,0,1698029
民生費,児童福祉費,保育園費,,,給与費,パートタイム会計年度任用職員,（定数）,0,
民生費,児童福祉費,保育園費,,,給与費,パートタイム会計年度任用職員,（定数外）,0,
民生費,児童福祉費,保育園費,,,保育園等運営管理費,保育園等運営管理事業費,"公立保育園　　　 　 　　11園 　定員　1,030人",0,
民生費,児童福祉費,保育園費,,,保育園等運営管理費,保育園等運営管理事業費,公立認定こども園　　 　  2園　 定員　　240人,0,
民生費,児童福祉費,保育園費,,,保育園等運営管理費,保育園等運営管理事業費,公立小規模保育事業所　 3施設　 定員　 　41人,0,
民生費,児童福祉費,保育園費,,,保育園等運営管理費,保育園等運営管理事業費,公立教育・保育施設持続可能性確保計画策定,0,
民生費,児童福祉費,保育園費,,,保育園等運営管理費,保育園等運営管理事業費,ふもと保育士会負担金,0,26
民生費,児童福祉費,保育園費,,,保育園等運営管理費,保育園等運営管理事業費,県給食協会負担金,0,12
民生費,児童福祉費,保育園費,,,保育園等運営管理費,保育園等運営管理事業費,県栄養士会負担金,0,8
民生費,児童福祉費,保育園費,,,保育園等運営管理費,保育園等運営管理事業費,県東部市町保育所栄養士研究会負担金,0,2
民生費,児童福祉費,保育園費,,,保育園等運営管理費,各保育園等運営費,保育園11園・認定こども園2園・,0,
民生費,児童福祉費,保育園費,,,保育園等運営管理費,保育士等研修事業費,小学校接続事業,0,
民生費,児童福祉費,保育園費,,,保育園等運営管理費,保育士等研修事業費,特別支援対応研修事業,0,
民生費,児童福祉費,保育園費,,,保育園等施設管理費,保育園等維持補修事業費,民間移管園施設改修（なかじま保育園、鷹岡保育園）,0,
民生費,児童福祉費,保育園費,,,保育園等施設管理費,保育園等維持補修事業費,長寿命化施設改修（南保育園）,0,
民生費,児童福祉費,保育園費,,,保育園等施設管理費,保育園等維持補修事業費,空調設備設置・改修（保育園5園）,0,
民生費,児童福祉費,保育園振興,,,私立保育園等振興費,地域型保育給付費,家庭的保育事業,0,
民生費,児童福祉費,保育園振興,,,私立保育園等振興費,地域型保育給付費,事業所内保育事業所　 3施設,0,
民生費,児童福祉費,保育園振興,,,私立保育園等振興費,保育対策等促進事業費,給付費等請求管理システム運用,0,
民生費,児童福祉費,保育園振興,,,私立保育園等振興費,保育対策等促進事業費,保育所等業務効率化推進事業費補助金,0,1650
民生費,児童福祉費,保育園振興,,,私立保育園等振興費,多様な保育推進事業費,調理員加配事業費補助金,0,4536
民生費,児童福祉費,保育園振興,,,私立保育園等振興費,乳児等支援給付費,,0,2173
民生費,児童福祉費,保育園振興,,,私立保育園等振興費,乳児等支援給付費,乳児等通園支援事業（こども誰でも通園制度）,0,
民生費,障害者福祉費,障害者福祉,,,給与費,パートタイム会計年度任用職員,（定数）,0,
民生費,障害者福祉費,障害者医療,,,重度心身障害児（者）医療費,重度心身障害児（者）医療事務費,"事務取扱　　　　　　　　　　　　 117,052件",0,
民生費,障害者福祉費,障害者医療,,,重度心身障害児（者）医療費,重度心身障害児（者）医療等扶助費,"県補助事業　　　　　　　　　　　 109,773件",0,
民生費,障害者福祉費,障害者医療,,,重度心身障害児（者）医療費,重度心身障害児（者）医療等扶助費,"市単独事業　　　　　　　　　　　　 7,279件",0,
民生費,障害者福祉費,障害者医療,,,特別障害者手当等給付費,特別障害者手当等扶助費,特別障害者手当　　　　　　　　　　　 292人,0,
民生費,障害者福祉費,障害者医療,,,精神障害者医療費,精神障害者医療扶助費,"対象件数　　　　　　　　　　　　　 1,197件",0,
民生費,障害者福祉費,障害者医療,,,重度心身障害児等福祉手当費,重度心身障害児等福祉手当費,重度心身障害児　　　　　　　　　　　　54人,0,
民生費,障害者福祉費,障害者自立,,,給与費,パートタイム会計年度任用職員,（定数）,0,
民生費,障害者福祉費,障害者自立,,,給与費,パートタイム会計年度任用職員,（定数外）,0,
民生費,障害者福祉費,障害者自立,,,認定等審査会費,障害支援区分認定事務費,主治医意見書　　　　　　　　 　　　　540件,0,
民生費,障害者福祉費,障害者自立,,,自立支援事業費,総合支援法施行事務費,"国保連審査支払件数　　　　　　 3,000件／月",0,
民生費,障害者福祉費,障害者自立,,,介護給付費,在宅支援事業費,居宅介護（身体介護・家事援助等）　　 277人,0,
民生費,障害者福祉費,障害者自立,,,介護給付費,在宅支援事業費,重度訪問介護　　　　　　　　　　　　　22人,0,
民生費,障害者福祉費,障害者自立,,,介護給付費,在宅支援事業費,同行援護　　　　　　　　　　　　　　　51人,0,
民生費,障害者福祉費,障害者自立,,,介護給付費,在宅支援事業費,療養介護　　　　　　　　　　　　　　　26人,0,
民生費,障害者福祉費,障害者自立,,,介護給付費,在宅支援事業費,生活介護　　　　　　　　　　　　　　 547人,0,
民生費,障害者福祉費,障害者自立,,,介護給付費,在宅支援事業費,短期入所　　　　　　　　　　　　　　 135人,0,
民生費,障害者福祉費,障害者自立,,,介護給付費,施設支援事業費,施設入所支援　　　　　　　　　　　　 218人,0,
民生費,障害者福祉費,障害者自立,,,介護給付費,施設支援事業費,特定障害者特別給付（施設入所）　　　 217人,0,
民生費,障害者福祉費,障害者自立,,,訓練等給付費,訓練等事業費,就労移行支援　　　　　　　　　　　　　85人,0,
民生費,障害者福祉費,障害者自立,,,訓練等給付費,訓練等事業費,就労継続支援Ａ型　　　　　　　　　　 155人,0,
民生費,障害者福祉費,障害者自立,,,訓練等給付費,訓練等事業費,就労継続支援Ｂ型　　　　　　　　　　 894人,0,
民生費,障害者福祉費,障害者自立,,,訓練等給付費,訓練等事業費,就労定着支援　　　　　　　　　　　　　37人,0,
民生費,障害者福祉費,障害者自立,,,訓練等給付費,訓練等事業費,就労選択支援　　　　　　　　　 　　 　17人,0,
民生費,障害者福祉費,障害者自立,,,訓練等給付費,訓練等事業費,共同生活援助（グループホーム）　　　 357人,0,
民生費,障害者福祉費,障害者自立,,,訓練等給付費,訓練等事業費,過年度分国庫・県負担金返還金,0,
民生費,障害者福祉費,障害者自立,,,障害児通所給付費,障害児通所事業費,"国保連審査支払件数　　　　　　 1,450件／月",0,
民生費,障害者福祉費,障害者自立,,,障害児通所給付費,障害児通所事業費,児童発達支援　　　　　　　　　　　　 225人,0,
民生費,障害者福祉費,障害者自立,,,障害児通所給付費,障害児通所事業費,"放課後等デイサービス　　　　　　　 1,092人",0,
民生費,障害者福祉費,障害者自立,,,自立支援医療費,更生医療費,"対象件数　　　　　　　　　　　　　 2,035件",0,
民生費,障害者福祉費,障害者自立,,,補装具費,補装具給付費,補装具　交付･修理･貸与　　　　　　　 365件,0,
民生費,障害者福祉費,障害者自立,,,地域生活支援費,相談支援等事業費,障害者相談支援事業　　　　　　 　　6事業所,0,
民生費,障害者福祉費,障害者自立,,,地域生活支援費,相談支援等事業費,地域生活支援拠点等コーディネート事業,0,
民生費,障害者福祉費,障害者自立,,,地域生活支援費,地域生活支援事業費,訪問入浴　　　　　　　　　　　　　　　12人,0,
民生費,障害者福祉費,障害者自立,,,地域生活支援費,地域生活支援事業費,"地域活動支援ｾﾝﾀｰ　　14事業所　延べ14,940人",0,
民生費,障害者福祉費,障害者自立,,,地域生活支援費,地域生活支援事業費,"日中一時支援　　　　　　　　　　 　3,384件",0,
民生費,障害者福祉費,障害者自立,,,地域生活支援費,地域生活支援事業費,居室確保事業　　　　　　　　　　　　　28日,0,
民生費,障害者福祉費,障害者自立,,,地域生活支援費,社会参加促進支援事業費,障害者移動支援　　　　　　　　　　　　88人,0,
民生費,障害者福祉費,障害者自立,,,地域生活支援費,社会参加促進支援事業費,奉仕員等養成事業　　　　　　　　　　 2事業,0,
民生費,障害者福祉費,障害者自立,,,地域生活支援費,日常生活用具給付事業費,"日常生活用具給付件数　　　　　　　 5,578件",0,
民生費,障害者福祉費,障害者援護,,,障害者援護活動費,援護活動事業費,県精神保健福祉士協会負担金,0,4
民生費,障害者福祉費,障害者援護,,,障害者援護活動費,障害者相談員事業費,身体障害者相談員　　　　　　　　　　　10人,0,
民生費,障害者福祉費,障害者援護,,,障害者援護活動費,障害者相談員事業費,知的障害者相談員　　　　　　　　　　　16人,0,
民生費,障害者福祉費,障害者援護,,,障害者援護活動費,地域生活安全事業費,緊急通報システム　　　　　　　　　　 4世帯,0,
民生費,障害者福祉費,障害者援護,,,障害者援護活動費,地域生活安全事業費,重度身体障害児（者）紙おむつ支給　　 250人,0,
民生費,障害者福祉費,障害者援護,,,障害者援護活動費,地域生活安全事業費,重度障害者タクシー利用助成　　　 330件／月,0,
民生費,障害者福祉費,障害者援護,,,障害者援護活動費,地域生活安全事業費,障害者配食サービス事業　　　　　　　　22人,0,
民生費,障害者福祉費,障害児入所,,,給与費,フルタイム会計年度任用職員　１１人,指導員　 11人,0,
民生費,障害者福祉費,障害児入所,,,給与費,パートタイム会計年度任用職員,（定数）,0,
民生費,障害者福祉費,障害児入所,,,給与費,パートタイム会計年度任用職員,（定数外）,0,
民生費,障害者福祉費,障害児入所,,,ふじやま学園管理費,ふじやま学園施設管理事業費,食堂等空調設備改修,0,
民生費,障害者福祉費,障害児入所,,,ふじやま学園管理費,ふじやま学園給食事業費,県給食協会負担金,0,12
民生費,障害者福祉費,障害児入所,,,ふじやま学園管理費,ふじやま学園給食事業費,県栄養士会負担金,0,8
民生費,障害者福祉費,こども発達,工事請負費,,,,,0,34108
民生費,障害者福祉費,こども発達,,,給与費,パートタイム会計年度任用職員,(定数),0,
民生費,障害者福祉費,こども発達,,,こども発達センター管理費,こども発達センター施設管理事業費,昇降機更新,0,
民生費,障害者福祉費,こども発達,,,こども発達支援事業費,発達相談事業費,発達相談・地域支援,0,
民生費,障害者福祉費,こども発達,,,こども発達支援事業費,発達相談事業費,日本言語聴覚士協会負担金,0,10
民生費,障害者福祉費,こども発達,,,こども発達支援事業費,発達相談事業費,日本公認心理士協会負担金,0,15
民生費,障害者福祉費,こども発達,,,こども発達支援事業費,発達相談事業費,県保健師会負担金,0,3
民生費,障害者福祉費,こども発達,,,こども発達支援事業費,早期発達支援事業費,早期発達支援・医療相談・保健相談,0,
民生費,障害者福祉費,こども発達,,,みはら園管理費,みはら園運営管理事業費,対象者　就学前の幼児,0,
民生費,障害者福祉費,こども発達,,,みはら園管理費,みはら園運営管理事業費,通園児生活支援,0,
民生費,障害者福祉費,こども発達,,,みはら園管理費,みはら園運営管理事業費,家族支援・地域連携,0,
民生費,障害者福祉費,こども発達,,,みはら園管理費,みはら園運営管理事業費,通所支援システム導入,0,
民生費,障害者福祉費,こども発達,,,みはら園管理費,みはら園運営管理事業費,東部児童福祉施設長連絡会負担金,0,12
民生費,障害者福祉費,こども発達,,,みはら園管理費,みはら園運営管理事業費,富士圏域社会福祉施設長会負担金,0,5
民生費,障害者福祉費,こども発達,,,みはら園管理費,みはら園給食事業費,給食管理,0,
民生費,生活保護費,生活保護総,,,給与費,一般職　２８人,,0,228577
民生費,生活保護費,生活保護総,,,給与費,パートタイム会計年度任用職員,（定数）,0,
民生費,生活保護費,生活保護総,,,生活保護運営対策費,生活保護運営対策事業費,最高裁判決を踏まえた追加給付金対応,0,
民生費,生活保護費,生活保護総,,,生活保護運営対策費,社会福祉統計調査事業費,国民生活基礎調査　　　　　　　　　 5調査区,0,
民生費,生活保護費,扶助費,,,各種扶助費,生活保護扶助費,"生活扶助費　　　　　　　　　　 1,810人／月",0,
民生費,生活保護費,扶助費,,,各種扶助費,生活保護扶助費,生活扶助費（追加給付）　　　　 600世帯／年,0,
民生費,生活保護費,扶助費,,,各種扶助費,生活保護扶助費,"住宅扶助費　　　　　　　　　 1,500世帯／月",0,
民生費,生活保護費,扶助費,,,各種扶助費,生活保護扶助費,教育扶助費　　　　　　　　 　　　115人／月,0,
民生費,生活保護費,扶助費,,,各種扶助費,生活保護扶助費,介護扶助費　　　　　　　　　　　 480人／月,0,
民生費,生活保護費,扶助費,,,各種扶助費,生活保護扶助費,"医療扶助費　　　　　　　　　　 1,750人／月",0,
民生費,生活保護費,扶助費,,,各種扶助費,生活保護扶助費,葬祭扶助費　　　　　　　　　　　　40件／年,0,
民生費,生活保護費,扶助費,,,各種扶助費,生活保護扶助費,施設事務費　　　　　　　　　　　　28人／月,0,
民生費,生活保護費,扶助費,,,各種扶助費,生活保護扶助費,委託事務費　　　　　　　　　　　　 2人／月,0,
民生費,生活保護費,扶助費,,,各種扶助費,生活保護扶助費,就労自立給付金　　　　　　　　　　27件／年,0,
民生費,生活保護費,扶助費,,,各種扶助費,生活保護扶助費,進学・就職準備給付金　　　　　　　11件／年,0,
民生費,生活保護費,扶助費,,,各種扶助費,中国残留邦人生活支援給付費,生活支援給付費　　　　　　　　 　4世帯／月,0,
民生費,生活保護費,扶助費,,,各種扶助費,中国残留邦人生活支援給付費,生活支援給付費（追加給付）　   　5世帯／年,0,
民生費,生活保護費,扶助費,,,各種扶助費,中国残留邦人生活支援給付費,住宅支援給付費　　　　　　　　 　3世帯／月,0,
民生費,生活保護費,扶助費,,,各種扶助費,中国残留邦人生活支援給付費,医療支援給付費　　　　　　　　 　　4人／月,0,
民生費,生活保護費,扶助費,,,各種扶助費,中国残留邦人生活支援給付費,介護支援給付費　　　　　　　 　　　2人／月,0,
民生費,生活保護費,扶助費,,,各種扶助費,中国残留邦人生活支援給付費,配偶者支援給付金　　　　　　　　 　2人／月,0,
衛生費,保健衛生費,保健衛生総,備品購入費,,,,,0,2312
衛生費,保健衛生費,保健衛生総,,,給与費,一般職　５７人,,0,436533
衛生費,保健衛生費,保健衛生総,,,給与費,パートタイム会計年度任用職員　（保健医療）,（定数）,0,
衛生費,保健衛生費,保健衛生総,,,給与費,パートタイム会計年度任用職員　（地域保健）,（定数）,0,
衛生費,保健衛生費,保健衛生総,,,保健衛生管理費,災害時医療対策事業費,歯牙鑑定用資機材整備,0,
衛生費,保健衛生費,保健衛生総,,,救急医療管理費,救急医療推進事業費,一次救急医療（平日昼間、朝・夕）,0,
衛生費,保健衛生費,保健衛生総,,,（内科・外科）,ＡＥＤ配備　　 175台,,0,
衛生費,保健衛生費,予防接種費,補償、補塡及び賠償金塡金,,,,,0,1500
衛生費,保健衛生費,予防接種費,補償、補塡及び賠償金塡金,補償金及び補,,,,0,1500
衛生費,保健衛生費,予防接種費,,,給与費,パートタイム会計年度任用職員,（定数）,0,
衛生費,保健衛生費,予防接種費,,,給与費,パートタイム会計年度任用職員,（定数外）,0,
衛生費,保健衛生費,予防接種費,,,予防接種費,こども定期予防接種事業費,"ＢＣＧ（乳児）　　　　　　　 1,300人",0,
衛生費,保健衛生費,予防接種費,,,予防接種費,こども定期予防接種事業費,"５種混合（乳幼児）　　　 延べ5,320人",0,
衛生費,保健衛生費,予防接種費,,,予防接種費,こども定期予防接種事業費,"２種混合（小学生）　　　 　　1,950人",0,
衛生費,保健衛生費,予防接種費,,,予防接種費,こども定期予防接種事業費,"ＭＲ第１期　　　　　　　　　 1,400人",0,
衛生費,保健衛生費,予防接種費,,,予防接種費,こども定期予防接種事業費,"ＭＲ第２期　　　　　　　　　 1,750人",0,
衛生費,保健衛生費,予防接種費,,,予防接種費,こども定期予防接種事業費,"日本脳炎（乳幼児）　　　 延べ6,900人",0,
衛生費,保健衛生費,予防接種費,,,予防接種費,こども定期予防接種事業費,"日本脳炎（小学生）　　　　　 2,200人",0,
衛生費,保健衛生費,予防接種費,,,予防接種費,こども定期予防接種事業費,"小児用肺炎球菌　　　　　 延べ5,200人",0,
衛生費,保健衛生費,予防接種費,,,予防接種費,こども定期予防接種事業費,"子宮頸がん予防　　　　　 延べ1,600人",0,
衛生費,保健衛生費,予防接種費,,,予防接種費,こども定期予防接種事業費,"水痘（幼児）　　　　　　 延べ2,600人",0,
衛生費,保健衛生費,予防接種費,,,予防接種費,こども定期予防接種事業費,"Ｂ型肝炎（乳児）　　　　 延べ3,700人",0,
衛生費,保健衛生費,予防接種費,,,予防接種費,こども定期予防接種事業費,"ロタウイルス　　　　　　 延べ3,500人",0,
衛生費,保健衛生費,予防接種費,,,予防接種費,こども定期予防接種事業費,"ＲＳウイルス（母子免疫）　 　1,215人",0,
衛生費,保健衛生費,予防接種費,,,予防接種費,こども定期予防接種事業費,こども定期予防接種費補助金 延べ161人,0,2454
衛生費,保健衛生費,予防接種費,,,予防接種費,高齢者等定期予防接種事業費,"インフルエンザ（高齢者）　　37,400人",0,
衛生費,保健衛生費,予防接種費,,,予防接種費,高齢者等定期予防接種事業費,"新型コロナ（高齢者）　　　　 8,100人",0,
衛生費,保健衛生費,予防接種費,,,予防接種費,高齢者等定期予防接種事業費,"帯状疱疹（高齢者）　　　 延べ8,900人",0,
衛生費,保健衛生費,予防接種費,,,予防接種費,高齢者等定期予防接種事業費,高齢者定期予防接種費補助金　延べ16人,0,199
衛生費,保健衛生費,予防接種費,,,予防接種費,その他予防接種事業費,風しん・ＭＲ　　　　　　　　　 260人,0,
衛生費,保健衛生費,予防接種費,,,予防接種費,その他予防接種事業費,"おたふくかぜ　　　　　　　　 1,800人",0,
衛生費,保健衛生費,予防接種費,,,予防接種費,その他予防接種事業費,予防接種健康被害補償金,0,
衛生費,保健衛生費,動物愛護管,,,給与費,パートタイム会計年度任用職員,（定数）,0,
衛生費,保健衛生費,動物愛護管,,,動物愛護管理費,動物愛護管理費,ペット同行避難啓発,0,
衛生費,保健衛生費,動物愛護管,,,動物愛護管理費,動物愛護管理費,動物愛護事業補助金　　　　　　 5団体,0,700
衛生費,保健衛生費,保健活動費,,,給与費,パートタイム会計年度任用職員　（健康政策）,（定数）,0,
衛生費,保健衛生費,保健活動費,,,給与費,パートタイム会計年度任用職員　（地域保健）,（定数外）,0,
衛生費,保健衛生費,保健活動費,,,健康教育・相談費,健康相談事業費,災害時健康相談用資材,0,
衛生費,保健衛生費,保健活動費,,,健康教育・相談費,自殺予防対策事業費,新睡眠キャンペーン啓発,0,
衛生費,保健衛生費,保健活動費,,,健康診査費,健康診査事業費,生活保護受給者等健康診査　　　 132人,0,
衛生費,保健衛生費,保健活動費,,,健康診査費,健康診査事業費,"肝炎ウイルス検診　　　　　　 1,350人",0,
衛生費,保健衛生費,保健活動費,,,健康診査費,がん検診事業費,胃がんリスク検診　　　　　　 　645人,0,
衛生費,保健衛生費,保健活動費,,,健康診査費,がん検診事業費,胃部エックス線検診　　　　　   900人,0,
衛生費,保健衛生費,保健活動費,,,健康診査費,がん検診事業費,"胃内視鏡検診　　　　　　　 　2,500人",0,
衛生費,保健衛生費,保健活動費,,,健康診査費,がん検診事業費,"肺がん検診　　　　　　　　　 7,723人",0,
衛生費,保健衛生費,保健活動費,,,健康診査費,がん検診事業費,"大腸がん検診　　　　　　　　13,435人",0,
衛生費,保健衛生費,保健活動費,,,健康診査費,がん検診事業費,"前立腺がん検診　　　　　　　 2,350人",0,
衛生費,保健衛生費,保健活動費,,,健康診査費,女性特有のがん検診事業費,"子宮がん検診　　　　　　　　 9,785人",0,
衛生費,保健衛生費,保健活動費,,,健康診査費,女性特有のがん検診事業費,ＨＰＶ検査　　　　　　　　　　 930人,0,
衛生費,保健衛生費,保健活動費,,,健康診査費,女性特有のがん検診事業費,"乳がん検診　　　　　　　　　 5,700人",0,
衛生費,保健衛生費,保健活動費,,,母子保健費,妊産婦保健事業費,お母さんお父さん教室　　　　　　24回,0,
衛生費,保健衛生費,保健活動費,,,母子保健費,妊産婦保健事業費,子育て交流会,0,
衛生費,保健衛生費,保健活動費,,,母子保健費,妊産婦保健事業費,プレコンセプションケア健康診査 162人,0,
衛生費,保健衛生費,保健活動費,,,母子保健費,妊産婦保健事業費,一般不妊治療費補助金　　　　 　 64人,0,3107
衛生費,保健衛生費,保健活動費,,,母子保健費,妊産婦保健事業費,生殖補助医療費補助金　　　　　 245人,0,51889
衛生費,保健衛生費,保健活動費,,,母子保健費,妊産婦保健事業費,不育治療費補助金　　　　　　　　 7人,0,178
衛生費,保健衛生費,保健活動費,,,母子保健費,妊産婦支援事業費,"母子健康手帳交付　　　　　 　1,350人",0,
衛生費,保健衛生費,保健活動費,,,母子保健費,妊産婦支援事業費,多胎妊婦健康診査　5回　　　　 　 2人,0,
衛生費,保健衛生費,保健活動費,,,母子保健費,妊産婦支援事業費,妊婦歯科健康診査　1回　　　　　650人,0,
衛生費,保健衛生費,保健活動費,,,母子保健費,妊産婦支援事業費,"産婦健康診査　　　2回　　　　1,200人",0,
衛生費,保健衛生費,保健活動費,,,母子保健費,妊産婦支援事業費,"新生児聴覚スクリーニング検査 1,150人",0,
衛生費,保健衛生費,保健活動費,,,母子保健費,妊産婦支援事業費,産後ケア事業初回無料チケット　 306人,0,
衛生費,保健衛生費,保健活動費,,,母子保健費,妊産婦支援事業費,産前産後サポート事業　　5か所　204回,0,
衛生費,保健衛生費,保健活動費,,,母子保健費,妊産婦支援事業費,特定妊婦等交通費支援事業　　　　 5人,0,
衛生費,保健衛生費,保健活動費,,,母子保健費,思春期保健事業費,会議、研修会出席者負担金,0,37
衛生費,保健衛生費,保健活動費,,,母子保健費,乳幼児健康診査事業費,"1か月児健康診査　　　　　　　1,300人",0,
衛生費,保健衛生費,保健活動費,,,母子保健費,乳幼児健康診査事業費,"4か月児・10か月児健康診査　　2,530人",0,
衛生費,保健衛生費,保健活動費,,,母子保健費,乳幼児健康診査事業費,1歳6か月児健康診査　　　　 　 　32回,0,
衛生費,保健衛生費,保健活動費,,,母子保健費,乳幼児健康診査事業費,3歳児健康診査　　　　　　　　　 35回,0,
衛生費,保健衛生費,保健活動費,,,母子保健費,乳幼児健康診査事業費,5歳児健康診査　　　　　　　　　 40回,0,
衛生費,保健衛生費,保健活動費,,,母子保健費,乳幼児健康診査事業費,健診事後おやこ相談　　　　　　　40回,0,
衛生費,保健衛生費,保健活動費,,,母子保健費,乳幼児健康診査事業費,乳児健康診査費補助金　　　　　　60人,0,387
衛生費,保健衛生費,保健活動費,,,母子保健費,乳幼児保健事業費,6か月児すくすく赤ちゃん講座　　 24回,0,
衛生費,保健衛生費,保健活動費,,,母子保健費,母子歯科保健事業費,フッ化物塗布　　　　　　　　　 107回,0,
衛生費,保健衛生費,保健活動費,,,結核健康診断費,結核健康診断事業費,"胸部エックス線検査　　　　　 5,700人",0,
衛生費,保健衛生費,健康ふじ,需用費,燃料費,,,,0,11
衛生費,保健衛生費,健康ふじ,,,食育推進費,食育推進事業費,（吉永地区、原田地区）,0,
衛生費,保健衛生費,健康ふじ,,,食育推進費,食育推進事業費,（吉永第一・原田小学校、吉原第三中学校）,0,
衛生費,保健衛生費,環境衛生費,役務費,,,,,0,16
衛生費,保健衛生費,環境衛生費,役務費,通信運搬費,,,,0,16
衛生費,保健衛生費,環境衛生費,,,給与費,パートタイム会計年度任用職員,（定数）,0,
衛生費,保健衛生費,環境衛生費,,,簡易水道対策費,簡易水道統合推進事業費,簡易水道データ入力業務負担金,0,6479
衛生費,保健衛生費,環境衛生費,,,簡易水道対策費,簡易水道統合推進事業費,配水施設監視装置設置等負担金,0,64735
衛生費,保健衛生費,環境衛生費,,,簡易水道対策費,簡易水道統合推進事業費,簡易水道料金徴収業務準備負担金,0,4475
衛生費,保健衛生費,森林墓園費,,,給与費,パートタイム会計年度任用職員,（定数）,0,
衛生費,保健衛生費,森林墓園費,,,給与費,パートタイム会計年度任用職員,（定数外）,0,
衛生費,保健衛生費,斎場費,役務費,手数料,,,,0,33
衛生費,保健衛生費,斎場費,工事請負費,,,,,0,734
衛生費,保健衛生費,斎場費,備品購入費,,,,,0,1078
衛生費,保健衛生費,斎場費,,,給与費,パートタイム会計年度任用職員,（定数）,0,
衛生費,保健衛生費,斎場費,,,給与費,パートタイム会計年度任用職員,（定数外）,0,
衛生費,保健衛生費,斎場費,,,斎場運営費,斎場運営管理費,授乳室・キッズコーナー整備,0,
衛生費,保健衛生費,フィランセ,備品購入費,,,,,0,248
衛生費,保健衛生費,フィランセ,,,給与費,パートタイム会計年度任用職員,（定数）,0,
衛生費,保健衛生費,看護専門学,,,給与費,パートタイム会計年度任用職員,（定数）,0,
衛生費,保健衛生費,看護専門学,,,給与費,パートタイム会計年度任用職員,（定数外）,0,
衛生費,保健衛生費,看護専門学,,,看護専門学校管理費,看護専門学校教育事業費,教務主任養成講習会受講者負担金,0,273
衛生費,保健衛生費,看護専門学,,,看護専門学校管理費,看護専門学校運営管理費,（電子教科書、電子黒板、,0,
衛生費,清掃費,清掃総務費,,,ごみ処理計画推進費,ごみ処理計画推進事業費,（市民協働事業提案制度）,0,
衛生費,清掃費,清掃総務費,,,ごみ処理計画推進費,ごみ減量化推進事業費,ごみ減量化につながる暮らし講座開催,0,
衛生費,清掃費,塵芥処理費,工事請負費,,,,,0,1098
衛生費,清掃費,塵芥処理費,,,給与費,パートタイム会計年度任用職員,（定数）,0,
衛生費,清掃費,塵芥処理費,,,給与費,パートタイム会計年度任用職員,（定数外）,0,
衛生費,清掃費,塵芥処理費,,,新環境クリーンセンター管理費,新環境クリーンセンター焼却残渣資源化事業費,"焼却残渣資源化量　　　　　　　 5,690ｔ",0,
衛生費,清掃費,塵芥処理費,,,収集管理費,収集管理費,災害廃棄物仮置場設営訓練（集積物運搬）,0,
衛生費,清掃費,塵芥処理費,,,車両管理費,車両管理費,塵芥車 　 　　  　　　　　　　　　11台,0,
衛生費,清掃費,塵芥処理費,,,車両管理費,車両管理費,連絡車 　 　　  　　　 　　　　　　3台,0,
衛生費,清掃費,塵芥処理費,,,車両管理費,車両管理費,その他 　 　　  　　　　　　　　　12台,0,
衛生費,清掃費,生活排水処,旅費,特別旅費,,,,0,16
衛生費,清掃費,生活排水処,,,給与費,パートタイム会計年度任用職員,（定数）,0,
衛生費,清掃費,生活排水処,,,クリーンセンターききょう運営費,クリーンセンターききょう運営管理事業費,下水道共同化発注支援,0,
衛生費,清掃費,生活排水処,,,クリーンセンターききょう運営費,クリーンセンターききょう運営管理事業費,クリーンセンターききょう太陽光発電,0,23500
衛生費,清掃費,生活排水処,,,クリーンセンターききょう運営費,クリーンセンターききょう運営管理事業費,会議、研修会出席者負担金,0,21
衛生費,清掃費,生活排水処,,,浄化槽対策費,浄化槽対策事務費,総合管理システム更新,0,
衛生費,清掃費,生活排水処,,,浄化槽対策費,浄化槽対策事務費,上下水道部専用封筒作成負担金,0,18
衛生費,清掃費,生活排水処,,,浄化槽対策費,浄化槽対策事務費,会議、研修会出席者負担金,0,154
衛生費,清掃費,新環境クリ,需用費,,,,,0,2300
衛生費,清掃費,新環境クリ,需用費,修繕料,,,,0,2300
衛生費,環境対策費,環境政策費,使用料及び賃借料,,,,,0,24
衛生費,環境対策費,環境政策費,,,給与費,一般職　３４人,,0,286117
衛生費,環境対策費,環境政策費,,,給与費,パートタイム会計年度任用職員,（定数）,0,
衛生費,環境対策費,環境政策費,,,給与費,パートタイム会計年度任用職員,（定数外）,0,
衛生費,環境対策費,環境政策費,,,温暖化対策費,新エネルギー・省エネルギー普及事業費,省エネ診断士育成研修,0,
衛生費,環境対策費,環境政策費,,,地球環境問題啓発費,環境啓発事業費,ＥＶエコドライブ啓発イベント開催,0,
衛生費,環境対策費,環境政策費,,,地球環境問題啓発費,環境教育推進事業費,こどもゼロカーボンチャレンジ,0,
衛生費,環境対策費,環境政策費,,,プロジェクト,,,0,
衛生費,環境対策費,環境政策費,,,環境計画費,脱炭素促進事業費,会議、研修会出席者負担金,0,12
衛生費,環境対策費,環境保全費,報酬,,,,,0,2406
衛生費,環境対策費,環境保全費,職員手当等,,,,,0,588
衛生費,環境対策費,環境保全費,職員手当等,期末手当,,,,0,503
衛生費,環境対策費,環境保全費,職員手当等,勤勉手当,,,,0,85
衛生費,環境対策費,環境保全費,共済費,,,,,0,454
衛生費,環境対策費,環境保全費,工事請負費,,,,,0,7000
衛生費,環境対策費,環境保全費,,,給与費,,,0,3448
衛生費,環境対策費,環境保全費,,,給与費,パートタイム会計年度任用職員,,0,3448
衛生費,環境対策費,環境保全費,,,給与費,パートタイム会計年度任用職員,（定数外）,0,
衛生費,環境対策費,自然保護費,旅費,特別旅費,,,,0,22
衛生費,環境対策費,自然保護費,,,給与費,パートタイム会計年度任用職員,（定数）,0,
衛生費,環境対策費,公害病補償,負担金、補助及び交付金,,,,,0,6
衛生費,環境対策費,公害病補償,負担金、補助及び交付金,負担金,,,,0,6
衛生費,環境対策費,公害病補償,,,給与費,パートタイム会計年度任用職員,（定数外）,0,
衛生費,環境対策費,公害病補償,,,公害病補償給付費,公害病補償給付事務費,会議、研修会出席者負担金,0,6
衛生費,環境対策費,公害病補償,,,公害保健福祉対策費,予防接種費用助成費,インフルエンザ　　　　　　　 135人,0,
衛生費,環境対策費,公害病補償,,,公害保健福祉対策費,予防接種費用助成費,新型コロナ　　　 　　　　　　 53人,0,
衛生費,環境対策費,健康被害予,備品購入費,,,,,0,8
衛生費,環境対策費,健康被害予,,,健康被害予防費,機能訓練事業費,ぜん息児水泳教室　20回,0,
衛生費,環境対策費,健康被害予,,,健康被害予防費,機能訓練事業費,小児ぜん息・アレルギー講演会,0,
衛生費,環境対策費,健康被害予,,,健康被害予防費,機能訓練事業費,呼吸リハビリテーション講座,0,
衛生費,病院費,病院事業費,,,中央病院事業費,中央病院事業会計負担金等,医療器械整備等に係る負担金,0,182034
衛生費,病院費,病院事業費,,,中央病院事業費,中央病院事業会計負担金等,施設設備整備等に係る出資金,0,144625
労働費,労働費,労政費,,,給与費,ふじマイスター選定委員会委員　４人,,0,31
労働費,労働費,労政費,,,給与費,パートタイム会計年度任用職員,（定数外）,0,
労働費,労働費,労政費,,,労政対策費,労働啓発事業費,ワークライフバランスセミナー開催,0,
労働費,労働費,労政費,,,労政対策費,労働啓発事業費,働き方改革制度等整備セミナー開催,0,
労働費,労働費,労政費,,,労政対策費,労働啓発事業費,エシカル消費を学ぶ社会体験型,0,
労働費,労働費,労政費,,,労政対策費,労働啓発事業費,キッズジョブ2026開催負担金,0,2800
労働費,労働費,労政費,,,労政対策費,雇用実態調査事業費,,0,1760
労働費,労働費,労政費,,,労政対策費,雇用実態調査事業費,仕事と育児・介護の両立に向けた,0,
労働費,労働費,労政費,,,雇用対策費,就職支援事業費,はぐくむＦＵＪＩ応援！就職相談会開催,0,
労働費,労働費,労政費,,,雇用対策費,就職支援事業費,ＵＪＩターン応援！合同企業説明会開催,0,
労働費,労働費,労政費,,,雇用対策費,就職支援事業費,市内中小企業情報等パンフレット作成,0,
労働費,労働費,高齢者就業,,,（廃目）,,,0,
農林水産業費,農業費,農業委員会,,,給与費,農地利用最適化推進委員　２５人,,0,2800
農林水産業費,農業費,農業委員会,,,給与費,パートタイム会計年度任用職員,（定数）,0,
農林水産業費,農業費,農業委員会,,,農業委員会費,農地法調整事業費,富士地区農業委員会協議会負担金,0,206
農林水産業費,農業費,農業委員会,,,農業委員会費,農地法調整事業費,富士地区農業委員会職員協議会負担金,0,40
農林水産業費,農業費,農業総務費,,,給与費,鳥獣被害対策実施隊員　２４人,,0,576
農林水産業費,農業費,農業総務費,,,給与費,パートタイム会計年度任用職員,（定数）,0,
農林水産業費,農業費,農業振興費,,,給与費,パートタイム会計年度任用職員,（定数）,0,
農林水産業費,農業費,農業振興費,,,給与費,パートタイム会計年度任用職員,（定数外）,0,
農林水産業費,農業費,農業振興費,,,農業振興費,茶業推進事業費,輸出拡大生産体制強化支援事業費補助金,0,10339
農林水産業費,農業費,土地改良費,補償、補塡及び賠償金塡金,,,,,0,8120
農林水産業費,農業費,土地改良費,補償、補塡及び賠償金塡金,補償金及び補,,,,0,8120
農林水産業費,農業費,土地改良費,,,団体営土地改良費,農業基盤整備事業費（中川）,安全施設工　　　　　　　　Ｌ＝103ｍ,0,
農林水産業費,農業費,土地改良費,,,団体営土地改良費,農業基盤整備事業費（中川）,舗装工　　     　     　　Ａ＝487㎡,0,
農林水産業費,農業費,土地改良費,,,団体営土地改良費,水無し・十一ヶゴム堰整備事業費,水路調査設計,0,
農林水産業費,農業費,土地改良費,,,団体営土地改良費,ため池等整備事業費（原方池）,付替水路工　　　　　　　　 Ｌ＝80ｍ,0,
農林水産業費,農業費,土地改良費,,,団体営土地改良費,ため池等整備事業費（原方池）,上水道管移設補償,0,
農林水産業費,農業費,土地改良費,,,県営土地改良事業負担金,農業農村整備調査費,,0,7000
農林水産業費,農業費,土地改良費,,,県営土地改良事業負担金,農業農村整備調査費,除塵機基本設計（江尾南）　 50％負担,0,2000
農林水産業費,農業費,土地改良費,,,県営土地改良事業負担金,農業農村整備調査費,富士川用水利用調査　　　　 50％負担,0,5000
農林水産業費,農業費,農業施設管,役務費,,,,,0,1343
農林水産業費,農業費,農業施設管,役務費,通信運搬費,,,,0,1299
農林水産業費,農業費,農業施設管,役務費,手数料,,,,0,21
農林水産業費,農業費,農業施設管,役務費,保険料,,,,0,23
農林水産業費,農業費,農業施設管,,,農業施設管理費,農免富士川線落石防止柵設置事業費,法面保護工　　　　　　Ｌ＝19ｍ,0,
農林水産業費,農業費,農業施設管,,,農業施設管理費,農地浸水対策事業費,水路浚渫工,0,
農林水産業費,農業費,農業施設管,,,農業施設管理費,農地浸水対策事業費,道路嵩上工,0,
農林水産業費,農業費,農業施設管,,,農業施設管理費,前田送水管撤去事業費,,0,5000
農林水産業費,農業費,農業施設管,,,農業施設管理費,前田送水管撤去事業費,送水管充填　　　　　　Ｌ＝71ｍ,0,
農林水産業費,農業費,農業施設管,,,農業施設管理費,前田送水管撤去事業費,左岸橋台撤去,0,
農林水産業費,林業費,林業振興費,工事請負費,,,,,0,1192
農林水産業費,林業費,林業振興費,,,給与費,パートタイム会計年度任用職員,（定数）,0,
農林水産業費,林業費,林業振興費,,,林業振興費,森林被害木対策事業費,松くい虫被害木伐倒破砕　　　　 230㎥,0,
農林水産業費,林業費,林業振興費,,,林業振興費,森林被害木対策事業費,松くい被害木市民通報システム看板設置,0,
農林水産業費,林業費,林業振興費,,,林業振興費,造林育成事業費,森林保険料　　　　　　　　 　 7.43ha,0,
農林水産業費,林業費,林業振興費,,,林業振興費,林業振興事業費,造林事業補助金（間伐）　　　165.00ha,0,12375
農林水産業費,林業費,林業振興費,,,林業振興費,林業振興事業費,造林事業補助金（下刈）　 　 　2.55ha,0,46
農林水産業費,林業費,林業振興費,,,森林経営管理費,森林経営管理事業費,市制60周年記念,0,
農林水産業費,林業費,林業振興費,,,森林経営管理費,森林経営管理事業費,地域活性化起業人制度負担金,0,7000
農林水産業費,林業費,林業施設整,使用料及び賃借料,,,,,0,72
農林水産業費,林業費,林業施設整,備品購入費,,,,,0,100
農林水産業費,林業費,林業施設整,,,県単林道整備費,愛鷹線舗装事業費,舗装　　　　　　Ｌ＝550ｍ　Ｗ＝5.0ｍ,0,
農林水産業費,林業費,林業施設整,,,県単林道整備費,間門線舗装事業費,舗装　　　　　　Ｌ＝350ｍ　Ｗ＝4.0ｍ,0,
農林水産業費,林業費,林業施設整,,,県営林道整備事業負担金,吉津金丸線改良事業費,県営事業負担金　Ｌ＝77ｍ　　1／3負担,0,16210
農林水産業費,林業費,林業施設整,,,単独林道整備費,丸火公園線改良事業費,舗装　　　　　　Ｌ＝60ｍ　 Ｗ＝4.0ｍ,0,
商工費,商工費,産業政策総,,,給与費,一般職　４３人,,0,397569
商工費,商工費,産業政策総,,,給与費,パートタイム会計年度任用職員,（定数）,0,
商工費,商工費,産業政策推,繰出金,,,,,0,470000
商工費,商工費,産業政策推,,,産業政策推進費,企業立地推進事業費,ふじのくに交流会ＰＲブース出展,0,
商工費,商工費,産業政策推,,,工業団地整備費,,,0,470000
商工費,商工費,産業政策推,,,工業団地整備費,富士山フロント工業団地第３期整備事業特別会計繰出金,,0,
商工費,商工費,産業支援費,工事請負費,,,,,0,1500
商工費,商工費,産業支援費,,,給与費,パートタイム会計年度任用職員,（定数）,0,
商工費,商工費,産業支援費,,,産業支援推進費,地域産業支援センター事業費,事業承継アンケート調査,0,
商工費,商工費,産業支援費,,,産業支援推進費,ＤＸ・テレワーク推進事業費,魅力ある職場環境づくり支援補助金,0,8000
商工費,商工費,産業支援費,,,産業支援推進費,スタートアップ支援事業費,アントレプレナーシップ育成,0,
商工費,商工費,産業支援費,,,産業支援推進費,スタートアップ支援事業費,地方創生起業支援補助金,0,8000
商工費,商工費,工業振興費,,,工業振興費,地場産業振興事業費,ものづくり力交流フェア開催,0,
商工費,商工費,工業振興費,,,工業振興費,地場産業振興事業費,第三次工業振興ビジョン策定,0,
商工費,商工費,工業振興費,,,工業振興費,ＣＮＦ実用化推進事業費,ビジネスマッチング・国際展示会開催,0,
商工費,商工費,工業振興費,,,工業振興費,ＣＮＦ実用化推進事業費,新市場開拓勉強会開催,0,
商工費,商工費,商業振興費,工事請負費,,,,,0,126400
商工費,商工費,商業振興費,,,商業振興費,中心市街地活性化支援事業費,（商店街周辺シールラリー）,0,
商工費,商工費,商業振興費,,,産業交流展示場費,産業交流展示場管理事業費,屋上防水改修,0,
商工費,商工費,商業振興費,,,市場費,市場事業費,管理棟施設改修,0,
商工費,商工費,交流観光費,工事請負費,,,,,0,1200
商工費,商工費,交流観光費,,,給与費,パートタイム会計年度任用職員,（定数）,0,
商工費,商工費,交流観光費,,,給与費,パートタイム会計年度任用職員,（定数外）,0,
商工費,商工費,交流観光費,,,交流観光振興費,交流観光振興事業費,人流データ分析サービス運用,0,
商工費,商工費,交流観光費,,,交流観光振興費,交流観光振興事業費,地域周遊音声ガイドマップ更新,0,
商工費,商工費,交流観光費,,,交流観光振興費,交流観光振興事業費,観光基本計画拠点エリア調査,0,
商工費,商工費,交流観光費,,,交流観光振興費,交流観光振興事業費,超かぐや姫推進,0,
商工費,商工費,交流観光費,,,交流観光振興費,交流観光振興事業費,ＦＵＪＩ＆ＳＵＮ’26開催負担金,0,1600
商工費,商工費,交流観光費,,,交流観光振興費,交流観光振興事業費,地域活性化起業人制度負担金,0,9000
商工費,商工費,交流観光費,,,交流観光振興費,交流観光振興事業費,市制60周年記念,0,2438
商工費,商工費,交流観光費,,,観光推進費,歴史・自然活用事業費,富士川歴史街道活用事業,0,
商工費,商工費,交流観光費,,,富士山観光交流ビューロー費,富士山観光交流ビューロー助成費,富士山観光交流ビューロー事業,0,65573
商工費,商工費,交流観光費,,,富士山観光交流ビューロー費,富士山観光交流ビューロー助成費,富士山観光ビューローウェブサイト,0,2304
商工費,商工費,交流観光費,,,国際友好交流費,海外都市交流事業費,市制60周年記念,0,
商工費,商工費,交流観光費,,,国際友好交流費,海外都市交流事業費,サウジアラビア選手団事前合宿受入れ,0,
商工費,商工費,交流観光費,,,スポーツ交流事業費,スポーツ交流関連事業費,パラアスリート小中学校訪問授業,0,
商工費,商工費,交流観光費,,,スポーツ交流事業費,富士山女子駅伝事業費,大会啓発,0,
商工費,商工費,交流観光費,,,スポーツ交流事業費,自転車関連事業費,第二次自転車活用推進計画策定,0,
商工費,商工費,計量費,委託料,,,,,0,1572
商工費,商工費,計量費,使用料及び賃借料,,,,,0,107
商工費,商工費,富士川楽座,需用費,印刷製本費,,,,0,15
商工費,商工費,富士川楽座,工事請負費,,,,,0,45000
商工費,商工費,富士川楽座,,,富士川楽座施設管理費,富士川楽座施設管理事業費,体験館どんぶらリニューアル基本設計,0,
商工費,商工費,富士川楽座,,,富士川楽座施設管理費,富士川楽座施設管理事業費,"ふれあい広場舗装改修　 Ａ＝1,230㎡",0,
土木費,土木管理費,土木総務費,使用料及び賃借料,,,,,0,30
土木費,土木管理費,土木総務費,備品購入費,,,,,0,198
土木費,土木管理費,土木総務費,,,給与費,パートタイム会計年度任用職員,（定数）,0,
土木費,土木管理費,土木総務費,,,総務管理費,建設政策管理費,新東名高速道路建設促進期成同盟会,0,21
土木費,土木管理費,土木総務費,,,道路河川管理費,道路河川管理事業費,"道路河川占用許可　2,690件",0,
土木費,土木管理費,土木総務費,,,道路河川管理費,行政財産管理事業費,官民境界確定図等電子化業務,0,
土木費,土木管理費,土木総務費,,,道路河川管理費,行政財産管理事業費,国有普通財産払い下げ申請副申　 110件,0,
土木費,土木管理費,土木総務費,,,地籍調査事業費,地籍調査事業費,松岡３調査区　　　　 　0.08ｋ㎡,0,
土木費,土木管理費,土木総務費,,,地籍調査事業費,地籍調査事業費,松岡４調査区　　　　　 0.14ｋ㎡,0,
土木費,土木管理費,施設建築費,,,施設建築費,施設建築事業費,公共建築物工事等見積支援業務,0,
土木費,土木管理費,施設建築費,,,施設建築費,施設建築事業費,公共建築物照明設備ＬＥＤ化現況調査,0,
土木費,道路橋梁費,道路橋梁総,,,給与費,パートタイム会計年度任用職員　（道路維持）,（定数）,0,
土木費,道路橋梁費,道路維持費,備品購入費,,,,,0,3592
土木費,道路橋梁費,道路維持費,負担金、補助及び交付金,,,,,0,31326
土木費,道路橋梁費,道路維持費,負担金、補助及び交付金,負担金,,,,0,8
土木費,道路橋梁費,道路維持費,負担金、補助及び交付金,補助金,,,,0,31318
土木費,道路橋梁費,道路維持費,,,道路維持補修費,側溝等維持修繕事業費,伝法町地内道路側溝工事　　　　　　外7路線,0,
土木費,道路橋梁費,道路維持費,,,道路維持補修費,路肩改良事業費,古谿塘内線擁壁補修工事　　　　　　外1路線,0,
土木費,道路橋梁費,道路維持費,,,道路維持補修費,舗装補修事業費,臨港富士線舗装補修工事　　　　　 外14路線,0,
土木費,道路橋梁費,道路維持費,,,道路維持補修費,安全施設維持修繕事業費,中丸家体4号線転落防止柵設置工事,0,
土木費,道路橋梁費,道路維持費,,,交通安全施設維持修繕費,歩道等維持修繕事業費,歩道橋定期点検　ほか,0,
土木費,道路橋梁費,道路維持費,,,交通安全施設維持修繕費,道路照明灯維持修繕事業費,道路照明灯ＥＳＣＯ事業,0,
土木費,道路橋梁費,道路維持費,,,交通安全施設維持修繕費,道路照明灯維持修繕事業費,電気料、道路照明灯修繕　ほか,0,
土木費,道路橋梁費,道路維持費,,,交通安全施設維持修繕費,道路照明灯維持修繕事業費,道路照明灯ＥＳＣＯ事業補助金,0,31318
土木費,道路橋梁費,道路維持費,,,交通安全施設維持修繕費,駐輪場維持管理事業費,吉原駅北自転車駐車場修繕工事,0,
土木費,道路橋梁費,道路維持費,,,交通安全施設維持修繕費,駐輪場維持管理事業費,自転車駐車場利用状況調査,0,
土木費,道路橋梁費,道路維持費,,,交通安全施設維持修繕費,駐輪場維持管理事業費,防火管理講習負担金,0,8
土木費,道路橋梁費,幹線道路整,備品購入費,,,,,0,38
土木費,道路橋梁費,幹線道路整,,,歩道整備費,柚木道下２号線歩道設置事業費,歩道設置工　　　Ｌ＝115ｍ,0,
土木費,道路橋梁費,幹線道路整,,,歩道整備費,柚木道下２号線歩道設置事業費,補償一式,0,
土木費,道路橋梁費,幹線道路整,,,自転車通行空間整備費,自転車通行空間整備事業費,基本設計（五味島岩本線、中島林町線）,0,
土木費,道路橋梁費,幹線道路整,,,電線共同溝整備費,,,0,5500
土木費,道路橋梁費,幹線道路整,,,電線共同溝整備費,無電柱化推進事業費,,0,5500
土木費,道路橋梁費,幹線道路整,,,電線共同溝整備費,無電柱化推進事業費,無電柱化事業実施検討,0,
土木費,道路橋梁費,生活道路整,負担金、補助及び交付金,,,,,0,1000
土木費,道路橋梁費,生活道路整,負担金、補助及び交付金,補助金,,,,0,1000
土木費,道路橋梁費,生活道路整,,,主要生活道路整備費,中里大棚滝線改良事業費,落石防護柵工　　Ｌ＝20ｍ,0,
土木費,道路橋梁費,生活道路整,,,主要生活道路整備費,間門鵜無ケ淵線改良事業費,,0,10000
土木費,道路橋梁費,生活道路整,,,主要生活道路整備費,間門鵜無ケ淵線改良事業費,道路工　　　　　Ｌ＝15ｍ,0,
土木費,道路橋梁費,生活道路整,,,主要生活道路整備費,間門鵜無ケ淵線改良事業費,用地取得　　　　Ａ＝94㎡,0,
土木費,道路橋梁費,生活道路整,,,生活道路整備費,比奈西鴻ノ巣１号線改良事業費,側溝工　　　　　Ｌ＝38ｍ,0,
土木費,道路橋梁費,生活道路整,,,生活道路整備費,青葉台小学校南地区計画・地区施設整備事業費,道路工　　　　　Ｌ＝54ｍ,0,
土木費,道路橋梁費,生活道路整,,,生活道路整備費,青葉台小学校南地区計画・地区施設整備事業費,用地取得　　　　Ａ＝36㎡,0,
土木費,道路橋梁費,生活道路整,,,生活道路整備費,青葉台小学校南地区計画・地区施設整備事業費,道路拡幅整備助成金,0,1000
土木費,道路橋梁費,生活道路整,,,生活道路整備費,岩本山公園線改良事業費,歩道設置工　　　Ｌ＝47ｍ,0,
土木費,道路橋梁費,生活道路整,,,工業振興基盤整備費,五貫島上五貫島１号線改良事業費,道路工　　　　　Ｌ＝22ｍ,0,
土木費,道路橋梁費,橋梁維持費,,,給与費,パートタイム会計年度任用職員,（定数）,0,
土木費,道路橋梁費,橋梁維持費,,,橋梁維持補修費,橋梁長寿命化修繕事業費,地蔵橋9007修繕工事　　　外1件,0,
土木費,道路橋梁費,橋梁維持費,,,橋梁維持補修費,橋梁長寿命化修繕事業費,道路橋定期点検　　　　　Ｎ＝85橋,0,
土木費,道路橋梁費,橋梁維持費,,,橋梁維持補修費,橋梁長寿命化修繕事業費,補償一式,0,
土木費,道路橋梁費,橋梁維持費,,,橋梁維持補修費,橋梁長寿命化修繕事業費,石の宮橋修繕工事負担金,0,8000
土木費,道路橋梁費,橋梁維持費,,,橋梁耐震補強費,橋梁耐震補強事業費,潤井川大橋耐震補強工事,0,
土木費,道路橋梁費,橋梁維持費,,,橋梁耐震補強費,橋梁耐震補強事業費,花守橋耐震補強予備設計,0,
土木費,河川費,河川総務費,,,給与費,パートタイム会計年度任用職員,（定数）,0,
土木費,河川費,河川総務費,,,一般管理費,一般管理費,用水委員　25人,0,
土木費,河川費,河川総務費,,,一般管理費,一般管理費,富士海岸保全施設,0,150
土木費,河川費,河川総務費,,,河川愛護事業費,河川愛護推進事業費,河川愛護美化啓発イベント,0,
土木費,河川費,河川維持費,備品購入費,,,,,0,78
土木費,河川費,河川維持費,,,河川工作物維持補修費,河川工作物保守管理事業費,水門管理人　66人,0,
土木費,河川費,河川改良費,公有財産購入費,,,,,0,9300
土木費,河川費,河川改良費,,,河川改良費（国庫補助）,富士早川改修事業費,護岸工　　　　　　　　Ｌ＝40ｍ,0,
土木費,河川費,河川改良費,,,河川改良費（国庫補助）,富士早川改修事業費,管理道築造　　　　　　Ｌ＝40ｍ,0,
土木費,河川費,河川改良費,,,河川改良費（国庫補助）,富士早川改修事業費,橋梁予備設計　　　　　Ｎ＝1橋,0,
土木費,河川費,河川改良費,,,河川改良費（国庫補助）,下堀（下流部）改修事業費,右岸取合道路築造　　　Ｌ＝86ｍ,0,
土木費,河川費,河川改良費,,,河川改良費（国庫補助）,下堀（下流部）改修事業費,補償一式,0,
土木費,河川費,河川改良費,,,河川改良費（単独）,新堀（上流部）改修事業費,護岸工　　　　　　　　Ｌ＝40ｍ,0,
土木費,河川費,河川改良費,,,河川改良費（単独）,江尾江川流域治水対策事業費,水路工　　　　　　　　Ｌ＝60ｍ,0,
土木費,河川費,河川改良費,,,河川改良費（単独）,江尾江川流域治水対策事業費,地区内浚渫,0,
土木費,河川費,河川改良費,,,河川改良費（単独）,江尾江川流域治水対策事業費,"用地取得　　　　　　　Ａ＝6,160㎡",0,
土木費,河川費,河川改良費,,,河川改良費（単独）,総合治水計画推進事業費,千代田町浸水対策,0,
土木費,河川費,河川改良費,,,河川改良費（単独）,雨水貯留池整備事業費,丘小学校校庭貯留築造,0,
土木費,河川費,河川改良費,,,河川改良費（単独）,下堀（川成島地区）改修事業費,護岸工　　　　　　　　Ｌ＝80ｍ,0,
土木費,河川費,河川改良費,,,河川改良費（単独）,松岡地区水路改修事業費,,0,42900
土木費,河川費,河川改良費,,,河川改良費（単独）,松岡地区水路改修事業費,調整池施設計画検討,0,
土木費,河川費,河川改良費,,,河川改良費（単独）,松岡地区水路改修事業費,用地測量、鑑定評価,0,
土木費,河川費,河川改良費,,,工業振興基盤整備費,大野新田地区水路改修事業費,水路工　　　　　　　　Ｌ＝73ｍ,0,
土木費,河川費,河川改良費,,,工業振興基盤整備費,大野新田地区水路改修事業費,水路浚渫,0,
土木費,河川費,河川改良費,,,工業振興基盤整備費,大野新田地区水路改修事業費,水門設備改修　　　　　Ｎ＝1基,0,
土木費,河川費,河川改良費,,,工業振興基盤整備費,大野新田地区水路改修事業費,補償一式,0,
土木費,河川費,河川改良費,,,工業振興基盤整備費,沖田地区水路整備事業費,ポンプ場詳細設計,0,
土木費,河川費,河川改良費,,,工業振興基盤整備費,沖田地区水路整備事業費,北地区雨水管渠施設計画,0,
土木費,港湾費,港湾整備費,使用料及び賃借料,,,,,0,33
土木費,港湾費,港湾整備費,工事請負費,,,,,0,35000
土木費,港湾費,港湾整備費,,,港湾振興費,田子の浦港にぎわい推進事業費,市制60周年記念,0,
土木費,港湾費,港湾整備費,,,港湾振興費,田子の浦港にぎわい推進事業費,（仮称）富士のふもとの特撮博開催,0,
土木費,港湾費,港湾整備費,,,港湾振興費,田子の浦港にぎわい推進事業費,下水道受益者負担金,0,116
土木費,港湾費,港湾整備費,,,港湾整備促進費,田子の浦港整備県事業負担金,港湾改修（統合補助）事業　　1／3負担,0,11282
土木費,港湾費,港湾整備費,,,港湾整備促進費,田子の浦港整備県事業負担金,港湾メンテナンス（港湾施設）事業,0,27076
土木費,都市計画費,都市計画総,,,給与費,パートタイム会計年度任用職員,（定数）,0,
土木費,都市計画費,まちづくり,工事請負費,,,,,0,98000
土木費,都市計画費,まちづくり,,,まちづくり計画調査費,都市計画施設等整備促進調査事業費,本市場大渕線整備に伴う都市計画の変更,0,
土木費,都市計画費,まちづくり,,,まちづくり計画調査費,都市計画基本的諸調査事業費,岳南広域都市計画基礎調査,0,
土木費,都市計画費,まちづくり,,,都市交通推進費,公共交通振興事業費,地域公共交通計画改定,0,
土木費,都市計画費,まちづくり,,,都市交通推進費,公共交通振興事業費,市制60周年記念,0,
土木費,都市計画費,まちづくり,,,都市交通推進費,公共交通振興事業費,公共交通利用促進ワークショップ,0,
土木費,都市計画費,まちづくり,,,都市交通推進費,自主運行バス等運行事業費,自主運行バス等運行　　　　 18路線,0,
土木費,都市計画費,まちづくり,,,都市交通推進費,自主運行バス等運行事業費,蒲原病院線及び大北線代替バス実証運行,0,
土木費,都市計画費,まちづくり,,,都市交通推進費,自主運行バス等運行事業費,鷹岡地区コミュニティ交通実証運行,0,
土木費,都市計画費,まちづくり,,,都市交通推進費,バリアフリー基本構想推進事業費,富士川駅西口駅前広場,0,
土木費,都市計画費,まちづくり,,,都市交通推進費,ＭａａＳ・新交通システム推進事業費,自動運転バス走行ルート検証,0,
土木費,都市計画費,まちづくり,,,都市交通推進費,ＭａａＳ・新交通システム推進事業費,ＡＩオンデマンド交通システム,0,2564
土木費,都市計画費,街路事業費,,,給与費,パートタイム会計年度任用職員,（定数）,0,
土木費,都市計画費,街路事業費,,,主要幹線街路整備費,本市場大渕線（傘木上工区）整備事業費,街路築造工　　　　　　Ｌ＝170ｍ,0,
土木費,都市計画費,街路事業費,,,主要幹線街路整備費,本市場大渕線（傘木上工区）整備事業費,用地取得　補償一式,0,
土木費,都市計画費,街路事業費,,,主要幹線街路整備費,本市場大渕線（大渕上工区）整備事業費,用地取得　　　　　　　Ａ＝332㎡,0,
土木費,都市計画費,街路事業費,,,幹線街路整備費,五味島岩本線（四ツ家工区）整備事業費,側溝工　　　　　　　　Ｌ＝20ｍ,0,
土木費,都市計画費,街路事業費,,,幹線街路整備費,五味島岩本線（四ツ家工区）整備事業費,用地取得　　　　　　　Ａ＝57㎡　補償一式,0,
土木費,都市計画費,街路事業費,,,幹線街路整備費,左富士臨港線（青葉台東工区）整備事業費,街路築造工　　　　　　Ｌ＝105ｍ,0,
土木費,都市計画費,街路事業費,,,幹線街路整備費,左富士臨港線（青葉台東工区）整備事業費,補償一式,0,
土木費,都市計画費,街路事業費,,,幹線街路整備費,富士駅南口田子浦線整備事業費,用地取得　　　　　　　Ａ＝154㎡,0,
土木費,都市計画費,街路事業費,,,幹線街路整備費,富士駅南口田子浦線整備事業費,補償一式,0,
土木費,都市計画費,街路事業費,,,幹線街路整備費,五味島岩本線（四ツ家東工区）整備事業費,道路詳細設計,0,
土木費,都市計画費,街路事業費,,,幹線街路整備費,五味島岩本線（四ツ家東工区）整備事業費,物件調査,0,
土木費,都市計画費,街路事業費,,,幹線街路整備費,元吉原富士岡線整備事業費,街路築造工　　　　　　Ｌ＝70ｍ,0,
土木費,都市計画費,街路事業費,,,幹線街路整備費,元吉原富士岡線整備事業費,物件調査,0,
土木費,都市計画費,街路事業費,,,幹線街路整備費,元吉原富士岡線整備事業費,補償一式,0,
土木費,都市計画費,街路事業費,,,街路事業関連道路整備費,富士鷹岡線（川久保交差点）整備事業費,歩道工　　　　　　　　Ｌ＝18ｍ,0,
土木費,都市計画費,街路事業費,,,街路事業関連道路整備費,富士鷹岡線（川久保交差点）整備事業費,用地取得　　　　　　　Ａ＝4㎡,0,
土木費,都市計画費,街路事業費,,,街路事業関連道路整備費,本市場大渕線（香西新田工区）関連道路整備事業費,,0,
土木費,都市計画費,街路事業費,,,街路事業関連道路整備費,本市場大渕線（香西新田工区）関連道路整備事業費,道路工　　　　　　　　Ｌ＝100ｍ,0,
土木費,都市計画費,市街地整備,役務費,通信運搬費,,,,0,418
土木費,都市計画費,市街地整備,公有財産購入費,,,,,0,240422
土木費,都市計画費,市街地整備,,,給与費,一般職　１５人,,0,130179
土木費,都市計画費,市街地整備,,,給与費,パートタイム会計年度任用職員,（定数）,0,
土木費,都市計画費,市街地整備,,,給与費,富士駅北口駅前公益施設整備事業者選定委員会委員　１人,,0,
土木費,都市計画費,市街地整備,,,市街地整備費,まちなか拠点形成事業費,（仮称）吉原まちなか未来ビジョン策定　ほか,0,
土木費,都市計画費,市街地整備,,,土地区画整理費,,,0,19573
土木費,都市計画費,市街地整備,,,土地区画整理費,土地区画整理事業費,,0,19573
土木費,都市計画費,市街地整備,,,土地区画整理費,土地区画整理事業費,第二東名ＩＣ周辺地区土地区画整理事業に係る,0,
土木費,都市計画費,建築指導費,備品購入費,,,,,0,42
土木費,都市計画費,建築指導費,,,給与費,パートタイム会計年度任用職員,（定数）,0,
土木費,都市計画費,土地対策費,使用料及び賃借料,,,,,0,402
土木費,都市計画費,土地対策費,備品購入費,,,,,0,78
土木費,都市計画費,土地対策費,,,給与費,パートタイム会計年度任用職員,(定数),0,
土木費,公園費,公園整備費,,,都市基幹公園整備費,比奈公園整備事業費,修正実施設計,0,
土木費,公園費,公園整備費,,,住区基幹公園整備費,（仮称）新富士駅南地区街区公園整備事業費,広場・遊具施設整備工（１号公園）,0,
土木費,公園費,公園整備費,,,緑地・緑道整備費,富士川右岸緑地整備事業費,,0,420500
土木費,公園費,公園整備費,,,緑地・緑道整備費,富士川右岸緑地整備事業費,グラウンド施設整備工,0,
土木費,公園費,公園整備費,,,緑地・緑道整備費,富士川右岸緑地整備事業費,管理用通路橋点検、修繕設計,0,
土木費,公園費,公園整備費,,,特殊公園整備費,,,0,2700
土木費,公園費,公園整備費,,,特殊公園整備費,浮島沼つり場公園整備事業費,,0,2700
土木費,公園費,公園整備費,,,特殊公園整備費,浮島沼つり場公園整備事業費,井戸水源試掘工,0,
土木費,公園費,公園整備費,,,特殊公園整備費,浮島沼つり場公園整備事業費,水質・揚水量調査,0,
土木費,公園費,公園整備費,,,公園調査計画事業費,公園調査計画事業費,用地測量（大渕公園）　ほか,0,
土木費,公園費,公園整備費,,,公園整備事業事務費,公園整備事業事務費,会議、研修会出席者負担金,0,17
土木費,公園費,公園維持修,,,給与費,パートタイム会計年度任用職員,（定数）,0,
土木費,公園費,公園維持修,,,公園維持修繕費,公園等維持管理費,公園照明灯ＥＳＣＯ事業,0,
土木費,公園費,公園維持修,,,公園維持修繕費,公園等維持管理費,公園照明灯ＥＳＣＯ事業補助金,0,8500
土木費,公園費,公園維持修,,,公園維持修繕費,公園等修繕費,中央公園,0,
土木費,公園費,公園維持修,,,公園維持修繕費,公園等修繕費,（こどもの水遊び場整備、駐車場舗装改修）,0,
土木費,公園費,公園維持修,,,公園維持修繕費,街路樹等維持管理費,街路樹台帳作成,0,
土木費,公園費,公園維持修,,,公園維持修繕費,街路樹等維持管理費,（地理空間情報等更新包括業務）,0,
土木費,公園費,公園維持修,,,公園維持修繕費,公園施設長寿命化事業費,公園遊具更新（若松町公園ほか）,0,
土木費,公園費,公園維持修,,,公園愛護会費,公園愛護会費,公園愛護会活動報奨金（257か所）　ほか,0,
土木費,公園費,緑化推進費,需用費,修繕料,,,,0,150
土木費,公園費,緑化推進費,,,公園緑地政策推進費,,,0,16564
土木費,公園費,緑化推進費,,,公園緑地政策推進費,公園緑地政策推進事業費,,0,16564
土木費,公園費,緑化推進費,,,公園緑地政策推進費,公園緑地政策推進事業費,民間活力導入可能性調査,0,
土木費,公園費,緑化推進費,,,公園緑地政策推進費,公園緑地政策推進事業費,会議、研修会出席者負担金,0,11
土木費,住宅費,住宅管理費,補償、補塡及び賠償金塡金,,,,,0,3832
土木費,住宅費,住宅管理費,補償、補塡及び賠償金塡金,補償金及び補,,,,0,3832
土木費,住宅費,住宅管理費,,,給与費,一般職　１１人,,0,92129
土木費,住宅費,住宅管理費,,,市営住宅管理費,市営住宅施設管理事業費,第二次市営住宅長寿命化後期計画策定,0,
土木費,住宅費,住宅管理費,,,市営住宅管理費,市営住宅施設管理事業費,清水ヶ丘団地解体,0,
土木費,住宅費,住宅管理費,,,市営住宅管理費,市営住宅施設管理事業費,上堀団地外灯改修,0,
土木費,住宅費,住宅管理費,,,市営住宅管理費,市営住宅施設管理事業費,吉原団地子育て世帯用住戸改善,0,
土木費,住宅費,住宅管理費,,,市営住宅管理費,市営住宅施設管理事業費,富士見台団地Ｃ棟入居者移転補償,0,
土木費,住宅費,住宅政策費,需用費,印刷製本費,,,,0,840
土木費,住宅費,住宅政策費,,,給与費,パートタイム会計年度任用職員,（定数）,0,
土木費,住宅費,住宅政策費,,,住宅政策推進費,空家等対策推進事業費,第二次空家等対策計画策定,0,
消防費,消防費,常備消防費,,,給与費,一般職　３１８人,,0,2803519
消防費,消防費,常備消防費,,,給与費,パートタイム会計年度任用職員,（定数）,0,
消防費,消防費,常備消防費,,,消防管理費,消防車両・資機材管理事業費,消防車両維持管理　　車両43台,0,
消防費,消防費,常備消防費,,,消防管理費,消防庁舎管理事業費,警防本部整備事業,0,
消防費,消防費,常備消防費,,,救急活動費,救急活動費,救急資器材管理システム運用,0,
消防費,消防費,常備消防費,,,救急活動費,救急活動費,マイナ救急サービス使用料,0,
消防費,消防費,常備消防費,,,予防広報活動費,予防広報事業費,広報用備品,0,
消防費,消防費,常備消防費,,,富士市・富士宮市消防指令センター費,富士市・富士宮市消防指令センター運営事業費,高機能消防指令センター全部更新事業,0,
消防費,消防費,非常備消防,,,消防団管理費,消防団詰所管理事業費,消防団詰所屋上防水・外壁改修,0,
消防費,消防費,非常備消防,,,消防団活動費,消防団活動費,県操法大会出場,0,
消防費,消防費,消防施設費,,,消防施設整備費,消火栓整備事業費,消火栓維持管理負担金（緊急対応分）,0,250000
消防費,消防費,消防施設費,,,消防施設整備費,消防用資機材整備事業費,オゾン水生成機　　　　　　　　　1台,0,
消防費,消防費,消防施設費,,,消防施設整備費,消防用資機材整備事業費,高度救命訓練用人形　　　　　　　1体,0,
消防費,消防費,消防施設費,,,消防施設整備費,消防車両整備事業費,災害対応特殊救急自動車　　　　　1台,0,
消防費,消防費,消防施設費,,,消防施設整備費,消防車両整備事業費,水槽付消防ポンプ自動車　　　　　2台,0,
消防費,消防費,消防施設費,,,消防団施設整備費,消防団資機材整備事業費,可搬式消防ポンプ　　　　　　　　2台,0,
消防費,消防費,消防施設費,,,消防団施設整備費,消防団資機材整備事業費,発電機　　　　　　　　　　　　　3台,0,
消防費,消防費,消防施設費,,,消防団施設整備費,消防団車両整備事業費,多機能型消防自動車　　　　　　　1台,0,
消防費,消防費,水防費,,,給与費,水防団員　４６０人,,0,4431
消防費,消防費,水防費,,,水防対策費,洪水ハザードマップ作成事業費,,0,11000
消防費,消防費,水防費,,,水防対策費,洪水ハザードマップ作成事業費,赤淵川ハザードマップ作成,0,
消防費,消防費,防災費,需用費,医薬材料費,,,,0,881
消防費,消防費,防災費,積立金,,,,,0,1775
消防費,消防費,防災費,,,給与費,パートタイム会計年度任用職員,（定数）,0,
消防費,消防費,防災費,,,防災対策費,防災危機管理事務費,国民保護計画推進,0,
消防費,消防費,防災費,,,防災対策費,防災危機管理事務費,水害ハザードマップ整備,0,
消防費,消防費,防災費,,,防災対策費,防災危機管理事務費,災害対策本部室ＡＶ設備等更新,0,
消防費,消防費,防災費,,,防災対策費,防災危機管理事務費,災害時子育て支援体制強化,0,
消防費,消防費,防災費,,,防災対策費,防災危機管理事務費,被災者支援研修会開催,0,
消防費,消防費,防災費,,,防災対策費,防災危機管理事務費,4市協定連絡会負担金,0,10
消防費,消防費,防災費,,,防災対策費,防災啓発事業費,ふじBousai2026開催,0,
消防費,消防費,防災費,,,防災対策費,防災啓発事業費,トイレトレーラーけん引車　 1台,0,
消防費,消防費,防災費,,,防災対策費,備蓄資機材整備事業費,"備蓄用食料整備（58,050食）",0,
消防費,消防費,防災費,,,防災対策費,備蓄資機材整備事業費,子育て支援備蓄品整備,0,
消防費,消防費,防災費,,,防災対策費,自主防災組織育成事業費,自主防災組織器材購入費補助金,0,22498
消防費,消防費,防災費,,,防災・減災基金積立費,,,0,1775
消防費,消防費,防災費,,,防災・減災基金積立費,防災・減災基金積立事業費,,0,1775
消防費,消防費,防災費,,,防災・減災基金積立費,防災・減災基金積立事業費,防災・減災基金積立金,0,
教育費,教育総務費,教育委員会,需用費,印刷製本費,,,,0,700
教育費,教育総務費,教育委員会,役務費,,,,,0,280
教育費,教育総務費,教育委員会,役務費,通信運搬費,,,,0,280
教育費,教育総務費,教育委員会,負担金、補助及び交付金,補助金,,,,0,6950
教育費,教育総務費,教育委員会,,,給与費,中学校部活動地域展開協議会委員　６人,,0,180
教育費,教育総務費,教育委員会,,,給与費,教育振興基本計画策定委員会委員　９人,,0,276
教育費,教育総務費,教育委員会,,,給与費,小中学校再編計画等策定委員会委員　８人,,0,295
教育費,教育総務費,教育委員会,,,給与費,市立高等学校の在り方審議会委員　７人,,0,256
教育費,教育総務費,教育委員会,,,教育委員会費,教育委員会運営事業費,教育振興基本計画（後期）策定,0,
教育費,教育総務費,教育委員会,,,教育委員会費,教育委員会運営事業費,小中学校再編計画策定及び,0,
教育費,教育総務費,教育委員会,,,教育委員会費,教育委員会運営事業費,中学校部活動地域連携・地域展開推進,0,
教育費,教育総務費,教育委員会,,,教育委員会費,教育委員会運営事業費,市立高等学校の在り方検討,0,
教育費,教育総務費,教育委員会,,,教育委員会費,教育委員会運営事業費,子ども・若者海外留学支援補助金,0,6500
教育費,教育総務費,教育委員会,,,教育委員会費,教育委員会運営事業費,部活動地域展開指導者補助金,0,450
教育費,教育総務費,事務局費,,,給与費,一般職　５５人,,0,669906
教育費,教育総務費,事務局費,,,給与費,（定数）,,0,
教育費,教育総務費,事務局費,,,給与費,（定数）,事務補助　　　　　3人,0,
教育費,教育総務費,事務局費,,,給与費,（定数）,保健室サポート員　1人,0,
教育費,教育総務費,事務局費,,,管理事務局費,学校災害賠償補償事業費,"（小学校、中学校、高校　計18,519人）",0,
教育費,教育総務費,事務局費,,,学校事務局費,学校ＯＡ化推進事業費,中学校試験採点支援システム運用,0,
教育費,教育総務費,事務局費,,,教育振興助成費,学校区管理事業費,児童通学用車両運行（旧大淵第二小学校）,0,
教育費,教育総務費,学校教育指,,,給与費,パートタイム会計年度任用職員,（定数）,0,
教育費,教育総務費,学校教育指,,,給与費,パートタイム会計年度任用職員,（定数外）,0,
教育費,教育総務費,学校教育指,,,教育研究費,教育研究事業費,英語教育推進事業,0,
教育費,教育総務費,学校教育指,,,学習支援事業費,生き方支援事業費,放課後学習支援ボランティア,0,
教育費,教育総務費,学校教育指,,,学習支援事業費,体育支援事業費,,0,4233
教育費,教育総務費,学校教育指,,,学習支援事業費,体育支援事業費,水泳授業外部委託検証,0,
教育費,教育総務費,特別支援教,,,給与費,フルタイム会計年度任用職員　２人,特別支援専門相談員　1人,0,
教育費,教育総務費,特別支援教,,,給与費,フルタイム会計年度任用職員　２人,社会福祉総合相談員　1人,0,
教育費,教育総務費,特別支援教,,,給与費,パートタイム会計年度任用職員,（定数）,0,
教育費,教育総務費,特別支援教,,,給与費,パートタイム会計年度任用職員,（定数外）,0,
教育費,教育総務費,特別支援教,,,特別支援教育振興費,特別支援教育事業費,肢体不自由児宿泊行事サポート員同行費用負担金,0,
教育費,教育総務費,特別支援教,,,特別支援教育活動費,外国人児童生徒支援事業費,国際指導教室運営,0,
教育費,教育総務費,育英奨学費,,,育英奨学資金事業費,育英奨学資金事業費,育英奨学金　奨学生　　 106人,0,12780
教育費,小学校費,小学校管理,旅費,特別旅費,,,,0,12
教育費,小学校費,小学校管理,,,給与費,パートタイム会計年度任用職員,（定数）,0,
教育費,小学校費,小学校管理,,,小学校運営管理費,小学校運営管理事業費,卒業記念品、給食生ごみ処理、,0,
教育費,小学校費,小学校管理,,,小学校運営管理費,各小学校運営費,電話機器更新及び通話録音装置整備,0,
教育費,小学校費,小学校管理,,,小学校施設管理費,小学校施設管理事業費,屋外バリアフリートイレ整備（東小学校）,0,
教育費,小学校費,小学校管理,,,小学校施設管理費,小学校施設管理事業費,会議、研修会出席者負担金,0,16
教育費,小学校費,小学校管理,,,小学校施設管理費,小学校緊急補修事業費,バリアフリー改修,0,
教育費,小学校費,小学校管理,,,小学校施設管理費,小学校緊急補修事業費,低学年トイレ洋式化　ほか,0,
教育費,小学校費,小学校教育,,,給与費,パートタイム会計年度任用職員,（定数）,0,
教育費,小学校費,小学校教育,,,給与費,パートタイム会計年度任用職員,（定数外）,0,
教育費,小学校費,小学校教育,,,小学校教育振興費,小学校就学援助事業費,学用品費・給食費等の就学援助,0,
教育費,小学校費,小学校教育,,,小学校特別支援学級振興費,小学校特別支援学級就学奨励事業費,学用品費・修学旅行費等の就学奨励,0,
教育費,小学校費,小学校教育,,,小学校コミュニティスクール推進費,小学校学校運営協議会運営事業費,学校運営協議会　26校,0,
教育費,小学校費,小学校建設,,,小学校施設整備費,小学校屋内運動場リニューアル事業費,富士第二小学校、富士南小学校,0,
教育費,小学校費,小学校建設,,,小学校施設整備費,小学校長寿命化改修事業費,校舎屋上防水・外壁改修（今泉小学校）,0,
教育費,小学校費,小学校建設,,,小学校施設整備費,小学校長寿命化改修事業費,校舎外壁改修（富士第二小学校、鷹岡小学校）,0,
教育費,小学校費,小学校建設,,,小学校施設整備費,小学校長寿命化改修事業費,校舎内部改修,0,
教育費,小学校費,小学校建設,,,小学校施設整備費,(今泉小学校、神戸小学校、富士南小学校）,,0,
教育費,小学校費,小学校建設,,,小学校施設整備費,(今泉小学校、神戸小学校、富士南小学校）,校舎防火設備改修（今泉小学校、富士南小学校）,0,
教育費,小学校費,小学校建設,,,小学校施設整備費,(今泉小学校、神戸小学校、富士南小学校）,非常放送設備更新,0,
教育費,小学校費,小学校建設,,,小学校施設整備費,(元吉原小学校、大淵第一小学校、富士中央小学校、,,0,
教育費,小学校費,小学校建設,,,小学校施設整備費,(元吉原小学校、大淵第一小学校、富士中央小学校、,青葉台小学校）,0,
教育費,小学校費,小学校建設,,,小学校施設整備費,(元吉原小学校、大淵第一小学校、富士中央小学校、,給水管布設替え,0,
教育費,小学校費,小学校建設,,,小学校施設整備費,(元吉原小学校、大淵第一小学校、富士中央小学校、,（大淵第一小学校、富士第一小学校、広見小学校、,0,
教育費,小学校費,小学校建設,,,小学校施設整備費,(元吉原小学校、大淵第一小学校、富士中央小学校、,給食室空調設備設置（岩松北小学校）,0,
教育費,小学校費,小学校建設,,,小学校施設整備費,田子浦小学校校舎改築事業費,基本設計（設計・施工一括発注）,0,
教育費,中学校費,中学校管理,,,給与費,パートタイム会計年度任用職員,（定数）,0,
教育費,中学校費,中学校管理,,,中学校運営管理費,中学校運営管理事業費,卒業記念品、給食生ごみ処理、,0,
教育費,中学校費,中学校管理,,,中学校運営管理費,各中学校運営費,電話機器更新及び通話録音装置整備,0,
教育費,中学校費,中学校教育,,,給与費,パートタイム会計年度任用職員,（定数）,0,
教育費,中学校費,中学校教育,,,給与費,パートタイム会計年度任用職員,（定数外）,0,
教育費,中学校費,中学校教育,,,中学校教育振興費,中学校就学援助事業費,学用品費・給食費等の就学援助,0,
教育費,中学校費,中学校教育,,,中学校コミュニティスクール推進費,中学校学校運営協議会運営事業費,学校運営協議会　15校,0,
教育費,中学校費,中学校建設,役務費,,,,,0,6562
教育費,中学校費,中学校建設,役務費,手数料,,,,0,6562
教育費,中学校費,中学校建設,,,中学校施設整備費,中学校長寿命化改修事業費,校舎屋上防水・外壁改修（鷹岡中学校）,0,
教育費,中学校費,中学校建設,,,中学校施設整備費,中学校長寿命化改修事業費,校舎内部改修（吉原第一中学校）,0,
教育費,中学校費,中学校建設,,,中学校施設整備費,中学校長寿命化改修事業費,校舎防火設備改修（富士南中学校、鷹岡中学校）,0,
教育費,中学校費,中学校建設,,,中学校施設整備費,中学校長寿命化改修事業費,非常放送設備更新,0,
教育費,中学校費,中学校建設,,,中学校施設整備費,(岩松中学校、富士南中学校）,,0,
教育費,中学校費,中学校建設,,,中学校施設整備費,(岩松中学校、富士南中学校）,給水管布設替え,0,
教育費,中学校費,中学校建設,,,中学校施設整備費,(吉原第二中学校、富士南中学校）,,0,
教育費,中学校費,中学校建設,,,中学校施設整備費,(吉原第二中学校、富士南中学校）,給食室改修（富士中学校）,0,
教育費,中学校費,中学校建設,,,中学校施設整備費,(吉原第二中学校、富士南中学校）,給食室空調設備設置,0,
教育費,中学校費,中学校建設,,,中学校施設整備費,(吉原第一中学校、吉原第三中学校、富士中学校）,,0,
教育費,中学校費,中学校建設,,,中学校施設整備費,吉原第一中学校武道場建設事業費,南校舎解体,0,
教育費,中学校費,中学校建設,,,中学校施設整備費,吉原第一中学校武道場建設事業費,既存校舎棟改修　ほか,0,
教育費,高等学校費,高等学校総,,,給与費,一般職　７２人,,0,660662
教育費,高等学校費,高等学校総,,,給与費,パートタイム会計年度任用職員,（定数）,0,
教育費,高等学校費,高等学校総,,,給与費,パートタイム会計年度任用職員,（定数外）,0,
教育費,高等学校費,高等学校総,,,高等学校運営管理費,高等学校運営管理事業費,教職員勤怠管理システム導入,0,
教育費,高等学校費,高等学校総,,,高等学校運営管理費,高等学校運営管理事業費,入学者選抜ウェブ出願システム負担金,0,306
教育費,高等学校費,高等学校総,,,高等学校施設管理費,高等学校施設管理事業費,屋外運動場等コンクリート柱診断,0,
教育費,高等学校費,高等学校総,,,高等学校施設管理費,高等学校施設管理事業費,電話機器更新及び通話録音装置整備,0,
教育費,幼稚園費,幼稚園管理,,,給与費,嘱託医　１２人,,0,1526
教育費,幼稚園費,幼稚園管理,,,給与費,一般職　３５人,,0,249899
教育費,幼稚園費,幼稚園管理,,,給与費,パートタイム会計年度任用職員,（定数）,0,
教育費,幼稚園費,幼稚園管理,,,給与費,パートタイム会計年度任用職員,（定数外）,0,
教育費,幼稚園費,幼稚園管理,,,幼稚園運営管理費,幼稚園運営管理事業費,公立幼稚園　　　　　 4園,0,
教育費,幼稚園費,幼稚園管理,,,幼稚園運営管理費,幼稚園運営管理事業費,教育施設ＩＣＴシステム運用,0,
教育費,幼稚園費,幼稚園管理,,,幼稚園施設管理費,幼稚園維持補修事業費,空調設備改修（幼稚園3園）,0,
教育費,幼稚園費,幼稚園教育,需用費,印刷製本費,,,,0,66
教育費,幼稚園費,幼稚園教育,,,幼稚園教育振興費,幼稚園教育研究事業費,保育研修会開催　ほか,0,
教育費,幼稚園費,幼稚園教育,,,幼稚園教育振興費,特別支援教育事業費,ことばの教室運営　　9教室,0,
教育費,幼稚園費,幼稚園教育,,,幼稚園教育振興費,特別支援教育事業費,会議、研修会出席者負担金,0,18
教育費,幼稚園費,幼稚園教育,,,オンライン研修事業,給付費等請求管理システム運用,,0,
教育費,社会教育費,社会教育総,,,給与費,一般職　２０人,,0,155998
教育費,社会教育費,社会教育総,,,給与費,パートタイム会計年度任用職員,（定数）,0,
教育費,社会教育費,社会教育総,,,市民大学事業費,市民大学前期ミニカレッジ事業費,講座　 5科目 3～9回,0,
教育費,社会教育費,生涯学習費,旅費,普通旅費,,,,0,1
教育費,社会教育費,生涯学習費,使用料及び賃借料,,,,,0,2
教育費,社会教育費,生涯学習費,,,給与費,パートタイム会計年度任用職員,（定数）,0,
教育費,社会教育費,生涯学習費,,,地区生涯学習費,地区生涯学習活動推進事業費,まちづくりセンター講座事業　　　計277講座,0,
教育費,社会教育費,青少年教育,,,給与費,パートタイム会計年度任用職員,（定数）,0,
教育費,社会教育費,青少年教育,,,１８・２０歳記念事業費,１８・２０歳記念事業費,令和9年　はたちの記念式典,0,
教育費,社会教育費,青少年教育,,,雫石町少年交流事業費,雫石町少年交流事業費,雫石町を訪問,0,
教育費,社会教育費,青少年教育,,,青少年体験交流事業費,青少年体験交流事業費,期　間　令和8年8月9日～8月12日,0,
教育費,社会教育費,青少年教育,,,青少年活動助成費,青少年団体助成費,日本ジャンボリー派遣活動事業補助金,0,225
教育費,社会教育費,青少年教育,,,青少年教育センター事業費,青年教養講座事業費,教養講座　33講座,0,
教育費,社会教育費,青少年教育,,,青少年教育センター事業費,青年教養講座事業費,体験型婚活事業開催,0,
教育費,社会教育費,青少年対策,,,給与費,パートタイム会計年度任用職員,（定数）,0,
教育費,社会教育費,青少年対策,,,給与費,パートタイム会計年度任用職員,（定数外）,0,
教育費,社会教育費,青少年対策,,,青少年対策事業費,青少年相談事業費,来所・電話相談,0,
教育費,社会教育費,青少年対策,,,青少年対策事業費,青少年相談事業費,臨床心理士来所相談　ほか,0,
教育費,社会教育費,青少年対策,,,青少年非行防止事業費,青少年指導委員活動事業費,青少年指導委員　26地区　120人,0,
教育費,社会教育費,文化振興費,備品購入費,,,,,0,195
教育費,社会教育費,文化振興費,,,給与費,一般職　１２人,,0,114984
教育費,社会教育費,文化振興費,,,給与費,パートタイム会計年度任用職員,（定数）,0,
教育費,社会教育費,文化振興費,,,文化振興事業費,市民芸術文化振興事業費,第58回　市総合文化祭開催,0,
教育費,社会教育費,文化振興費,,,文化振興事業費,市民芸術文化振興事業費,市制60周年記念,0,
教育費,社会教育費,文化振興費,,,文化振興事業費,市民芸術文化振興事業費,市制60周年記念文化振興事業費補助金,0,15000
教育費,社会教育費,文化振興費,,,文化振興事業費,市民文芸事業費,ふじ市民文芸第63号発刊、入賞者表彰,0,
教育費,社会教育費,文化振興費,,,文化振興事業費,紙のアートミュージアム事業費,,0,17714
教育費,社会教育費,文化振興費,,,文化振興事業費,紙のアートミュージアム事業費,運営委託,0,
教育費,社会教育費,文化振興費,,,文化振興事業費,紙のアートミュージアム事業費,第18回　紙のアートフェスティバル開催,0,
教育費,社会教育費,文化振興費,,,文化振興事業費,紙のアートミュージアム事業費,ワークショップ開催,0,
教育費,社会教育費,文化振興費,,,文化振興事業費,紙のアートミュージアム事業費,市制60周年記念,0,
教育費,社会教育費,文化会館費,,,文化会館管理費,文化会館施設管理事業費,個別施設計画策定,0,
教育費,社会教育費,文化会館費,,,文化会館管理費,文化会館施設管理事業費,衛生配管劣化診断調査,0,
教育費,社会教育費,文化財保護,需用費,燃料費,,,,0,9
教育費,社会教育費,文化財保護,,,給与費,パートタイム会計年度任用職員,,0,4340
教育費,社会教育費,文化財保護,,,給与費,パートタイム会計年度任用職員,（定数外）,0,
教育費,社会教育費,文化財保護,,,文化財保護管理費,文化財保護管理事業費,旧女性活動センター不動産鑑定　ほか,0,
教育費,社会教育費,文化財保護,,,文化財保護事業費,文化財保護啓発事業費,しずおか遺産啓発事業,0,
教育費,社会教育費,文化財保護,,,文化財保護事業費,ふるさと芸能祭事業費,第40回ふるさと芸能祭開催,0,
教育費,社会教育費,文化財保護,,,文化財保護事業費,文化財整備活用事業費,旧順天堂田中歯科医院移築復原,0,
教育費,社会教育費,文化財保護,,,文化財保護事業費,文化財整備活用事業費,全国史跡整備市町村協議会負担金,0,40
教育費,社会教育費,文化財発掘,,,給与費,パートタイム会計年度任用職員,（定数）,0,
教育費,社会教育費,文化財発掘,,,給与費,パートタイム会計年度任用職員,（定数外）,0,
教育費,社会教育費,文化財発掘,,,埋蔵文化財整理費,埋蔵文化財報告書作成事業費,令和7年度発掘調査報告書作成,0,
教育費,社会教育費,文化財発掘,,,埋蔵文化財整理費,埋蔵文化財報告書作成事業費,千人塚古墳調査報告書作成,0,
教育費,社会教育費,博物館費,,,給与費,パートタイム会計年度任用職員,（定数）,0,
教育費,社会教育費,博物館費,,,給与費,パートタイム会計年度任用職員,（定数外）,0,
教育費,社会教育費,博物館費,,,博物館管理費,博物館施設管理事業費,樋代官長屋門屋根修繕,0,
教育費,社会教育費,博物館費,,,博物館事業費,企画展事業費,市制60周年＆リニューアル10周年記念展開催,0,
教育費,社会教育費,博物館費,,,博物館調査費,資料購入事業費,広見公園内指定文化財銅版画作成,0,
教育費,社会教育費,図書館費,,,給与費,パートタイム会計年度任用職員,（定数）,0,
教育費,社会教育費,図書館費,,,給与費,パートタイム会計年度任用職員,（定数外）,0,
教育費,社会教育費,図書館費,,,図書館政策推進事業費,子ども読書活動推進事業費,ブックスタートふじ、セカンドブックふじ,0,
教育費,社会教育費,図書館費,,,図書館利用促進事業費,図書館講座事業費,図書館講演会、読書感想文講座開催　ほか,0,
教育費,社会教育費,図書館費,,,中央図書館管理費,中央図書館施設管理事業費,本館外壁等改修,0,
教育費,社会教育費,図書館費,,,中央図書館管理費,中央図書館施設管理事業費,本館１階トイレ洋式化　ほか,0,
教育費,社会教育費,図書館費,,,西図書館管理費,西図書館運営管理事業費,公衆無線ＬＡＮ整備,0,
教育費,社会教育費,図書館費,,,資料購入事業費,中央図書館資料購入事業費,"開架室用図書　9,490冊、新聞・雑誌",0,
教育費,社会教育費,図書館費,,,資料購入事業費,中央図書館資料購入事業費,電子書籍ライセンス　594点,0,
教育費,社会教育費,図書館費,,,資料購入事業費,中央図書館資料購入事業費,ＡＶ資料等（ＣＤ・ＤＶＤ）305点,0,
教育費,社会教育費,図書館費,,,資料購入事業費,中央図書館資料購入事業費,協力貸出用　322冊,0,
教育費,社会教育費,図書館費,,,資料購入事業費,西図書館資料購入事業費,"一般・児童図書　2,922冊、新聞・雑誌",0,
教育費,社会教育費,図書館費,,,資料購入事業費,東図書館資料購入事業費,"一般・児童図書　1,691冊、新聞・雑誌",0,
教育費,社会教育費,図書館費,,,資料購入事業費,富士文庫資料購入事業費,"一般・児童図書　1,989冊、新聞・雑誌",0,
教育費,社会教育費,図書館費,,,資料購入事業費,今泉分室資料購入事業費,"一般・児童図書　1,513冊、新聞・雑誌",0,
教育費,社会教育費,図書館費,,,資料購入事業費,田子浦分室資料購入事業費,"一般・児童図書　1,629冊、新聞・雑誌",0,
教育費,社会教育費,図書館費,,,資料購入事業費,大淵分室資料購入事業費,"一般・児童図書　1,455冊、新聞・雑誌",0,
教育費,社会教育費,図書館費,,,資料購入事業費,富士川分室資料購入事業費,"一般・児童図書・郷土資料　1,273冊、",0,
教育費,社会教育費,図書館費,,,資料購入事業費,館外資料購入事業費,"一般・児童図書　1,629冊、雑誌",0,
教育費,体育保健費,体育振興費,,,体育振興事業費,指導者養成事業費,ニュースポーツ指導者講習会開催　ほか,0,
教育費,体育保健費,体育振興費,,,体育振興事業費,普及啓発事業費,一万歩コース看板設置（富士見台）,0,
教育費,体育保健費,体育施設費,役務費,通信運搬費,,,,0,237
教育費,体育保健費,体育施設費,,,体育施設管理費,体育施設管理事業費,砂山公園プール維持管理,0,
教育費,体育保健費,体育施設費,,,体育施設管理費,体育施設管理事業費,運動施設個別施設計画策定,0,
教育費,体育保健費,体育施設費,,,体育施設管理費,体育施設備品整備事業費,富士体育館・富士川体育館,0,
教育費,体育保健費,体育施設費,,,体育施設管理費,体育施設緊急補修事業費,弓道場トイレ改修,0,
教育費,体育保健費,体育施設費,,,体育施設管理費,体育施設緊急補修事業費,富士体育館剣道場・柔道場空調設備設置,0,
教育費,体育保健費,体育施設費,,,体育施設管理費,体育施設緊急補修事業費,富士川体育館特定天井落下防止対策,0,
教育費,体育保健費,体育施設費,,,体育施設管理費,体育施設緊急補修事業費,富士川左岸緑地サッカー場整備,0,
教育費,体育保健費,体育施設費,,,体育施設管理費,体育施設緊急補修事業費,厚原スポーツ公園サッカー場,0,
教育費,体育保健費,体育施設費,,,体育施設整備費,砂山公園プール改修事業費,修繕範囲調査・修繕方策検討,0,
教育費,体育保健費,体育施設費,,,体育施設整備費,砂山公園プール改修事業費,安全対策工事,0,
教育費,体育保健費,保健費,旅費,特別旅費,,,,0,33
教育費,体育保健費,保健費,,,給与費,学校医　１４４人,,0,40652
教育費,体育保健費,保健費,,,給与費,学校医　１４４人,内科医57人、眼科医12人、耳鼻科医7人、,0,
教育費,体育保健費,保健費,,,給与費,学校医　１４４人,歯科医68人,0,
教育費,体育保健費,学校給食費,,,給与費,一般職　８４人,,0,627196
教育費,体育保健費,学校給食費,,,給与費,パートタイム会計年度任用職員,（定数）,0,
教育費,体育保健費,学校給食費,,,給与費,パートタイム会計年度任用職員,（定数外）,0,
災害復旧費,農林水産業施設災害復旧費,林業施設災,,,林業施設災害復旧事業費,補助災害復旧事業費,林道中里線（沢山橋）復旧事業,0,
